,0,1
0,1/12/2003,100
1,2/12/2003,99.65922635
2,3/12/2003,99.740177
3,4/12/2003,100.0431567
4,5/12/2003,99.58880433
5,8/12/2003,99.63235854
6,9/12/2003,99.42803393
7,10/12/2003,99.64228243
8,11/12/2003,99.47410127
9,12/12/2003,99.51489972
10,15/12/2003,99.51196975
11,16/12/2003,99.6208326
12,17/12/2003,99.27116737
13,18/12/2003,99.34320096
14,19/12/2003,99.27964247
15,22/12/2003,99.29661667
16,23/12/2003,99.2946712
17,24/12/2003,99.09317103
18,25/12/2003,99.17949425
19,26/12/2003,99.31246195
20,29/12/2003,99.22024815
21,30/12/2003,99.01376829
22,31/12/2003,99.10247311
23,1/1/2004,99.04294745
24,2/1/2004,98.84959435
25,5/1/2004,98.6936461
26,6/1/2004,98.59724662
27,7/1/2004,98.85308904
28,8/1/2004,98.53769182
29,9/1/2004,98.36177439
30,12/1/2004,98.65509893
31,13/1/2004,98.3925853
32,14/1/2004,98.79623557
33,15/1/2004,98.83246947
34,16/1/2004,99.2405471
35,19/1/2004,99.01194496
36,20/1/2004,98.38217699
37,21/1/2004,98.74716225
38,22/1/2004,98.77913352
39,23/1/2004,99.08045687
40,26/1/2004,99.24157713
41,27/1/2004,98.88438423
42,28/1/2004,99.36529644
43,29/1/2004,99.17105513
44,30/1/2004,99.52006215
45,2/2/2004,99.54657441
46,3/2/2004,99.33923486
47,4/2/2004,99.2785503
48,5/2/2004,99.25440015
49,6/2/2004,99.27776931
50,9/2/2004,99.39430271
51,10/2/2004,99.81161243
52,11/2/2004,99.7298057
53,12/2/2004,99.43480943
54,13/2/2004,99.58282139
55,16/2/2004,99.56926949
56,17/2/2004,99.28174541
57,18/2/2004,99.58988219
58,19/2/2004,99.30192338
59,20/2/2004,99.49704021
60,23/2/2004,99.41163264
61,24/2/2004,99.39110967
62,25/2/2004,99.66376855
63,26/2/2004,99.4587124
64,27/2/2004,99.266398
65,1/3/2004,99.25078442
66,2/3/2004,99.74490423
67,3/3/2004,99.72866557
68,4/3/2004,99.42844113
69,5/3/2004,99.28457736
70,8/3/2004,99.46120709
71,9/3/2004,99.59694395
72,10/3/2004,99.59834335
73,11/3/2004,99.50181361
74,12/3/2004,99.6950147
75,15/3/2004,99.75563663
76,16/3/2004,99.93453616
77,17/3/2004,100.1485005
78,18/3/2004,100.0661162
79,19/3/2004,100.0695446
80,22/3/2004,100.112784
81,23/3/2004,100.1715096
82,24/3/2004,100.5456766
83,25/3/2004,100.7654051
84,26/3/2004,100.6396361
85,28/3/2004,100.5908738
86,29/3/2004,100.8327431
87,30/3/2004,100.7383758
88,31/3/2004,100.709046
89,1/4/2004,101.269998
90,4/4/2004,101.3175065
91,5/4/2004,100.9105642
92,6/4/2004,101.1924539
93,7/4/2004,101.4764124
94,8/4/2004,101.4416057
95,11/4/2004,101.3327814
96,12/4/2004,102.6261678
97,13/4/2004,102.2185147
98,14/4/2004,102.0945913
99,15/4/2004,102.0871288
100,18/4/2004,101.8091216
101,19/4/2004,102.075905
102,20/4/2004,102.0923689
103,21/4/2004,101.4444803
104,22/4/2004,101.6084002
105,25/4/2004,101.3267572
106,26/4/2004,101.3689682
107,27/4/2004,101.6280062
108,28/4/2004,101.2105419
109,29/4/2004,101.1967389
110,2/5/2004,101.2138984
111,3/5/2004,101.1906524
112,4/5/2004,101.3622178
113,5/5/2004,101.5395112
114,6/5/2004,101.7538411
115,9/5/2004,100.8993827
116,10/5/2004,100.9862771
117,11/5/2004,101.0027514
118,12/5/2004,101.0273521
119,13/5/2004,100.7443235
120,16/5/2004,100.2699533
121,17/5/2004,100.5783062
122,18/5/2004,100.7706921
123,19/5/2004,100.830839
124,20/5/2004,100.7928242
125,23/5/2004,100.922186
126,24/5/2004,100.415609
127,25/5/2004,100.5438483
128,26/5/2004,100.6115949
129,27/5/2004,100.7131332
130,30/5/2004,101.0196832
131,31/5/2004,100.3823582
132,1/6/2004,100.467151
133,2/6/2004,100.2795313
134,3/6/2004,100.0527046
135,6/6/2004,100.1904593
136,7/6/2004,100.0024687
137,8/6/2004,100.4005479
138,9/6/2004,100.1772599
139,10/6/2004,100.3894662
140,13/6/2004,100.213387
141,14/6/2004,100.283149
142,15/6/2004,100.3103953
143,16/6/2004,100.1798123
144,17/6/2004,99.89249767
145,20/6/2004,99.7753092
146,21/6/2004,99.74171077
147,22/6/2004,99.76795505
148,23/6/2004,99.86381269
149,24/6/2004,100.19089
150,27/6/2004,100.0008407
151,28/6/2004,99.96397326
152,29/6/2004,99.45645635
153,30/6/2004,99.81344254
154,1/7/2004,99.43062204
155,4/7/2004,99.34655233
156,5/7/2004,99.39284449
157,6/7/2004,99.24734655
158,7/7/2004,99.5821205
159,8/7/2004,99.50596192
160,11/7/2004,99.9412162
161,12/7/2004,100.0550398
162,14/7/2004,99.77904819
163,15/7/2004,99.3659441
164,18/7/2004,99.69601684
165,19/7/2004,99.7632223
166,20/7/2004,99.64758765
167,21/7/2004,99.59171484
168,22/7/2004,99.93391008
169,25/7/2004,99.66806877
170,26/7/2004,99.84796197
171,27/7/2004,99.82321653
172,28/7/2004,100.0273989
173,29/7/2004,100.2830711
174,1/8/2004,100.4150047
175,2/8/2004,100.0849773
176,3/8/2004,99.99563344
177,4/8/2004,100.1531679
178,5/8/2004,99.58188094
179,8/8/2004,99.69493864
180,9/8/2004,100.1110093
181,10/8/2004,100.1085483
182,11/8/2004,99.94728788
183,12/8/2004,99.46124877
184,15/8/2004,99.49555424
185,16/8/2004,99.56602683
186,17/8/2004,99.50203428
187,18/8/2004,99.61724768
188,19/8/2004,99.78373377
189,22/8/2004,100.2440907
190,23/8/2004,100.3066696
191,24/8/2004,100.3804161
192,25/8/2004,100.1871007
193,26/8/2004,100.4815708
194,29/8/2004,100.3797389
195,30/8/2004,100.0827623
196,31/8/2004,100.2807675
197,1/9/2004,100.5806591
198,2/9/2004,100.8748258
199,5/9/2004,100.8353565
200,6/9/2004,100.9492836
201,7/9/2004,100.8224361
202,8/9/2004,100.567789
203,9/9/2004,100.5529976
204,12/9/2004,100.6731883
205,13/9/2004,100.9516862
206,14/9/2004,101.2630005
207,15/9/2004,101.2533366
208,16/9/2004,101.1059574
209,19/9/2004,101.2822824
210,20/9/2004,100.8351216
211,21/9/2004,100.7877238
212,22/9/2004,100.8388006
213,23/9/2004,100.9440433
214,26/9/2004,100.8112277
215,27/9/2004,100.5758687
216,28/9/2004,100.8199958
217,29/9/2004,100.7711629
218,30/9/2004,101.0354978
219,3/10/2004,101.1474267
220,4/10/2004,101.0823879
221,5/10/2004,100.9914187
222,6/10/2004,101.0083905
223,7/10/2004,100.9742025
224,10/10/2004,100.9671623
225,11/10/2004,100.9867151
226,12/10/2004,100.9508811
227,13/10/2004,100.9003197
228,14/10/2004,100.9115222
229,17/10/2004,100.8138367
230,18/10/2004,100.9517559
231,19/10/2004,100.7607193
232,20/10/2004,100.5435054
233,21/10/2004,100.6930088
234,24/10/2004,100.373172
235,25/10/2004,100.4871234
236,26/10/2004,100.5901118
237,28/10/2004,100.2975215
238,1/11/2004,100.2982766
239,2/11/2004,100.3940501
240,3/11/2004,100.1072924
241,4/11/2004,100.5922372
242,5/11/2004,100.205851
243,8/11/2004,100.515023
244,9/11/2004,100.4831294
245,10/11/2004,100.3841874
246,11/11/2004,100.4056157
247,12/11/2004,100.2381439
248,15/11/2004,100.4345771
249,16/11/2004,100.4056361
250,17/11/2004,100.2842205
251,18/11/2004,100.1363468
252,19/11/2004,100.1871764
253,22/11/2004,100.1760515
254,23/11/2004,100.2242403
255,24/11/2004,99.94440725
256,25/11/2004,99.78843601
257,26/11/2004,99.89810969
258,29/11/2004,99.84912431
259,30/11/2004,99.81276958
260,1/12/2004,99.90881909
261,2/12/2004,99.82429108
262,3/12/2004,99.34859699
263,6/12/2004,99.46058349
264,7/12/2004,99.53737752
265,8/12/2004,99.38473708
266,9/12/2004,99.5031465
267,10/12/2004,99.44300737
268,13/12/2004,99.56476014
269,14/12/2004,99.52405096
270,15/12/2004,99.60386778
271,16/12/2004,99.65084052
272,17/12/2004,99.53089832
273,20/12/2004,99.51912613
274,21/12/2004,99.62992755
275,22/12/2004,99.70275229
276,23/12/2004,99.48110857
277,24/12/2004,99.23212373
278,27/12/2004,99.05038355
279,28/12/2004,99.28063317
280,29/12/2004,99.1438924
281,30/12/2004,99.06110972
282,31/12/2004,99.45243881
283,3/1/2005,99.37685618
284,4/1/2005,99.52441848
285,5/1/2005,99.70227893
286,6/1/2005,99.87796865
287,7/1/2005,100.2405109
288,10/1/2005,100.2775587
289,11/1/2005,100.4105338
290,12/1/2005,100.1227597
291,13/1/2005,100.4750115
292,14/1/2005,100.2579487
293,17/1/2005,100.6517746
294,18/1/2005,100.7739419
295,19/1/2005,100.9707886
296,20/1/2005,100.8212034
297,21/1/2005,100.8555731
298,24/1/2005,100.8461681
299,25/1/2005,100.8340491
300,26/1/2005,100.8293825
301,27/1/2005,100.9531748
302,28/1/2005,100.8022942
303,31/1/2005,100.7272441
304,1/2/2005,100.6120884
305,2/2/2005,100.7875126
306,3/2/2005,100.9308694
307,4/2/2005,101.3981079
308,7/2/2005,101.3080405
309,8/2/2005,101.1279511
310,9/2/2005,101.0038738
311,10/2/2005,100.5766481
312,11/2/2005,100.6985181
313,14/2/2005,100.781463
314,15/2/2005,100.730544
315,16/2/2005,100.5513103
316,17/2/2005,100.5371421
317,18/2/2005,100.6346754
318,21/2/2005,100.7406211
319,22/2/2005,100.6427729
320,23/2/2005,100.8019128
321,24/2/2005,100.7275287
322,25/2/2005,100.5581676
323,28/2/2005,100.9257074
324,1/3/2005,101.0494661
325,2/3/2005,101.0578698
326,3/3/2005,100.9794322
327,4/3/2005,100.5668449
328,7/3/2005,100.8875702
329,8/3/2005,100.6604065
330,9/3/2005,100.6148019
331,10/3/2005,100.4415516
332,11/3/2005,100.4143397
333,14/3/2005,100.5844836
334,15/3/2005,100.7017802
335,16/3/2005,100.5492287
336,17/3/2005,100.4774908
337,18/3/2005,100.6144524
338,21/3/2005,100.8849654
339,22/3/2005,100.5744435
340,23/3/2005,100.8085428
341,24/3/2005,100.8725031
342,27/3/2005,101.1663538
343,28/3/2005,100.5911727
344,29/3/2005,100.6477473
345,30/3/2005,100.4550907
346,31/3/2005,100.2085933
347,3/4/2005,100.1213343
348,4/4/2005,100.2924954
349,5/4/2005,100.3485675
350,6/4/2005,100.4505882
351,7/4/2005,100.4293187
352,10/4/2005,100.5399136
353,11/4/2005,100.9192534
354,12/4/2005,101.0002972
355,13/4/2005,100.795827
356,14/4/2005,100.5133258
357,17/4/2005,100.3181391
358,18/4/2005,100.3425768
359,19/4/2005,100.3371207
360,20/4/2005,100.3988156
361,21/4/2005,100.2697409
362,24/4/2005,100.4708054
363,25/4/2005,100.5365516
364,26/4/2005,100.7261117
365,27/4/2005,100.8206029
366,28/4/2005,101.2413824
367,1/5/2005,101.4357764
368,2/5/2005,101.1439063
369,3/5/2005,101.1301576
370,4/5/2005,101.0292078
371,5/5/2005,101.1824075
372,8/5/2005,101.02081
373,9/5/2005,100.9138802
374,10/5/2005,101.0496902
375,11/5/2005,101.0052297
376,12/5/2005,101.1925315
377,15/5/2005,101.2560523
378,16/5/2005,101.3002341
379,17/5/2005,101.3514656
380,18/5/2005,101.2761165
381,19/5/2005,101.1585271
382,22/5/2005,101.3204201
383,23/5/2005,101.5099316
384,24/5/2005,101.3785454
385,25/5/2005,101.4658772
386,26/5/2005,101.2613153
387,29/5/2005,101.431671
388,30/5/2005,101.6598076
389,31/5/2005,101.3115077
390,1/6/2005,101.3422154
391,2/6/2005,101.7151013
392,5/6/2005,101.8270101
393,6/6/2005,101.8677931
394,7/6/2005,101.8935543
395,8/6/2005,101.9111443
396,9/6/2005,101.9390744
397,12/6/2005,101.642582
398,13/6/2005,101.9900518
399,14/6/2005,101.9056968
400,15/6/2005,101.8243776
401,16/6/2005,101.5600863
402,19/6/2005,101.7562708
403,20/6/2005,101.7568926
404,21/6/2005,101.9113069
405,22/6/2005,102.0880903
406,23/6/2005,101.8176108
407,26/6/2005,101.5851128
408,27/6/2005,101.5720967
409,28/6/2005,101.419577
410,29/6/2005,101.4791116
411,30/6/2005,101.6247784
412,3/7/2005,101.7236173
413,4/7/2005,101.6018638
414,5/7/2005,101.5634604
415,6/7/2005,101.4473953
416,7/7/2005,101.1639875
417,10/7/2005,101.1974285
418,11/7/2005,101.0384917
419,12/7/2005,101.2172228
420,13/7/2005,101.3879729
421,14/7/2005,101.6821221
422,17/7/2005,101.7531258
423,18/7/2005,101.7704136
424,19/7/2005,101.6230833
425,20/7/2005,103.1871247
426,21/7/2005,102.9123021
427,24/7/2005,102.826682
428,25/7/2005,102.7933857
429,26/7/2005,102.8663015
430,27/7/2005,102.7641664
431,28/7/2005,102.7886226
432,31/7/2005,102.5944534
433,1/8/2005,102.8162375
434,2/8/2005,102.5442238
435,3/8/2005,102.4302165
436,4/8/2005,102.41712
437,7/8/2005,102.459468
438,8/8/2005,102.4514787
439,9/8/2005,102.6526769
440,10/8/2005,102.2272899
441,11/8/2005,101.9912575
442,14/8/2005,101.9045839
443,15/8/2005,101.9612035
444,16/8/2005,101.9334122
445,17/8/2005,102.1905857
446,18/8/2005,101.9441713
447,21/8/2005,101.9333334
448,22/8/2005,101.8685011
449,23/8/2005,101.600503
450,24/8/2005,101.4374692
451,25/8/2005,101.409213
452,28/8/2005,101.1998841
453,29/8/2005,101.082711
454,30/8/2005,100.7574717
455,31/8/2005,100.4055346
456,1/9/2005,100.4105248
457,4/9/2005,100.5644924
458,5/9/2005,100.4957978
459,6/9/2005,100.5899095
460,7/9/2005,100.8091725
461,8/9/2005,100.7413042
462,11/9/2005,101.0282528
463,12/9/2005,100.9179473
464,13/9/2005,100.9536199
465,14/9/2005,101.1275946
466,15/9/2005,101.0394511
467,18/9/2005,101.317619
468,19/9/2005,101.3233529
469,21/9/2005,101.3406371
470,22/9/2005,101.5790332
471,25/9/2005,101.3237736
472,26/9/2005,101.3362078
473,27/9/2005,101.279726
474,28/9/2005,101.5142296
475,29/9/2005,101.3033626
476,2/10/2005,101.5067769
477,3/10/2005,101.6132912
478,4/10/2005,101.4058436
479,5/10/2005,101.4298298
480,6/10/2005,101.4832731
481,9/10/2005,101.7479122
482,10/10/2005,101.6136115
483,11/10/2005,101.5174679
484,12/10/2005,101.6040782
485,13/10/2005,101.5181422
486,16/10/2005,101.5479681
487,17/10/2005,101.5874678
488,18/10/2005,101.6185875
489,19/10/2005,101.4461476
490,20/10/2005,101.5679901
491,23/10/2005,101.6460283
492,24/10/2005,101.3730231
493,25/10/2005,101.3770698
494,26/10/2005,101.3456456
495,27/10/2005,101.3625186
496,31/10/2005,101.5647136
497,1/11/2005,101.4242898
498,2/11/2005,101.3700877
499,3/11/2005,101.5641872
500,4/11/2005,101.9441369
501,7/11/2005,102.0260225
502,8/11/2005,102.0443613
503,9/11/2005,101.9450905
504,10/11/2005,102.2681807
505,11/11/2005,102.0565958
506,14/11/2005,102.1381054
507,15/11/2005,102.2084915
508,16/11/2005,102.4323149
509,17/11/2005,102.2738994
510,18/11/2005,102.2600591
511,21/11/2005,102.4176115
512,22/11/2005,102.1944168
513,23/11/2005,102.5375261
514,24/11/2005,102.6989187
515,25/11/2005,102.7584394
516,28/11/2005,102.4361291
517,29/11/2005,102.620455
518,30/11/2005,102.6610038
519,1/12/2005,102.812851
520,2/12/2005,103.0462534
521,5/12/2005,102.9407932
522,6/12/2005,102.9864091
523,7/12/2005,103.2581244
524,8/12/2005,102.9352088
525,9/12/2005,103.0414044
526,12/12/2005,102.6462846
527,13/12/2005,103.1165834
528,14/12/2005,102.9991049
529,15/12/2005,103.0376974
530,16/12/2005,102.8751078
531,19/12/2005,103.2717804
532,20/12/2005,103.5135629
533,21/12/2005,103.448862
534,22/12/2005,103.398912
535,23/12/2005,103.5446175
536,26/12/2005,103.6940708
537,27/12/2005,103.632231
538,28/12/2005,103.7565959
539,29/12/2005,103.8722075
540,30/12/2005,103.9594724
541,2/1/2006,104.0597051
542,3/1/2006,103.8939134
543,4/1/2006,103.8524645
544,5/1/2006,103.8169864
545,6/1/2006,103.9526887
546,9/1/2006,104.3536198
547,10/1/2006,104.4915622
548,11/1/2006,104.4912233
549,12/1/2006,104.792966
550,13/1/2006,104.4655821
551,16/1/2006,104.2677998
552,17/1/2006,104.4051409
553,18/1/2006,104.6459471
554,19/1/2006,104.6529564
555,20/1/2006,104.6878824
556,23/1/2006,104.4267559
557,24/1/2006,104.3757956
558,25/1/2006,104.5515642
559,26/1/2006,104.5007329
560,27/1/2006,104.9765207
561,30/1/2006,104.8493906
562,31/1/2006,104.9200603
563,1/2/2006,104.8627266
564,2/2/2006,104.5575296
565,3/2/2006,104.793178
566,6/2/2006,105.3649269
567,7/2/2006,105.3392881
568,8/2/2006,105.1713506
569,9/2/2006,105.1990036
570,10/2/2006,105.7490846
571,13/2/2006,105.4959993
572,14/2/2006,105.4574336
573,15/2/2006,105.5609309
574,16/2/2006,105.1848551
575,17/2/2006,105.1491053
576,20/2/2006,105.3758485
577,21/2/2006,105.4010123
578,22/2/2006,105.4110775
579,23/2/2006,105.5262738
580,24/2/2006,105.7400986
581,27/2/2006,105.8310911
582,28/2/2006,105.6257722
583,1/3/2006,105.8011078
584,2/3/2006,105.7029916
585,3/3/2006,105.3555297
586,6/3/2006,105.1792774
587,7/3/2006,105.421784
588,8/3/2006,105.3777643
589,9/3/2006,105.5864649
590,10/3/2006,105.7586392
591,13/3/2006,105.6987895
592,14/3/2006,105.5334253
593,15/3/2006,105.5377946
594,16/3/2006,105.2654529
595,17/3/2006,105.2246889
596,20/3/2006,105.4559634
597,21/3/2006,105.5424271
598,22/3/2006,105.6695742
599,23/3/2006,105.8796989
600,24/3/2006,104.729886
601,26/3/2006,104.8063011
602,27/3/2006,104.7923232
603,28/3/2006,104.8077243
604,29/3/2006,104.5410132
605,30/3/2006,104.7994494
606,2/4/2006,104.6749061
607,3/4/2006,104.6565735
608,4/4/2006,104.7281122
609,5/4/2006,104.9494723
610,6/4/2006,105.3222144
611,9/4/2006,105.239186
612,10/4/2006,104.7738324
613,11/4/2006,104.9167458
614,12/4/2006,105.2154863
615,13/4/2006,105.1572629
616,16/4/2006,105.1221264
617,17/4/2006,104.8621852
618,18/4/2006,104.7411247
619,19/4/2006,105.0414848
620,20/4/2006,104.9269539
621,23/4/2006,105.2023916
622,24/4/2006,105.0220489
623,25/4/2006,104.942093
624,26/4/2006,104.8939708
625,27/4/2006,104.5940207
626,30/4/2006,104.8551664
627,1/5/2006,104.7059046
628,2/5/2006,104.9173865
629,3/5/2006,104.5053481
630,4/5/2006,104.6743785
631,7/5/2006,104.7140361
632,8/5/2006,104.6263178
633,9/5/2006,104.7722008
634,10/5/2006,104.3729999
635,11/5/2006,104.2976278
636,14/5/2006,103.9228375
637,15/5/2006,104.0897402
638,16/5/2006,104.2594309
639,17/5/2006,104.1111999
640,18/5/2006,104.1296735
641,21/5/2006,104.0242805
642,22/5/2006,104.2095059
643,23/5/2006,104.2994713
644,24/5/2006,104.6080656
645,25/5/2006,104.6814809
646,28/5/2006,104.5896602
647,29/5/2006,104.3740154
648,30/5/2006,104.6096198
649,31/5/2006,104.4317776
650,1/6/2006,104.5775414
651,4/6/2006,104.4039684
652,5/6/2006,104.4259044
653,6/6/2006,104.2862375
654,7/6/2006,104.53092
655,8/6/2006,104.3053863
656,11/6/2006,104.3528783
657,12/6/2006,104.6022719
658,13/6/2006,104.6126727
659,14/6/2006,104.6511506
660,15/6/2006,104.3231698
661,18/6/2006,104.4568818
662,19/6/2006,104.6661757
663,20/6/2006,104.6431347
664,21/6/2006,104.5300499
665,22/6/2006,104.7703148
666,25/6/2006,104.5173421
667,26/6/2006,104.6560635
668,27/6/2006,104.6036349
669,28/6/2006,104.4829464
670,29/6/2006,104.5029964
671,2/7/2006,104.3176971
672,3/7/2006,104.3878867
673,4/7/2006,104.4910449
674,5/7/2006,104.5723305
675,6/7/2006,104.7599871
676,9/7/2006,104.9917812
677,10/7/2006,104.7158376
678,11/7/2006,104.7534095
679,12/7/2006,104.7011065
680,13/7/2006,104.5296542
681,16/7/2006,104.9245109
682,17/7/2006,104.9256602
683,18/7/2006,104.9061641
684,19/7/2006,104.8313096
685,20/7/2006,104.7445058
686,23/7/2006,104.8666375
687,24/7/2006,104.9586784
688,25/7/2006,104.924438
689,26/7/2006,104.8360592
690,27/7/2006,104.6681992
691,30/7/2006,104.5817054
692,31/7/2006,104.4833665
693,1/8/2006,104.3348132
694,2/8/2006,104.5686127
695,3/8/2006,104.5171191
696,6/8/2006,104.708324
697,7/8/2006,104.8434348
698,8/8/2006,104.5313316
699,9/8/2006,104.9191136
700,10/8/2006,104.7925354
701,13/8/2006,104.5994123
702,14/8/2006,104.5376052
703,15/8/2006,104.3439875
704,16/8/2006,104.6538148
705,17/8/2006,104.7752962
706,20/8/2006,104.6239963
707,21/8/2006,104.7382164
708,22/8/2006,104.8721217
709,23/8/2006,104.7435538
710,24/8/2006,104.6497263
711,27/8/2006,104.6821051
712,28/8/2006,104.7943036
713,29/8/2006,104.6831983
714,30/8/2006,104.8565086
715,31/8/2006,104.7169699
716,3/9/2006,104.8472035
717,4/9/2006,104.9473413
718,5/9/2006,105.0136478
719,6/9/2006,105.3931892
720,7/9/2006,105.3890703
721,10/9/2006,105.1960281
722,11/9/2006,105.116686
723,12/9/2006,105.2092449
724,13/9/2006,104.9181527
725,14/9/2006,104.7718111
726,17/9/2006,104.364535
727,18/9/2006,104.1536821
728,19/9/2006,104.4435607
729,20/9/2006,104.5423216
730,21/9/2006,104.3079743
731,24/9/2006,104.4593806
732,25/9/2006,104.3480814
733,26/9/2006,104.3684321
734,27/9/2006,104.431281
735,28/9/2006,104.7248675
736,1/10/2006,104.4772672
737,2/10/2006,104.6703088
738,3/10/2006,104.6964448
739,4/10/2006,104.687792
740,5/10/2006,104.8106869
741,8/10/2006,104.6830457
742,9/10/2006,105.0254172
743,10/10/2006,105.1019586
744,11/10/2006,105.2585152
745,12/10/2006,105.2209167
746,15/10/2006,105.2005751
747,16/10/2006,105.5863446
748,17/10/2006,105.6755776
749,18/10/2006,105.4548671
750,19/10/2006,105.5578688
751,22/10/2006,105.6735859
752,23/10/2006,105.6773798
753,24/10/2006,105.7227993
754,25/10/2006,105.6429805
755,26/10/2006,105.8307408
756,30/10/2006,105.7896326
757,31/10/2006,105.8690697
758,1/11/2006,105.5955714
759,2/11/2006,105.6771263
760,3/11/2006,105.9728232
761,6/11/2006,105.636384
762,7/11/2006,105.6600665
763,8/11/2006,105.6557191
764,9/11/2006,105.703624
765,10/11/2006,105.8475454
766,13/11/2006,105.9185171
767,14/11/2006,105.9285563
768,15/11/2006,105.7590876
769,16/11/2006,105.9521014
770,17/11/2006,105.7736826
771,20/11/2006,105.9712336
772,21/11/2006,105.7922611
773,22/11/2006,105.6565579
774,23/11/2006,105.8527473
775,24/11/2006,105.4381984
776,27/11/2006,105.2356236
777,28/11/2006,105.1287828
778,29/11/2006,105.5652168
779,30/11/2006,105.5206546
780,1/12/2006,105.0564612
781,4/12/2006,105.0869893
782,5/12/2006,105.1197534
783,6/12/2006,105.2408721
784,7/12/2006,105.3605079
785,8/12/2006,104.8573026
786,11/12/2006,105.3930676
787,12/12/2006,105.5249858
788,13/12/2006,105.600081
789,14/12/2006,105.7746147
790,15/12/2006,105.9545856
791,18/12/2006,105.5993703
792,19/12/2006,105.6938605
793,20/12/2006,105.7986719
794,21/12/2006,105.8234769
795,22/12/2006,106.1811223
796,25/12/2006,102.5518734
797,26/12/2006,106.0829121
798,27/12/2006,106.274147
799,28/12/2006,106.2570905
800,29/12/2006,106.1126364
801,1/1/2007,106.2890535
802,2/1/2007,106.1944777
803,3/1/2007,106.4658945
804,4/1/2007,106.4760023
805,5/1/2007,106.7942289
806,8/1/2007,106.6572116
807,9/1/2007,106.8625868
808,10/1/2007,106.9497969
809,11/1/2007,106.7193431
810,12/1/2007,106.6450837
811,15/1/2007,106.607383
812,16/1/2007,106.8198417
813,17/1/2007,106.8580157
814,18/1/2007,106.8844323
815,19/1/2007,106.7833868
816,22/1/2007,106.8748455
817,23/1/2007,106.7795912
818,24/1/2007,106.9490677
819,25/1/2007,106.9958216
820,26/1/2007,107.069996
821,29/1/2007,106.9126432
822,30/1/2007,106.9440045
823,31/1/2007,106.7530225
824,1/2/2007,106.8341112
825,2/2/2007,106.8924985
826,5/2/2007,107.03801
827,6/2/2007,106.9051423
828,7/2/2007,106.88936
829,8/2/2007,106.8191156
830,9/2/2007,106.8739934
831,12/2/2007,106.827291
832,13/2/2007,106.3521689
833,14/2/2007,106.2369385
834,15/2/2007,106.2912372
835,16/2/2007,106.4940986
836,19/2/2007,106.4470383
837,20/2/2007,106.3832659
838,21/2/2007,106.4415826
839,22/2/2007,106.5033708
840,23/2/2007,106.5259115
841,26/2/2007,106.653754
842,27/2/2007,106.4218708
843,28/2/2007,106.4065407
844,1/3/2007,106.6476303
845,2/3/2007,106.7003798
846,5/3/2007,106.7166977
847,6/3/2007,106.647725
848,7/3/2007,106.6022829
849,8/3/2007,106.7790143
850,9/3/2007,106.831052
851,12/3/2007,106.6126707
852,13/3/2007,106.3498484
853,14/3/2007,106.0058329
854,15/3/2007,105.9408139
855,16/3/2007,106.2830411
856,19/3/2007,106.28377
857,20/3/2007,106.0974162
858,21/3/2007,106.148009
859,22/3/2007,106.471279
860,23/3/2007,106.7475898
861,25/3/2007,106.7383683
862,26/3/2007,106.6095867
863,27/3/2007,106.5509424
864,28/3/2007,106.6412156
865,29/3/2007,106.5927442
866,1/4/2007,106.2152674
867,2/4/2007,106.5314976
868,3/4/2007,106.6920611
869,4/4/2007,106.6016212
870,5/4/2007,106.6786205
871,8/4/2007,106.8589583
872,9/4/2007,106.3541459
873,10/4/2007,106.2480786
874,11/4/2007,105.9985944
875,12/4/2007,106.0608416
876,15/4/2007,106.2482616
877,16/4/2007,106.0820272
878,17/4/2007,105.9788651
879,18/4/2007,105.9534879
880,19/4/2007,106.1812849
881,22/4/2007,106.0328312
882,23/4/2007,105.7657422
883,24/4/2007,105.7303615
884,25/4/2007,105.859582
885,26/4/2007,105.5900203
886,29/4/2007,105.4074241
887,30/4/2007,105.5040081
888,1/5/2007,105.2109709
889,2/5/2007,105.5077334
890,3/5/2007,105.784406
891,6/5/2007,105.8456071
892,7/5/2007,105.888827
893,8/5/2007,105.9843946
894,9/5/2007,105.8033377
895,10/5/2007,105.7772592
896,13/5/2007,105.9239545
897,14/5/2007,105.674779
898,15/5/2007,105.5945918
899,16/5/2007,105.4860504
900,17/5/2007,105.2386831
901,20/5/2007,105.2732865
902,21/5/2007,104.9461974
903,22/5/2007,105.0807756
904,23/5/2007,105.278214
905,24/5/2007,105.3111181
906,27/5/2007,105.258472
907,28/5/2007,105.2329465
908,29/5/2007,105.2350664
909,30/5/2007,105.0992852
910,31/5/2007,104.987015
911,3/6/2007,104.8716083
912,4/6/2007,104.7417738
913,5/6/2007,104.6975277
914,6/6/2007,104.7531064
915,7/6/2007,104.7504118
916,10/6/2007,104.6240409
917,11/6/2007,104.7148594
918,12/6/2007,104.7086638
919,13/6/2007,104.8428316
920,14/6/2007,104.7004484
921,17/6/2007,104.8085774
922,18/6/2007,104.6538706
923,19/6/2007,104.8047429
924,20/6/2007,104.926396
925,21/6/2007,104.4247014
926,24/6/2007,104.6670235
927,25/6/2007,104.5602854
928,26/6/2007,104.6498857
929,27/6/2007,104.7574633
930,28/6/2007,104.7413615
931,1/7/2007,104.8688325
932,2/7/2007,104.9125557
933,3/7/2007,105.0187968
934,4/7/2007,105.1584174
935,5/7/2007,105.1370812
936,8/7/2007,105.134405
937,9/7/2007,104.746533
938,10/7/2007,104.8752707
939,11/7/2007,104.7324412
940,12/7/2007,104.6517769
941,15/7/2007,104.5666385
942,16/7/2007,104.4188108
943,17/7/2007,104.4392136
944,18/7/2007,104.7893948
945,19/7/2007,104.6117465
946,22/7/2007,104.9320002
947,23/7/2007,104.9075671
948,24/7/2007,104.9809605
949,25/7/2007,104.526104
950,26/7/2007,105.0244868
951,29/7/2007,104.9366823
952,30/7/2007,104.7457882
953,31/7/2007,104.709416
954,1/8/2007,104.5570389
955,2/8/2007,104.3640176
956,5/8/2007,104.538424
957,6/8/2007,104.7452664
958,7/8/2007,104.8528633
959,8/8/2007,104.7058694
960,9/8/2007,104.5777487
961,12/8/2007,104.9239191
962,13/8/2007,104.6074829
963,14/8/2007,104.5745863
964,15/8/2007,104.7580266
965,16/8/2007,104.7383371
966,19/8/2007,104.811799
967,20/8/2007,104.5585671
968,21/8/2007,104.7948299
969,22/8/2007,104.9868874
970,23/8/2007,104.7213492
971,26/8/2007,104.5704582
972,27/8/2007,104.2145982
973,28/8/2007,104.6127083
974,29/8/2007,104.5093699
975,30/8/2007,104.4113697
976,2/9/2007,104.4833418
977,3/9/2007,104.3249575
978,4/9/2007,104.1187926
979,5/9/2007,104.1303425
980,6/9/2007,103.8140543
981,9/9/2007,103.7739423
982,10/9/2007,103.91377
983,11/9/2007,104.0198984
984,12/9/2007,104.2496739
985,13/9/2007,104.3156742
986,16/9/2007,103.9463593
987,17/9/2007,104.1077787
988,18/9/2007,104.2142772
989,19/9/2007,103.8933208
990,20/9/2007,103.8339324
991,23/9/2007,104.2574539
992,24/9/2007,104.0263671
993,25/9/2007,104.2405437
994,26/9/2007,104.6326824
995,27/9/2007,104.5002977
996,30/9/2007,105.1924031
997,1/10/2007,105.0713266
998,2/10/2007,105.3244851
999,3/10/2007,105.2765119
1000,4/10/2007,105.7782387
1001,7/10/2007,106.018819
1002,8/10/2007,105.8749302
1003,9/10/2007,106.1638951
1004,10/10/2007,106.1994723
1005,11/10/2007,106.3332436
1006,14/10/2007,106.1704541
1007,15/10/2007,106.03373
1008,16/10/2007,105.9790386
1009,17/10/2007,106.0322206
1010,18/10/2007,105.7435502
1011,21/10/2007,106.1123033
1012,22/10/2007,105.8704903
1013,23/10/2007,105.930852
1014,24/10/2007,106.0506806
1015,25/10/2007,106.0019011
1016,29/10/2007,105.911556
1017,30/10/2007,106.0515709
1018,31/10/2007,105.9730892
1019,1/11/2007,105.8647004
1020,2/11/2007,105.8114964
1021,5/11/2007,105.7527862
1022,6/11/2007,105.7747579
1023,7/11/2007,105.6385223
1024,8/11/2007,105.7693591
1025,9/11/2007,105.5708467
1026,12/11/2007,105.2603089
1027,13/11/2007,105.6797537
1028,14/11/2007,105.4620878
1029,15/11/2007,105.0866308
1030,16/11/2007,105.1453067
1031,19/11/2007,105.1906326
1032,20/11/2007,104.9881233
1033,21/11/2007,104.4935836
1034,22/11/2007,104.6136181
1035,23/11/2007,105.4815271
1036,26/11/2007,105.6141601
1037,27/11/2007,105.4709209
1038,28/11/2007,105.3443433
1039,29/11/2007,105.131565
1040,30/11/2007,105.5377588
1041,3/12/2007,105.2772275
1042,4/12/2007,105.4057457
1043,5/12/2007,105.7841348
1044,6/12/2007,105.9460511
1045,7/12/2007,106.3528805
1046,10/12/2007,106.0521959
1047,11/12/2007,105.7751521
1048,12/12/2007,105.8512824
1049,13/12/2007,106.2585925
1050,14/12/2007,106.1924637
1051,17/12/2007,105.6450669
1052,19/12/2007,105.7034405
1053,20/12/2007,105.9768355
1054,21/12/2007,106.173102
1055,24/12/2007,106.3419284
1056,25/12/2007,106.2161536
1057,26/12/2007,106.0961508
1058,27/12/2007,105.7507006
1059,28/12/2007,105.6441334
1060,31/12/2007,106.4051816
1061,1/1/2008,106.3139351
1062,2/1/2008,105.8956019
1063,3/1/2008,106.1016165
1064,4/1/2008,106.1095292
1065,7/1/2008,106.3100095
1066,8/1/2008,104.3721734
1067,9/1/2008,106.6376526
1068,10/1/2008,106.4276208
1069,11/1/2008,106.0449369
1070,14/1/2008,106.0342164
1071,15/1/2008,105.9507774
1072,16/1/2008,106.4788319
1073,17/1/2008,105.8440017
1074,18/1/2008,106.0273631
1075,21/1/2008,105.8032804
1076,22/1/2008,106.2249963
1077,23/1/2008,106.6719606
1078,24/1/2008,106.3826851
1079,25/1/2008,106.7532336
1080,28/1/2008,106.7390478
1081,29/1/2008,106.6759711
1082,30/1/2008,106.5577362
1083,31/1/2008,106.5824025
1084,1/2/2008,107.0282911
1085,4/2/2008,106.9172892
1086,5/2/2008,107.038212
1087,6/2/2008,107.3404788
1088,7/2/2008,107.8140228
1089,8/2/2008,105.5475671
1090,11/2/2008,107.6162066
1091,12/2/2008,107.5199648
1092,13/2/2008,107.5135505
1093,14/2/2008,107.2515751
1094,15/2/2008,107.6155951
1095,18/2/2008,107.684203
1096,19/2/2008,107.4642325
1097,20/2/2008,107.5866153
1098,21/2/2008,107.2361999
1099,22/2/2008,107.5388508
1100,25/2/2008,107.5272077
1101,26/2/2008,107.1047406
1102,27/2/2008,107.0844689
1103,28/2/2008,106.9578929
1104,29/2/2008,106.7775106
1105,3/3/2008,107.0202405
1106,4/3/2008,107.1740034
1107,5/3/2008,107.0312189
1108,6/3/2008,106.6719715
1109,7/3/2008,107.0645012
1110,10/3/2008,106.8087409
1111,11/3/2008,106.9620925
1112,12/3/2008,106.5805349
1113,13/3/2008,106.6601749
1114,14/3/2008,106.5403483
1115,17/3/2008,105.9513974
1116,18/3/2008,106.6891089
1117,19/3/2008,105.7654289
1118,20/3/2008,106.4207716
1119,21/3/2008,106.2654872
1120,24/3/2008,106.6782674
1121,25/3/2008,106.7011063
1122,26/3/2008,106.2439049
1123,27/3/2008,106.1973626
1124,28/3/2008,106.2223123
1125,30/3/2008,106.6588968
1126,1/4/2008,106.8782482
1127,2/4/2008,106.4981395
1128,3/4/2008,106.5109229
1129,6/4/2008,106.6603011
1130,7/4/2008,107.6326891
1131,8/4/2008,106.5527051
1132,9/4/2008,108.317844
1133,10/4/2008,108.0424347
1134,13/4/2008,108.0924741
1135,14/4/2008,108.2261951
1136,15/4/2008,108.1648844
1137,16/4/2008,108.3474489
1138,17/4/2008,108.5125549
1139,20/4/2008,108.3337509
1140,21/4/2008,108.1762746
1141,22/4/2008,108.4939828
1142,23/4/2008,108.4178709
1143,24/4/2008,108.4145697
1144,27/4/2008,108.3745143
1145,28/4/2008,108.6663036
1146,29/4/2008,108.6441574
1147,1/5/2008,108.9757722
1148,4/5/2008,109.0464843
1149,5/5/2008,108.8742621
1150,6/5/2008,108.7654864
1151,7/5/2008,108.4902319
1152,8/5/2008,108.5411718
1153,11/5/2008,108.4742414
1154,12/5/2008,108.0298841
1155,13/5/2008,107.5805806
1156,14/5/2008,107.8526981
1157,15/5/2008,107.9591156
1158,18/5/2008,107.8410198
1159,19/5/2008,107.9369433
1160,20/5/2008,108.0053325
1161,21/5/2008,108.1384342
1162,22/5/2008,107.9946568
1163,25/5/2008,107.7770839
1164,26/5/2008,107.9882716
1165,27/5/2008,107.9710019
1166,28/5/2008,108.1757249
1167,29/5/2008,108.5007608
1168,1/6/2008,108.343467
1169,2/6/2008,108.5945523
1170,3/6/2008,108.4393191
1171,4/6/2008,108.2776279
1172,5/6/2008,107.6449571
1173,8/6/2008,108.2012667
1174,9/6/2008,108.1688256
1175,10/6/2008,108.0806163
1176,11/6/2008,107.8820211
1177,12/6/2008,108.0393819
1178,15/6/2008,108.2373809
1179,16/6/2008,108.4439672
1180,17/6/2008,108.253314
1181,18/6/2008,108.2008117
1182,19/6/2008,108.3650278
1183,22/6/2008,108.2679265
1184,23/6/2008,108.132094
1185,24/6/2008,107.9577114
1186,25/6/2008,107.7382928
1187,26/6/2008,107.899779
1188,29/6/2008,108.120546
1189,1/7/2008,107.8108408
1190,2/7/2008,108.1063122
1191,3/7/2008,108.1621933
1192,6/7/2008,108.0785025
1193,7/7/2008,109.1124216
1194,8/7/2008,108.2898049
1195,9/7/2008,108.0817148
1196,10/7/2008,108.0007706
1197,13/7/2008,108.190786
1198,14/7/2008,108.2911655
1199,15/7/2008,108.4083695
1200,16/7/2008,108.2560921
1201,17/7/2008,108.3348266
1202,20/7/2008,108.1466199
1203,21/7/2008,107.9592592
1204,22/7/2008,107.8736919
1205,23/7/2008,108.0682505
1206,24/7/2008,108.2063581
1207,27/7/2008,107.8555731
1208,28/7/2008,107.8864226
1209,29/7/2008,107.8901051
1210,30/7/2008,107.8117895
1211,31/7/2008,107.8534108
1212,3/8/2008,107.9422547
1213,4/8/2008,107.7683217
1214,5/8/2008,107.7297086
1215,6/8/2008,107.3859468
1216,7/8/2008,107.3702002
1217,10/8/2008,107.1034859
1218,11/8/2008,107.3070417
1219,12/8/2008,107.4968394
1220,13/8/2008,107.2367881
1221,14/8/2008,107.0060387
1222,17/8/2008,107.2301104
1223,18/8/2008,107.3451029
1224,19/8/2008,107.2313159
1225,20/8/2008,107.431924
1226,21/8/2008,107.1751176
1227,24/8/2008,106.9742499
1228,25/8/2008,106.8401032
1229,26/8/2008,107.1874496
1230,27/8/2008,107.2381272
1231,28/8/2008,107.3441989
1232,31/8/2008,107.06977
1233,1/9/2008,106.9203963
1234,2/9/2008,106.9238834
1235,3/9/2008,107.0393062
1236,4/9/2008,107.471572
1237,7/9/2008,106.077536
1238,8/9/2008,108.0978251
1239,9/9/2008,108.2459847
1240,10/9/2008,108.4106371
1241,11/9/2008,107.8244959
1242,14/9/2008,108.2006486
1243,15/9/2008,107.9323724
1244,16/9/2008,107.9016648
1245,17/9/2008,107.9847415
1246,18/9/2008,107.4538362
1247,21/9/2008,107.8385974
1248,22/9/2008,107.4456654
1249,23/9/2008,107.379263
1250,24/9/2008,107.3381554
1251,25/9/2008,107.4608396
1252,28/9/2008,107.4159582
1253,29/9/2008,108.4609866
1254,30/9/2008,108.481678
1255,1/10/2008,108.3532345
1256,2/10/2008,108.6586943
1257,5/10/2008,108.2056952
1258,6/10/2008,108.0902607
1259,7/10/2008,106.4741802
1260,8/10/2008,107.7724356
1261,9/10/2008,108.2845078
1262,12/10/2008,108.5800328
1263,13/10/2008,108.1651065
1264,14/10/2008,108.1883624
1265,15/10/2008,108.0304985
1266,16/10/2008,108.0561563
1267,19/10/2008,108.6850481
1268,20/10/2008,109.1897785
1269,21/10/2008,109.2089865
1270,22/10/2008,108.4535704
1271,23/10/2008,108.973361
1272,27/10/2008,109.199173
1273,28/10/2008,109.7288262
1274,29/10/2008,108.5307949
1275,30/10/2008,110.2129233
1276,31/10/2008,110.6849322
1277,3/11/2008,110.6653465
1278,4/11/2008,110.0637871
1279,5/11/2008,109.3207454
1280,6/11/2008,108.8849758
1281,7/11/2008,109.2776624
1282,10/11/2008,109.3669695
1283,11/11/2008,109.2665041
1284,12/11/2008,109.365707
1285,13/11/2008,108.8577564
1286,14/11/2008,108.7174265
1287,17/11/2008,108.2046135
1288,18/11/2008,108.1405943
1289,19/11/2008,108.5547783
1290,20/11/2008,108.6568282
1291,21/11/2008,108.715895
1292,24/11/2008,108.3747876
1293,25/11/2008,107.9373103
1294,26/11/2008,108.2928046
1295,27/11/2008,108.2029545
1296,28/11/2008,108.8105387
1297,1/12/2008,108.2286717
1298,2/12/2008,107.794205
1299,3/12/2008,108.1818931
1300,4/12/2008,107.833926
1301,5/12/2008,108.7810182
1302,8/12/2008,105.9549152
1303,9/12/2008,108.8571784
1304,10/12/2008,108.9374474
1305,11/12/2008,108.3438272
1306,12/12/2008,108.2034573
1307,15/12/2008,108.2810041
1308,16/12/2008,107.988699
1309,17/12/2008,108.532251
1310,18/12/2008,109.0979722
1311,19/12/2008,108.5010215
1312,22/12/2008,109.7259924
1313,23/12/2008,109.5779063
1314,24/12/2008,110.0593796
1315,25/12/2008,109.6409664
1316,26/12/2008,109.7947636
1317,29/12/2008,110.128967
1318,30/12/2008,110.2847255
1319,31/12/2008,111.1183279
1320,1/1/2009,110.4950965
1321,2/1/2009,109.1704944
1322,5/1/2009,108.7487176
1323,6/1/2009,108.992065
1324,7/1/2009,108.3613963
1325,8/1/2009,107.7134001
1326,9/1/2009,108.0645343
1327,12/1/2009,108.3907
1328,13/1/2009,108.9113861
1329,14/1/2009,108.8247854
1330,15/1/2009,109.0597774
1331,16/1/2009,109.0041439
1332,19/1/2009,109.1803639
1333,20/1/2009,109.0390885
1334,21/1/2009,109.2933305
1335,22/1/2009,109.3392311
1336,23/1/2009,108.9899245
1337,26/1/2009,108.4785207
1338,27/1/2009,108.5239239
1339,28/1/2009,108.7672362
1340,29/1/2009,108.8749895
1341,30/1/2009,109.0015385
1342,2/2/2009,109.2031543
1343,3/2/2009,108.9902537
1344,4/2/2009,109.0523562
1345,5/2/2009,109.732492
1346,6/2/2009,109.9072949
1347,9/2/2009,109.5967935
1348,10/2/2009,109.2086843
1349,11/2/2009,109.2966388
1350,12/2/2009,109.1297212
1351,13/2/2009,109.4316403
1352,16/2/2009,109.1437567
1353,17/2/2009,109.097912
1354,18/2/2009,109.2070448
1355,19/2/2009,109.2198726
1356,20/2/2009,108.2230054
1357,23/2/2009,108.8921703
1358,24/2/2009,109.3312156
1359,25/2/2009,109.2109153
1360,26/2/2009,108.5150154
1361,27/2/2009,108.5936275
1362,2/3/2009,108.4121729
1363,3/3/2009,108.7582342
1364,4/3/2009,108.684112
1365,5/3/2009,108.5071199
1366,6/3/2009,108.9171777
1367,9/3/2009,108.7741804
1368,10/3/2009,109.3404539
1369,11/3/2009,109.1760256
1370,12/3/2009,108.9722535
1371,13/3/2009,108.115913
1372,16/3/2009,108.2325058
1373,17/3/2009,108.5488939
1374,18/3/2009,107.9879492
1375,19/3/2009,107.2463474
1376,20/3/2009,107.2957495
1377,23/3/2009,107.767056
1378,24/3/2009,107.8946634
1379,25/3/2009,107.8369744
1380,26/3/2009,108.0114049
1381,27/3/2009,108.2577124
1382,29/3/2009,108.1742117
1383,30/3/2009,108.1430882
1384,31/3/2009,108.1207321
1385,1/4/2009,108.5038265
1386,2/4/2009,108.0356981
1387,5/4/2009,108.3101087
1388,6/4/2009,108.2490098
1389,7/4/2009,107.8728311
1390,8/4/2009,108.2957443
1391,9/4/2009,108.1359648
1392,12/4/2009,107.6388387
1393,13/4/2009,108.6655068
1394,14/4/2009,108.7257351
1395,15/4/2009,109.116312
1396,16/4/2009,109.3524997
1397,19/4/2009,109.2111677
1398,20/4/2009,109.4387445
1399,21/4/2009,109.1484286
1400,22/4/2009,109.2051668
1401,23/4/2009,109.3061806
1402,26/4/2009,109.419262
1403,27/4/2009,109.1176963
1404,28/4/2009,109.3681329
1405,29/4/2009,109.8656593
1406,30/4/2009,109.9201432
1407,3/5/2009,109.8926992
1408,4/5/2009,109.9308792
1409,5/5/2009,109.799821
1410,6/5/2009,109.8427373
1411,7/5/2009,109.7636785
1412,10/5/2009,109.4232783
1413,11/5/2009,109.4124723
1414,12/5/2009,109.282373
1415,13/5/2009,109.3281417
1416,14/5/2009,108.958972
1417,17/5/2009,109.3047162
1418,18/5/2009,109.075032
1419,19/5/2009,108.5755237
1420,20/5/2009,108.7666124
1421,21/5/2009,109.253049
1422,24/5/2009,108.8739293
1423,25/5/2009,108.820277
1424,26/5/2009,108.7697091
1425,27/5/2009,108.7826528
1426,28/5/2009,108.4475878
1427,31/5/2009,108.534343
1428,1/6/2009,108.3508272
1429,2/6/2009,108.4037945
1430,3/6/2009,108.1271755
1431,4/6/2009,108.5042987
1432,7/6/2009,108.8128598
1433,8/6/2009,108.1844356
1434,9/6/2009,108.3245049
1435,10/6/2009,108.2517164
1436,11/6/2009,108.5509043
1437,14/6/2009,108.5127022
1438,15/6/2009,108.2283017
1439,16/6/2009,108.5393204
1440,17/6/2009,108.4195968
1441,18/6/2009,108.1583075
1442,21/6/2009,108.4456403
1443,22/6/2009,108.241544
1444,23/6/2009,108.2747715
1445,24/6/2009,108.2691332
1446,25/6/2009,107.5896251
1447,28/6/2009,108.2864412
1448,29/6/2009,108.7046278
1449,30/6/2009,108.5654921
1450,1/7/2009,108.5075085
1451,2/7/2009,108.4192956
1452,5/7/2009,108.2442059
1453,6/7/2009,108.3104227
1454,7/7/2009,108.0294237
1455,8/7/2009,107.8285595
1456,9/7/2009,107.9033685
1457,12/7/2009,107.8974599
1458,13/7/2009,107.9678424
1459,14/7/2009,107.959105
1460,15/7/2009,107.6657506
1461,16/7/2009,108.0067686
1462,19/7/2009,108.3197421
1463,20/7/2009,108.093216
1464,21/7/2009,108.0388893
1465,22/7/2009,108.2633499
1466,23/7/2009,108.2761728
1467,26/7/2009,108.0620967
1468,27/7/2009,108.1559361
1469,28/7/2009,108.4329372
1470,29/7/2009,108.4080132
1471,30/7/2009,107.9923615
1472,2/8/2009,107.8927948
1473,3/8/2009,107.9099932
1474,4/8/2009,107.8225944
1475,5/8/2009,107.9539094
1476,6/8/2009,108.2961666
1477,9/8/2009,108.1923006
1478,10/8/2009,107.9435355
1479,11/8/2009,108.0841203
1480,12/8/2009,107.7374115
1481,13/8/2009,108.0255025
1482,16/8/2009,107.6804104
1483,17/8/2009,107.7298425
1484,18/8/2009,107.6121266
1485,19/8/2009,107.8461831
1486,20/8/2009,107.8210143
1487,23/8/2009,107.4855232
1488,24/8/2009,107.6464262
1489,25/8/2009,107.8406782
1490,26/8/2009,107.6985782
1491,27/8/2009,107.4920334
1492,30/8/2009,107.7329341
1493,31/8/2009,108.044198
1494,1/9/2009,107.8908827
1495,2/9/2009,108.0312647
1496,3/9/2009,107.8539596
1497,6/9/2009,108.1570428
1498,7/9/2009,108.1286745
1499,8/9/2009,108.1753381
1500,9/9/2009,107.8224495
1501,10/9/2009,107.8759183
1502,13/9/2009,107.8943557
1503,14/9/2009,107.8785051
1504,15/9/2009,108.414857
1505,16/9/2009,107.9755813
1506,17/9/2009,108.0419042
1507,20/9/2009,108.0812554
1508,21/9/2009,108.2843186
1509,22/9/2009,107.9905137
1510,23/9/2009,107.7868716
1511,24/9/2009,108.1968318
1512,27/9/2009,107.9280693
1513,28/9/2009,108.0571811
1514,29/9/2009,108.4832796
1515,30/9/2009,108.423439
1516,1/10/2009,108.2448685
1517,4/10/2009,108.5400956
1518,5/10/2009,108.6107006
1519,6/10/2009,108.8225058
1520,7/10/2009,109.175832
1521,8/10/2009,109.0131455
1522,11/10/2009,108.7728924
1523,12/10/2009,108.6418591
1524,13/10/2009,108.7040872
1525,14/10/2009,108.7622962
1526,15/10/2009,108.7336372
1527,18/10/2009,108.699444
1528,19/10/2009,108.5294186
1529,20/10/2009,108.4871591
1530,21/10/2009,108.3147902
1531,22/10/2009,108.3273424
1532,26/10/2009,108.5484287
1533,27/10/2009,108.7666817
1534,28/10/2009,108.5278746
1535,29/10/2009,108.6873369
1536,30/10/2009,108.6491387
1537,2/11/2009,108.8098483
1538,3/11/2009,108.7338115
1539,4/11/2009,108.6534542
1540,5/11/2009,108.5954388
1541,6/11/2009,108.7752698
1542,9/11/2009,108.6687154
1543,10/11/2009,108.5576994
1544,11/11/2009,108.7048585
1545,12/11/2009,108.9058577
1546,13/11/2009,108.8730592
1547,16/11/2009,108.7279972
1548,17/11/2009,108.9464109
1549,18/11/2009,108.9078892
1550,19/11/2009,108.7312666
1551,20/11/2009,108.9405129
1552,23/11/2009,108.8128389
1553,24/11/2009,108.8148828
1554,25/11/2009,108.710675
1555,26/11/2009,108.4570509
1556,27/11/2009,108.4459303
1557,30/11/2009,108.755453
1558,1/12/2009,108.6122113
1559,2/12/2009,108.781232
1560,3/12/2009,108.7681152
1561,4/12/2009,109.0752921
1562,7/12/2009,109.0004544
1563,8/12/2009,109.1615528
1564,9/12/2009,109.2448283
1565,10/12/2009,109.3675115
1566,11/12/2009,109.5443185
1567,14/12/2009,109.3419905
1568,15/12/2009,109.4857148
1569,16/12/2009,109.3628932
1570,17/12/2009,109.5518569
1571,18/12/2009,109.7347619
1572,21/12/2009,109.6469447
1573,22/12/2009,109.740144
1574,23/12/2009,109.303768
1575,24/12/2009,109.2047785
1576,25/12/2009,109.0367234
1577,28/12/2009,109.3337247
1578,29/12/2009,109.4545599
1579,30/12/2009,109.579239
1580,31/12/2009,109.6335382
1581,1/1/2010,109.5412086
1582,4/1/2010,109.7097636
1583,5/1/2010,109.8193516
1584,6/1/2010,109.9898819
1585,7/1/2010,110.0565482
1586,8/1/2010,109.8640892
1587,11/1/2010,109.9847575
1588,12/1/2010,109.7839644
1589,13/1/2010,109.9265504
1590,14/1/2010,109.9775755
1591,15/1/2010,109.9867837
1592,18/1/2010,110.1050223
1593,19/1/2010,110.2949457
1594,20/1/2010,110.1498678
1595,21/1/2010,109.8752755
1596,22/1/2010,109.7777031
1597,25/1/2010,110.1135912
1598,26/1/2010,110.1572337
1599,27/1/2010,110.1817375
1600,28/1/2010,110.4610263
1601,29/1/2010,110.7042715
1602,1/2/2010,110.2523316
1603,2/2/2010,110.148304
1604,3/2/2010,110.1329557
1605,4/2/2010,109.9533678
1606,5/2/2010,110.0178295
1607,8/2/2010,110.0528676
1608,9/2/2010,110.0650639
1609,10/2/2010,110.1084285
1610,11/2/2010,110.6378912
1611,12/2/2010,110.7722791
1612,15/2/2010,110.7800758
1613,16/2/2010,110.8558481
1614,17/2/2010,111.2663006
1615,18/2/2010,111.1837073
1616,19/2/2010,110.7871314
1617,22/2/2010,110.9514074
1618,23/2/2010,111.0886106
1619,24/2/2010,111.1291801
1620,25/2/2010,111.1636844
1621,26/2/2010,110.989598
1622,1/3/2010,111.3221326
1623,2/3/2010,111.1605637
1624,3/3/2010,111.1574322
1625,4/3/2010,111.411337
1626,5/3/2010,111.290859
1627,8/3/2010,111.4998996
1628,9/3/2010,111.5530315
1629,10/3/2010,111.5380781
1630,11/3/2010,111.417051
1631,12/3/2010,111.3880624
1632,15/3/2010,111.3879022
1633,16/3/2010,111.3080908
1634,17/3/2010,111.4085839
1635,18/3/2010,111.6003346
1636,19/3/2010,111.7617337
1637,22/3/2010,111.4791168
1638,23/3/2010,111.598216
1639,24/3/2010,111.9372667
1640,25/3/2010,111.9766476
1641,26/3/2010,112.0638166
1642,28/3/2010,112.0759357
1643,29/3/2010,112.1542094
1644,30/3/2010,111.9535238
1645,31/3/2010,111.8282386
1646,1/4/2010,111.9048798
1647,4/4/2010,112.0321205
1648,5/4/2010,112.2700515
1649,6/4/2010,112.5170334
1650,7/4/2010,112.5641284
1651,8/4/2010,112.4272654
1652,11/4/2010,112.078682
1653,12/4/2010,111.8837561
1654,13/4/2010,113.2335385
1655,14/4/2010,113.3538001
1656,15/4/2010,113.433882
1657,18/4/2010,113.3802693
1658,19/4/2010,113.7089134
1659,20/4/2010,114.0007143
1660,21/4/2010,114.448105
1661,22/4/2010,114.3518163
1662,25/4/2010,114.4527582
1663,26/4/2010,114.5541271
1664,27/4/2010,114.5897702
1665,28/4/2010,114.7721768
1666,29/4/2010,114.5865351
1667,2/5/2010,114.9312421
1668,3/5/2010,115.0288182
1669,4/5/2010,114.541435
1670,5/5/2010,114.2867721
1671,6/5/2010,114.7074467
1672,9/5/2010,115.5016983
1673,10/5/2010,115.6829485
1674,11/5/2010,115.8113682
1675,12/5/2010,116.0303229
1676,13/5/2010,116.3357092
1677,16/5/2010,116.1495507
1678,17/5/2010,116.3449434
1679,18/5/2010,115.7358603
1680,19/5/2010,114.7415533
1681,20/5/2010,114.6208604
1682,23/5/2010,115.1039044
1683,24/5/2010,114.9548148
1684,25/5/2010,115.3186655
1685,26/5/2010,115.5340056
1686,27/5/2010,115.2164868
1687,30/5/2010,115.7168241
1688,31/5/2010,115.0110817
1689,1/6/2010,115.6783372
1690,2/6/2010,115.6315308
1691,3/6/2010,115.9218371
1692,6/6/2010,115.7288455
1693,7/6/2010,115.8950386
1694,8/6/2010,115.682691
1695,9/6/2010,115.8195686
1696,10/6/2010,116.1293345
1697,13/6/2010,116.081093
1698,14/6/2010,116.0568983
1699,15/6/2010,115.9264321
1700,16/6/2010,115.7008889
1701,17/6/2010,116.1510613
1702,20/6/2010,116.8604713
1703,21/6/2010,116.3585769
1704,22/6/2010,115.9807148
1705,23/6/2010,115.6341131
1706,24/6/2010,115.7458789
1707,27/6/2010,116.060725
1708,28/6/2010,115.2383432
1709,29/6/2010,115.3011724
1710,30/6/2010,115.1910707
1711,1/7/2010,114.7350681
1712,4/7/2010,114.8440938
1713,5/7/2010,114.8481471
1714,6/7/2010,115.0576504
1715,7/7/2010,115.303802
1716,8/7/2010,115.2424694
1717,11/7/2010,115.3124141
1718,12/7/2010,115.4361897
1719,13/7/2010,115.3796498
1720,14/7/2010,114.8358414
1721,15/7/2010,114.7761433
1722,18/7/2010,114.6640912
1723,19/7/2010,114.9945692
1724,20/7/2010,114.8943197
1725,21/7/2010,114.8812766
1726,22/7/2010,114.9740115
1727,25/7/2010,115.4659507
1728,26/7/2010,115.4441791
1729,27/7/2010,114.9994871
1730,28/7/2010,115.0156236
1731,29/7/2010,115.2653095
1732,1/8/2010,115.5935019
1733,2/8/2010,115.2967479
1734,3/8/2010,115.2967057
1735,4/8/2010,115.3369837
1736,5/8/2010,115.1164171
1737,8/8/2010,115.208609
1738,9/8/2010,115.4622835
1739,10/8/2010,115.1653473
1740,11/8/2010,115.2616548
1741,12/8/2010,115.8176801
1742,15/8/2010,115.7714594
1743,16/8/2010,115.6621513
1744,17/8/2010,116.0140051
1745,18/8/2010,116.2587467
1746,19/8/2010,116.2475847
1747,22/8/2010,116.2704484
1748,23/8/2010,116.6461163
1749,24/8/2010,116.2366288
1750,25/8/2010,116.518263
1751,26/8/2010,116.5354298
1752,29/8/2010,116.6163881
1753,30/8/2010,116.67136
1754,31/8/2010,116.6517334
1755,1/9/2010,116.8532416
1756,2/9/2010,116.8971871
1757,5/9/2010,116.6422899
1758,6/9/2010,116.6463546
1759,7/9/2010,116.8874326
1760,8/9/2010,117.1308965
1761,9/9/2010,117.2801882
1762,12/9/2010,117.4512574
1763,13/9/2010,117.096023
1764,14/9/2010,116.8599494
1765,15/9/2010,116.8186543
1766,16/9/2010,116.6788868
1767,19/9/2010,116.7394699
1768,20/9/2010,117.0135499
1769,21/9/2010,116.7250323
1770,22/9/2010,116.4427129
1771,23/9/2010,116.5318748
1772,26/9/2010,116.4089347
1773,27/9/2010,116.6912717
1774,28/9/2010,116.4756506
1775,29/9/2010,116.30062
1776,30/9/2010,116.5219086
1777,3/10/2010,116.1494711
1778,4/10/2010,116.4296293
1779,5/10/2010,116.2113345
1780,6/10/2010,116.0215419
1781,7/10/2010,116.085508
1782,10/10/2010,115.7151292
1783,11/10/2010,115.9411791
1784,12/10/2010,116.1102396
1785,13/10/2010,116.0194506
1786,14/10/2010,116.2880267
1787,17/10/2010,116.3086545
1788,18/10/2010,116.2947816
1789,19/10/2010,115.9735707
1790,20/10/2010,116.1784163
1791,21/10/2010,116.4842473
1792,24/10/2010,116.524164
1793,25/10/2010,116.9559636
1794,26/10/2010,116.9830078
1795,27/10/2010,116.8340428
1796,28/10/2010,116.8138993
1797,1/11/2010,113.4952021
1798,2/11/2010,117.2934057
1799,3/11/2010,117.2223412
1800,4/11/2010,117.1062747
1801,5/11/2010,116.870245
1802,8/11/2010,117.1756044
1803,9/11/2010,117.4546822
1804,10/11/2010,117.6429021
1805,11/11/2010,117.9586868
1806,12/11/2010,118.1043618
1807,15/11/2010,117.3442219
1808,16/11/2010,117.2509634
1809,17/11/2010,117.7365205
1810,18/11/2010,117.8722577
1811,19/11/2010,117.9268528
1812,22/11/2010,117.6016525
1813,23/11/2010,117.8194655
1814,24/11/2010,117.2618444
1815,25/11/2010,117.9348293
1816,26/11/2010,117.745435
1817,29/11/2010,117.5191326
1818,30/11/2010,117.6288385
1819,1/12/2010,117.9601967
1820,2/12/2010,118.4108538
1821,3/12/2010,118.2697842
1822,6/12/2010,117.798972
1823,7/12/2010,117.9035854
1824,8/12/2010,117.7959609
1825,9/12/2010,117.5053889
1826,10/12/2010,117.8817017
1827,13/12/2010,118.1815753
1828,14/12/2010,117.9219189
1829,15/12/2010,118.1470279
1830,16/12/2010,117.4382094
1831,17/12/2010,117.5081179
1832,20/12/2010,117.6582294
1833,21/12/2010,117.7417286
1834,22/12/2010,118.0624995
1835,23/12/2010,118.5984126
1836,24/12/2010,118.4633145
1837,27/12/2010,118.8960587
1838,28/12/2010,118.7740382
1839,29/12/2010,118.9549115
1840,30/12/2010,118.9929681
1841,31/12/2010,119.0847531
1842,3/1/2011,119.1291877
1843,4/1/2011,119.0912582
1844,5/1/2011,119.1192977
1845,6/1/2011,119.2764588
1846,7/1/2011,119.5161766
1847,10/1/2011,119.6544429
1848,11/1/2011,119.4301512
1849,12/1/2011,119.5851623
1850,13/1/2011,119.466682
1851,14/1/2011,119.2144985
1852,17/1/2011,118.8459649
1853,18/1/2011,119.1011138
1854,19/1/2011,119.233813
1855,20/1/2011,118.9463239
1856,21/1/2011,118.5994835
1857,24/1/2011,118.4669747
1858,25/1/2011,115.4204044
1859,26/1/2011,115.3734471
1860,27/1/2011,118.5810148
1861,28/1/2011,118.7246645
1862,31/1/2011,118.3104453
1863,1/2/2011,113.6934953
1864,2/2/2011,118.929605
1865,3/2/2011,118.7178393
1866,4/2/2011,119.0984041
1867,7/2/2011,119.034883
1868,8/2/2011,119.1344966
1869,9/2/2011,119.2941717
1870,10/2/2011,119.1306922
1871,11/2/2011,119.1182827
1872,14/2/2011,118.7730893
1873,15/2/2011,119.1145355
1874,16/2/2011,119.1466998
1875,17/2/2011,119.1209756
1876,18/2/2011,119.0864815
1877,21/2/2011,118.8693258
1878,22/2/2011,118.9139296
1879,23/2/2011,118.609306
1880,24/2/2011,118.6488679
1881,25/2/2011,118.5118931
1882,28/2/2011,118.6722086
1883,1/3/2011,118.7349736
1884,2/3/2011,118.6353612
1885,3/3/2011,118.7115102
1886,4/3/2011,118.6564472
1887,7/3/2011,118.5547146
1888,8/3/2011,118.8130657
1889,9/3/2011,118.8757106
1890,10/3/2011,118.8059085
1891,11/3/2011,118.7627518
1892,14/3/2011,118.4919136
1893,15/3/2011,118.5512474
1894,16/3/2011,117.8033463
1895,17/3/2011,113.8857955
1896,18/3/2011,117.4778943
1897,21/3/2011,117.5595791
1898,22/3/2011,118.039739
1899,23/3/2011,118.2068964
1900,24/3/2011,118.4489415
1901,25/3/2011,118.5419606
1902,27/3/2011,118.8026137
1903,28/3/2011,118.7742829
1904,29/3/2011,118.9149194
1905,30/3/2011,118.8527669
1906,31/3/2011,118.8283718
1907,3/4/2011,118.6407916
1908,4/4/2011,118.5736135
1909,5/4/2011,118.6936306
1910,6/4/2011,118.39954
1911,7/4/2011,118.3418174
1912,10/4/2011,118.0851587
1913,11/4/2011,118.2470783
1914,12/4/2011,118.1391545
1915,13/4/2011,118.2599299
1916,17/4/2011,118.9630897
1917,18/4/2011,118.9789736
1918,19/4/2011,119.101779
1919,20/4/2011,118.9352448
1920,21/4/2011,118.9985249
1921,24/4/2011,119.0449302
1922,25/4/2011,118.8706469
1923,26/4/2011,118.8942434
1924,27/4/2011,118.915595
1925,28/4/2011,118.9071219
1926,1/5/2011,119.149919
1927,2/5/2011,119.1979851
1928,3/5/2011,118.824674
1929,4/5/2011,118.5916186
1930,5/5/2011,118.60637
1931,8/5/2011,119.4172611
1932,9/5/2011,119.7142819
1933,10/5/2011,119.6874066
1934,11/5/2011,119.944178
1935,12/5/2011,119.6589116
1936,15/5/2011,119.4058761
1937,16/5/2011,118.9081787
1938,17/5/2011,119.0657092
1939,18/5/2011,119.6580566
1940,19/5/2011,119.6757582
1941,22/5/2011,119.8693791
1942,23/5/2011,119.6084959
1943,24/5/2011,119.4657168
1944,25/5/2011,119.5438121
1945,26/5/2011,119.5731404
1946,29/5/2011,119.5305303
1947,30/5/2011,119.7448302
1948,31/5/2011,119.5952985
1949,1/6/2011,119.2645554
1950,2/6/2011,119.3815199
1951,5/6/2011,119.2731201
1952,6/6/2011,119.2620693
1953,7/6/2011,119.3523633
1954,8/6/2011,119.0858548
1955,9/6/2011,119.5302346
1956,12/6/2011,119.4538285
1957,13/6/2011,119.3864274
1958,14/6/2011,119.7940524
1959,15/6/2011,119.9777583
1960,16/6/2011,119.7735337
1961,19/6/2011,119.9469352
1962,20/6/2011,119.7765437
1963,21/6/2011,119.7238025
1964,22/6/2011,119.815238
1965,23/6/2011,119.9962118
1966,26/6/2011,119.8909065
1967,27/6/2011,119.4632201
1968,28/6/2011,119.4102202
1969,29/6/2011,119.4268584
1970,30/6/2011,119.8264383
1971,3/7/2011,119.7837073
1972,4/7/2011,119.7836583
1973,5/7/2011,119.9582592
1974,6/7/2011,120.2675697
1975,7/7/2011,120.6332135
1976,10/7/2011,121.0275753
1977,11/7/2011,121.0857656
1978,12/7/2011,121.2877669
1979,13/7/2011,121.3160161
1980,14/7/2011,121.4305906
1981,17/7/2011,119.9393038
1982,18/7/2011,121.6680889
1983,19/7/2011,121.5246504
1984,20/7/2011,121.3479122
1985,21/7/2011,121.1077887
1986,24/7/2011,121.3491607
1987,25/7/2011,121.4765797
1988,26/7/2011,121.2924314
1989,27/7/2011,121.6930013
1990,28/7/2011,121.9183721
1991,31/7/2011,121.5827632
1992,1/8/2011,122.0745206
1993,2/8/2011,121.7950949
1994,3/8/2011,121.5020702
1995,4/8/2011,120.8089677
1996,7/8/2011,121.3689422
1997,8/8/2011,121.0116098
1998,9/8/2011,121.8649713
1999,10/8/2011,121.4245076
2000,11/8/2011,121.8030314
2001,14/8/2011,121.9582528
2002,15/8/2011,122.0802144
2003,16/8/2011,122.1931711
2004,17/8/2011,121.8647463
2005,18/8/2011,120.9913444
2006,21/8/2011,121.4280716
2007,22/8/2011,121.7617098
2008,23/8/2011,121.972009
2009,24/8/2011,121.9202019
2010,25/8/2011,121.6595542
2011,28/8/2011,121.7985684
2012,29/8/2011,121.5838167
2013,30/8/2011,121.7094928
2014,31/8/2011,121.9950559
2015,1/9/2011,122.2920828
2016,4/9/2011,122.6461662
2017,5/9/2011,122.7448241
2018,6/9/2011,123.0568605
2019,7/9/2011,122.9194775
2020,8/9/2011,122.8402807
2021,11/9/2011,122.3172191
2022,12/9/2011,121.955177
2023,13/9/2011,121.3535295
2024,14/9/2011,120.9289737
2025,15/9/2011,120.726537
2026,18/9/2011,120.9542182
2027,19/9/2011,119.6876595
2028,20/9/2011,119.7799334
2029,21/9/2011,117.9829511
2030,22/9/2011,117.2684947
2031,25/9/2011,117.6336068
2032,26/9/2011,117.9899723
2033,27/9/2011,118.4363684
2034,28/9/2011,117.384342
2035,29/9/2011,117.465081
2036,2/10/2011,117.490341
2037,3/10/2011,117.2758526
2038,4/10/2011,117.3454833
2039,5/10/2011,117.7390724
2040,6/10/2011,117.6242125
2041,9/10/2011,117.6780758
2042,10/10/2011,118.6943145
2043,11/10/2011,117.9951386
2044,12/10/2011,118.227091
2045,13/10/2011,118.3123516
2046,16/10/2011,118.8372972
2047,17/10/2011,118.7469419
2048,18/10/2011,119.0668826
2049,19/10/2011,119.1976346
2050,20/10/2011,118.7352961
2051,23/10/2011,118.12929
2052,24/10/2011,118.6665011
2053,25/10/2011,118.7274872
2054,26/10/2011,118.3035296
2055,27/10/2011,119.4782205
2056,31/10/2011,119.2272171
2057,1/11/2011,119.7259426
2058,2/11/2011,118.4192914
2059,3/11/2011,118.1091999
2060,4/11/2011,118.9869517
2061,7/11/2011,118.9485475
2062,8/11/2011,118.779531
2063,9/11/2011,118.6710244
2064,10/11/2011,117.8568842
2065,11/11/2011,117.4228369
2066,14/11/2011,117.9346935
2067,15/11/2011,117.3192077
2068,16/11/2011,117.47444
2069,17/11/2011,117.3769195
2070,18/11/2011,117.3423967
2071,21/11/2011,117.1219005
2072,22/11/2011,117.0392167
2073,23/11/2011,117.2588304
2074,24/11/2011,117.1317977
2075,25/11/2011,117.3822416
2076,28/11/2011,118.0083712
2077,29/11/2011,118.2354037
2078,30/11/2011,118.2173506
2079,1/12/2011,118.9119477
2080,2/12/2011,118.6912496
2081,5/12/2011,118.9868462
2082,6/12/2011,118.9319183
2083,7/12/2011,118.8362646
2084,8/12/2011,118.7681454
2085,9/12/2011,118.2171251
2086,12/12/2011,118.1019202
2087,13/12/2011,118.0853495
2088,14/12/2011,118.372282
2089,15/12/2011,118.3459761
2090,16/12/2011,118.4224011
2091,19/12/2011,118.5341679
2092,20/12/2011,118.2988782
2093,21/12/2011,118.729318
2094,22/12/2011,119.0897096
2095,23/12/2011,119.1616298
2096,26/12/2011,119.1883932
2097,27/12/2011,119.3410379
2098,28/12/2011,118.9417882
2099,29/12/2011,119.2265592
2100,30/12/2011,119.0415428
2101,2/1/2012,119.0917879
2102,3/1/2012,119.0819274
2103,4/1/2012,119.6419536
2104,5/1/2012,119.6321206
2105,6/1/2012,119.9561498
2106,9/1/2012,119.8429679
2107,10/1/2012,119.6893536
2108,11/1/2012,119.9955964
2109,12/1/2012,120.0898902
2110,13/1/2012,119.8285746
2111,16/1/2012,119.9432662
2112,17/1/2012,120.0665815
2113,18/1/2012,120.5105128
2114,19/1/2012,120.6080331
2115,20/1/2012,120.6897532
2116,23/1/2012,120.8241055
2117,24/1/2012,120.8483594
2118,25/1/2012,120.9589476
2119,26/1/2012,121.3079868
2120,27/1/2012,121.688366
2121,30/1/2012,121.5242334
2122,31/1/2012,121.1904196
2123,1/2/2012,121.2100411
2124,2/2/2012,121.5364697
2125,3/2/2012,121.8461122
2126,6/2/2012,122.2118846
2127,7/2/2012,118.0826863
2128,8/2/2012,121.7142669
2129,9/2/2012,121.7133836
2130,10/2/2012,121.5398498
2131,13/2/2012,121.047044
2132,14/2/2012,120.9850755
2133,15/2/2012,120.7119113
2134,16/2/2012,120.9131492
2135,17/2/2012,120.9692597
2136,20/2/2012,121.7328459
2137,21/2/2012,121.4077704
2138,22/2/2012,121.2466651
2139,23/2/2012,121.1682589
2140,24/2/2012,121.3393611
2141,27/2/2012,120.9022289
2142,28/2/2012,120.9856954
2143,29/2/2012,121.2580806
2144,1/3/2012,121.5781538
2145,2/3/2012,121.7508279
2146,5/3/2012,121.8217219
2147,6/3/2012,121.562054
2148,7/3/2012,121.3499591
2149,8/3/2012,121.6748145
2150,9/3/2012,121.9896405
2151,12/3/2012,122.1400837
2152,13/3/2012,122.114958
2153,14/3/2012,122.187219
2154,15/3/2012,121.6667981
2155,16/3/2012,121.8347964
2156,19/3/2012,122.0707199
2157,20/3/2012,122.0084582
2158,21/3/2012,121.4657647
2159,22/3/2012,121.4162621
2160,23/3/2012,121.3960645
2161,25/3/2012,121.5130423
2162,26/3/2012,121.4919921
2163,27/3/2012,121.6226193
2164,28/3/2012,121.6569627
2165,29/3/2012,121.4877085
2166,1/4/2012,121.910288
2167,2/4/2012,121.8191959
2168,3/4/2012,122.0694505
2169,4/4/2012,122.0371844
2170,5/4/2012,122.1641596
2171,8/4/2012,121.7758038
2172,9/4/2012,119.8603844
2173,10/4/2012,121.8344563
2174,11/4/2012,122.2383271
2175,12/4/2012,122.4554641
2176,15/4/2012,123.0700723
2177,16/4/2012,122.7936649
2178,17/4/2012,123.0038097
2179,18/4/2012,122.7820021
2180,19/4/2012,122.8145016
2181,22/4/2012,122.8380178
2182,23/4/2012,122.9980278
2183,24/4/2012,123.0740617
2184,25/4/2012,123.1142059
2185,26/4/2012,123.3020055
2186,29/4/2012,123.4028531
2187,30/4/2012,123.5143103
2188,1/5/2012,123.6792013
2189,2/5/2012,123.4827713
2190,3/5/2012,123.2673803
2191,6/5/2012,123.1723121
2192,7/5/2012,123.4156449
2193,8/5/2012,123.4214738
2194,9/5/2012,123.4356685
2195,10/5/2012,123.3916437
2196,13/5/2012,123.5462976
2197,14/5/2012,123.4282164
2198,15/5/2012,123.5788389
2199,16/5/2012,123.0947436
2200,17/5/2012,122.648098
2201,20/5/2012,122.3955362
2202,21/5/2012,122.8552286
2203,22/5/2012,122.7428566
2204,23/5/2012,122.7939269
2205,24/5/2012,123.0504494
2206,27/5/2012,122.809148
2207,28/5/2012,122.7917839
2208,29/5/2012,122.8778652
2209,30/5/2012,122.5574166
2210,31/5/2012,122.7866547
2211,3/6/2012,122.097059
2212,4/6/2012,122.6706423
2213,5/6/2012,122.7004494
2214,6/6/2012,123.1989753
2215,7/6/2012,123.1383752
2216,10/6/2012,122.7406209
2217,11/6/2012,122.6427944
2218,12/6/2012,122.8417043
2219,13/6/2012,122.6669313
2220,14/6/2012,122.7236653
2221,17/6/2012,123.4004896
2222,18/6/2012,123.4745365
2223,19/6/2012,123.3395925
2224,20/6/2012,123.1483919
2225,21/6/2012,123.0968146
2226,24/6/2012,123.1979853
2227,25/6/2012,122.9406368
2228,26/6/2012,123.1324755
2229,27/6/2012,123.3460002
2230,28/6/2012,123.1167777
2231,1/7/2012,123.4390644
2232,2/7/2012,123.4400969
2233,3/7/2012,123.9276434
2234,4/7/2012,123.8249334
2235,5/7/2012,124.425161
2236,8/7/2012,124.139692
2237,9/7/2012,124.3084214
2238,10/7/2012,124.5417907
2239,11/7/2012,125.0445656
2240,12/7/2012,124.7175371
2241,15/7/2012,124.8698635
2242,16/7/2012,124.718554
2243,17/7/2012,124.9413363
2244,18/7/2012,125.1067669
2245,19/7/2012,125.4592237
2246,22/7/2012,125.5600268
2247,23/7/2012,125.5185285
2248,24/7/2012,125.6390558
2249,25/7/2012,125.8773096
2250,26/7/2012,125.7374282
2251,29/7/2012,125.9275019
2252,30/7/2012,126.1266667
2253,31/7/2012,126.1712903
2254,1/8/2012,126.2633578
2255,2/8/2012,126.3488389
2256,5/8/2012,126.1629524
2257,6/8/2012,126.1522325
2258,7/8/2012,126.0862158
2259,8/8/2012,125.7864244
2260,9/8/2012,126.0639006
2261,12/8/2012,126.0238924
2262,13/8/2012,125.8321248
2263,14/8/2012,125.8680117
2264,15/8/2012,125.7523138
2265,16/8/2012,125.5410924
2266,19/8/2012,125.3979222
2267,20/8/2012,125.2770237
2268,21/8/2012,125.0503235
2269,22/8/2012,125.0780801
2270,23/8/2012,125.0155918
2271,26/8/2012,124.9607417
2272,27/8/2012,124.8179482
2273,28/8/2012,124.5978333
2274,29/8/2012,124.6816077
2275,30/8/2012,124.8283675
2276,2/9/2012,124.8744937
2277,3/9/2012,125.1698289
2278,4/9/2012,125.1963799
2279,5/9/2012,125.0417834
2280,6/9/2012,125.3405431
2281,9/9/2012,125.2431751
2282,10/9/2012,125.3329067
2283,11/9/2012,125.5582873
2284,12/9/2012,125.5490641
2285,13/9/2012,125.4695706
2286,16/9/2012,125.5202293
2287,17/9/2012,125.3532396
2288,18/9/2012,125.4957031
2289,19/9/2012,125.4994942
2290,20/9/2012,125.6987125
2291,23/9/2012,125.5989525
2292,24/9/2012,125.4640874
2293,25/9/2012,125.4538245
2294,26/9/2012,125.3257211
2295,27/9/2012,125.561555
2296,30/9/2012,125.6809239
2297,1/10/2012,125.4494998
2298,2/10/2012,125.3177966
2299,3/10/2012,125.4776113
2300,4/10/2012,125.250318
2301,7/10/2012,125.1497861
2302,8/10/2012,125.3098281
2303,9/10/2012,125.5183014
2304,10/10/2012,125.590477
2305,11/10/2012,125.5446362
2306,14/10/2012,126.0747875
2307,15/10/2012,126.1540171
2308,16/10/2012,125.9444362
2309,17/10/2012,126.1066943
2310,18/10/2012,126.0547607
2311,21/10/2012,125.9040961
2312,22/10/2012,126.0564812
2313,23/10/2012,126.0481946
2314,24/10/2012,126.2097105
2315,25/10/2012,126.4755743
2316,29/10/2012,126.4332997
2317,30/10/2012,126.5458202
2318,31/10/2012,126.5098323
2319,1/11/2012,126.463168
2320,2/11/2012,126.5056032
2321,5/11/2012,126.5153679
2322,6/11/2012,126.5949253
2323,7/11/2012,126.618685
2324,8/11/2012,126.7188573
2325,9/11/2012,126.6686414
2326,12/11/2012,126.8304878
2327,13/11/2012,126.9954806
2328,14/11/2012,127.0390126
2329,15/11/2012,127.0782218
2330,16/11/2012,126.9853496
2331,19/11/2012,126.8997392
2332,20/11/2012,126.9344991
2333,21/11/2012,126.8833912
2334,22/11/2012,126.8191239
2335,23/11/2012,126.7739271
2336,26/11/2012,126.5987633
2337,27/11/2012,126.5537433
2338,28/11/2012,126.5758621
2339,29/11/2012,126.6463183
2340,30/11/2012,126.7560927
2341,3/12/2012,126.8318235
2342,4/12/2012,126.850735
2343,5/12/2012,126.6348171
2344,6/12/2012,126.6662992
2345,7/12/2012,126.752688
2346,10/12/2012,126.8492906
2347,11/12/2012,126.6117177
2348,12/12/2012,126.5445647
2349,13/12/2012,126.4570718
2350,14/12/2012,126.4964385
2351,17/12/2012,126.3547048
2352,18/12/2012,126.4346672
2353,19/12/2012,126.4571125
2354,20/12/2012,126.2199618
2355,21/12/2012,126.3394238
2356,24/12/2012,126.2934834
2357,25/12/2012,126.4485583
2358,26/12/2012,126.3915211
2359,27/12/2012,126.060769
2360,28/12/2012,126.1765362
2361,31/12/2012,126.1236154
2362,1/1/2013,126.466177
2363,2/1/2013,126.4034217
2364,3/1/2013,126.4661045
2365,4/1/2013,126.4290482
2366,7/1/2013,126.3812454
2367,8/1/2013,125.808429
2368,9/1/2013,126.0325805
2369,10/1/2013,126.2686132
2370,11/1/2013,126.1882014
2371,14/1/2013,125.5682712
2372,15/1/2013,125.7604101
2373,16/1/2013,125.952477
2374,17/1/2013,126.1150127
2375,18/1/2013,126.0304172
2376,21/1/2013,125.9108687
2377,22/1/2013,125.7696777
2378,23/1/2013,125.7708661
2379,24/1/2013,125.8431079
2380,25/1/2013,125.5565858
2381,28/1/2013,124.8703485
2382,29/1/2013,124.6186251
2383,30/1/2013,124.8201119
2384,31/1/2013,124.4905446
2385,1/2/2013,124.232276
2386,4/2/2013,124.0263495
2387,5/2/2013,124.521366
2388,6/2/2013,124.6592557
2389,7/2/2013,124.666937
2390,8/2/2013,124.9921575
2391,11/2/2013,125.0977237
2392,12/2/2013,124.8423284
2393,13/2/2013,124.825772
2394,14/2/2013,125.1632621
2395,15/2/2013,125.3902407
2396,18/2/2013,125.2932093
2397,19/2/2013,125.2250398
2398,20/2/2013,125.2748136
2399,21/2/2013,125.4539149
2400,22/2/2013,125.6332776
2401,25/2/2013,125.850911
2402,26/2/2013,126.0968885
2403,27/2/2013,126.1467394
2404,28/2/2013,126.0659526
2405,1/3/2013,126.2633614
2406,4/3/2013,126.0441953
2407,5/3/2013,125.7478713
2408,6/3/2013,125.6046588
2409,7/3/2013,125.6925417
2410,8/3/2013,125.6718813
2411,11/3/2013,125.9630593
2412,12/3/2013,125.7103809
2413,13/3/2013,125.8158801
2414,14/3/2013,125.92415
2415,15/3/2013,125.5843214
2416,18/3/2013,125.7983473
2417,19/3/2013,125.7135651
2418,20/3/2013,125.7483934
2419,21/3/2013,125.610835
2420,22/3/2013,125.8265758
2421,25/3/2013,125.5168777
2422,26/3/2013,126.3012309
2423,27/3/2013,126.6775679
2424,28/3/2013,126.757774
2425,29/3/2013,126.7996672
2426,31/3/2013,126.7474705
2427,1/4/2013,126.6562862
2428,2/4/2013,126.8311737
2429,3/4/2013,126.7654153
2430,4/4/2013,126.743287
2431,7/4/2013,126.7131865
2432,8/4/2013,126.5614658
2433,9/4/2013,126.5120499
2434,10/4/2013,126.700228
2435,11/4/2013,126.6250136
2436,14/4/2013,126.5124024
2437,15/4/2013,126.5538187
2438,16/4/2013,126.6085641
2439,17/4/2013,127.0894198
2440,18/4/2013,127.0214681
2441,21/4/2013,127.1107224
2442,22/4/2013,126.6898651
2443,23/4/2013,126.9090428
2444,24/4/2013,126.6776867
2445,25/4/2013,126.89466
2446,28/4/2013,126.7366895
2447,29/4/2013,126.8743681
2448,30/4/2013,126.7590489
2449,1/5/2013,126.5602433
2450,2/5/2013,126.8689246
2451,5/5/2013,126.9701803
2452,6/5/2013,127.3789591
2453,7/5/2013,127.1311518
2454,8/5/2013,127.3409798
2455,9/5/2013,127.38978
2456,12/5/2013,127.2172885
2457,13/5/2013,127.1033772
2458,14/5/2013,127.1203915
2459,15/5/2013,127.0588799
2460,16/5/2013,126.5734079
2461,19/5/2013,126.3329443
2462,20/5/2013,126.3052771
2463,21/5/2013,125.8605555
2464,22/5/2013,125.3872046
2465,23/5/2013,125.3402626
2466,26/5/2013,125.1978231
2467,27/5/2013,125.5831672
2468,28/5/2013,125.3441992
2469,29/5/2013,125.2819439
2470,30/5/2013,125.6374611
2471,2/6/2013,125.4738518
2472,3/6/2013,126.0425692
2473,4/6/2013,125.9800338
2474,5/6/2013,126.3132817
2475,6/6/2013,126.3771291
2476,9/6/2013,125.5585388
2477,10/6/2013,125.0827199
2478,11/6/2013,125.2440302
2479,12/6/2013,124.7150878
2480,13/6/2013,124.9508529
2481,16/6/2013,124.6924202
2482,17/6/2013,124.4610108
2483,18/6/2013,123.9205185
2484,19/6/2013,124.1049321
2485,20/6/2013,124.0536728
2486,23/6/2013,124.4629339
2487,24/6/2013,124.2246822
2488,25/6/2013,124.8470926
2489,26/6/2013,124.8195407
2490,27/6/2013,125.5186243
2491,30/6/2013,125.2144027
2492,1/7/2013,125.7093963
2493,2/7/2013,125.4955123
2494,3/7/2013,125.1330258
2495,4/7/2013,125.3834171
2496,7/7/2013,125.2380164
2497,8/7/2013,125.1834213
2498,9/7/2013,125.5475703
2499,10/7/2013,125.4420745
2500,11/7/2013,125.9812509
2501,14/7/2013,125.9023763
2502,15/7/2013,125.8884466
2503,16/7/2013,125.8170199
2504,17/7/2013,126.3283341
2505,18/7/2013,125.9121532
2506,21/7/2013,125.9621397
2507,22/7/2013,126.106733
2508,23/7/2013,125.5850391
2509,24/7/2013,125.4288129
2510,25/7/2013,125.4427945
2511,28/7/2013,125.4695737
2512,29/7/2013,125.2213088
2513,30/7/2013,125.0876991
2514,31/7/2013,124.9106359
2515,1/8/2013,125.0396123
2516,4/8/2013,125.0612568
2517,5/8/2013,125.3399815
2518,6/8/2013,125.2012345
2519,7/8/2013,125.0185517
2520,8/8/2013,125.4605713
2521,11/8/2013,125.508307
2522,12/8/2013,125.4421619
2523,13/8/2013,125.4291552
2524,14/8/2013,125.1526836
2525,15/8/2013,124.8748879
2526,18/8/2013,124.9596731
2527,19/8/2013,124.3967231
2528,20/8/2013,124.3345659
2529,21/8/2013,124.0452535
2530,22/8/2013,124.3548744
2531,25/8/2013,124.3545498
2532,26/8/2013,124.1703673
2533,27/8/2013,123.7447011
2534,28/8/2013,124.6654097
2535,29/8/2013,125.202192
2536,1/9/2013,125.4600221
2537,2/9/2013,125.6768587
2538,3/9/2013,125.3544284
2539,4/9/2013,125.4966815
2540,5/9/2013,125.2141563
2541,8/9/2013,125.3867868
2542,9/9/2013,125.5613862
2543,10/9/2013,125.6802716
2544,11/9/2013,125.6374277
2545,12/9/2013,125.4747921
2546,15/9/2013,125.4866117
2547,16/9/2013,125.7784428
2548,17/9/2013,125.8252685
2549,18/9/2013,126.1948092
2550,19/9/2013,126.3299561
2551,22/9/2013,125.989919
2552,23/9/2013,125.9796071
2553,24/9/2013,125.7338676
2554,25/9/2013,125.7699389
2555,26/9/2013,125.8659336
2556,29/9/2013,125.1816287
2557,30/9/2013,125.6624756
2558,1/10/2013,125.831149
2559,2/10/2013,125.8453766
2560,3/10/2013,125.8044683
2561,6/10/2013,126.141639
2562,8/10/2013,125.9010478
2563,9/10/2013,126.1178162
2564,10/10/2013,126.1779408
2565,13/10/2013,126.1735719
2566,14/10/2013,126.5726802
2567,15/10/2013,126.7394147
2568,16/10/2013,126.5872823
2569,17/10/2013,126.3611304
2570,20/10/2013,126.257962
2571,21/10/2013,126.1327922
2572,22/10/2013,126.3936618
2573,23/10/2013,126.1637617
2574,24/10/2013,126.2206136
2575,28/10/2013,126.1309546
2576,29/10/2013,126.2127163
2577,30/10/2013,126.1936706
2578,31/10/2013,126.4515892
2579,1/11/2013,126.7775562
2580,4/11/2013,127.0344857
2581,5/11/2013,127.0002381
2582,6/11/2013,127.110372
2583,7/11/2013,127.0594538
2584,8/11/2013,127.1796359
2585,11/11/2013,126.9488653
2586,12/11/2013,127.0774447
2587,13/11/2013,127.1131362
2588,14/11/2013,127.1469134
2589,15/11/2013,127.1947361
2590,18/11/2013,126.7688735
2591,19/11/2013,126.8570642
2592,20/11/2013,127.1364026
2593,21/11/2013,127.2110731
2594,22/11/2013,126.966118
2595,25/11/2013,126.308125
2596,26/11/2013,126.8332084
2597,27/11/2013,126.616752
2598,28/11/2013,126.4848814
2599,29/11/2013,125.9044467
2600,2/12/2013,126.1048735
2601,3/12/2013,126.2532802
2602,4/12/2013,126.7235923
2603,5/12/2013,126.6558091
2604,6/12/2013,126.0019927
2605,9/12/2013,126.1382388
2606,10/12/2013,126.5408402
2607,11/12/2013,126.3959769
2608,12/12/2013,126.1942334
2609,13/12/2013,126.0000733
2610,16/12/2013,126.0744584
2611,17/12/2013,125.9512942
2612,18/12/2013,125.7604688
2613,19/12/2013,125.7751136
2614,20/12/2013,125.5467713
2615,23/12/2013,125.4978273
2616,24/12/2013,125.2911691
2617,25/12/2013,125.2869589
2618,26/12/2013,125.417162
2619,27/12/2013,125.2361018
2620,30/12/2013,125.0942368
2621,31/12/2013,125.1108164
2622,1/1/2014,125.7116427
2623,2/1/2014,125.4939198
2624,3/1/2014,125.5959893
2625,6/1/2014,125.7855228
2626,7/1/2014,125.5676333
2627,8/1/2014,125.2882489
2628,9/1/2014,125.3418878
2629,10/1/2014,125.4683985
2630,13/1/2014,125.7248354
2631,14/1/2014,125.500505
2632,15/1/2014,125.308931
2633,16/1/2014,125.2366814
2634,17/1/2014,125.3394746
2635,20/1/2014,125.2222423
2636,21/1/2014,125.0691953
2637,22/1/2014,124.96587
2638,23/1/2014,125.0018907
2639,24/1/2014,124.5991256
2640,27/1/2014,124.6053752
2641,28/1/2014,124.975203
2642,29/1/2014,125.2037635
2643,30/1/2014,125.0526215
2644,31/1/2014,125.4685926
2645,3/2/2014,125.3967646
2646,4/2/2014,125.4937208
2647,5/2/2014,125.9944558
2648,6/2/2014,125.9257767
2649,7/2/2014,125.7171302
2650,10/2/2014,125.6595206
2651,11/2/2014,125.4260069
2652,12/2/2014,125.6953663
2653,13/2/2014,125.9562028
2654,14/2/2014,125.7226139
2655,17/2/2014,126.0810401
2656,18/2/2014,126.0728251
2657,19/2/2014,125.8264702
2658,20/2/2014,125.822851
2659,21/2/2014,125.7999271
2660,24/2/2014,125.4209801
2661,25/2/2014,125.8181349
2662,26/2/2014,125.7110198
2663,27/2/2014,125.8476178
2664,28/2/2014,125.8195013
2665,3/3/2014,125.1487178
2666,4/3/2014,125.2937829
2667,5/3/2014,125.3667946
2668,6/3/2014,125.2759789
2669,7/3/2014,125.453785
2670,10/3/2014,125.0968034
2671,11/3/2014,125.2382432
2672,12/3/2014,125.3870309
2673,13/3/2014,125.2773752
2674,14/3/2014,125.2859325
2675,17/3/2014,125.1725776
2676,18/3/2014,125.3242077
2677,19/3/2014,125.3676693
2678,20/3/2014,125.0111116
2679,21/3/2014,124.7932435
2680,24/3/2014,125.0258854
2681,25/3/2014,125.0730503
2682,26/3/2014,125.2955684
2683,27/3/2014,125.3549201
2684,28/3/2014,125.7185665
2685,30/3/2014,126.1198385
2686,31/3/2014,126.1364037
2687,1/4/2014,125.9551781
2688,2/4/2014,125.9022706
2689,3/4/2014,126.0255963
2690,6/4/2014,126.1544148
2691,7/4/2014,125.9837785
2692,8/4/2014,126.3406304
2693,9/4/2014,126.5906174
2694,10/4/2014,126.2812986
2695,13/4/2014,126.5439137
2696,14/4/2014,126.2782881
2697,15/4/2014,126.4246608
2698,16/4/2014,126.6624478
2699,17/4/2014,126.41091
2700,20/4/2014,126.4385737
2701,21/4/2014,126.5168641
2702,22/4/2014,126.2386209
2703,23/4/2014,126.2630133
2704,24/4/2014,126.0003244
2705,27/4/2014,126.1764403
2706,28/4/2014,126.1107781
2707,29/4/2014,126.2862805
2708,30/4/2014,126.2995353
2709,1/5/2014,126.2676243
2710,4/5/2014,126.4040713
2711,5/5/2014,126.5815271
2712,6/5/2014,126.4615162
2713,7/5/2014,126.2349099
2714,8/5/2014,126.5755453
2715,11/5/2014,126.6442574
2716,12/5/2014,126.6022904
2717,13/5/2014,126.5450531
2718,14/5/2014,126.5812209
2719,15/5/2014,126.4555524
2720,18/5/2014,126.6021587
2721,19/5/2014,126.5707585
2722,20/5/2014,126.414605
2723,21/5/2014,126.5524261
2724,22/5/2014,126.6438107
2725,25/5/2014,126.6335949
2726,26/5/2014,126.5579989
2727,27/5/2014,126.3975391
2728,28/5/2014,126.6090878
2729,29/5/2014,126.6459035
2730,1/6/2014,126.6608265
2731,2/6/2014,126.687604
2732,3/6/2014,126.7370315
2733,4/6/2014,126.6621327
2734,5/6/2014,126.840025
2735,8/6/2014,126.9543398
2736,9/6/2014,127.1435625
2737,10/6/2014,127.2700578
2738,11/6/2014,127.2222645
2739,12/6/2014,127.271735
2740,15/6/2014,127.0486118
2741,16/6/2014,127.0586998
2742,17/6/2014,127.0511628
2743,18/6/2014,127.162106
2744,19/6/2014,127.0491666
2745,22/6/2014,127.0916767
2746,23/6/2014,127.0792645
2747,24/6/2014,127.0410787
2748,25/6/2014,126.9292955
2749,26/6/2014,126.805568
2750,29/6/2014,126.6727779
2751,30/6/2014,126.7774969
2752,1/7/2014,126.9381747
2753,2/7/2014,126.960073
2754,3/7/2014,127.1281881
2755,6/7/2014,127.3146669
2756,7/7/2014,127.191066
2757,8/7/2014,127.3951952
2758,9/7/2014,127.3675075
2759,10/7/2014,127.4674379
2760,13/7/2014,127.5856149
2761,14/7/2014,127.5828695
2762,15/7/2014,127.5056737
2763,16/7/2014,127.7794079
2764,17/7/2014,127.7875713
2765,20/7/2014,127.9030819
2766,21/7/2014,128.0634941
2767,22/7/2014,128.1457075
2768,23/7/2014,128.3586924
2769,24/7/2014,128.1323933
2770,27/7/2014,128.1563959
2771,28/7/2014,128.1317108
2772,29/7/2014,128.2156388
2773,30/7/2014,128.2247511
2774,31/7/2014,128.065254
2775,3/8/2014,128.0437135
2776,4/8/2014,128.0908129
2777,5/8/2014,128.1370328
2778,6/8/2014,128.0089315
2779,7/8/2014,127.7879117
2780,10/8/2014,127.7636371
2781,11/8/2014,127.8426866
2782,12/8/2014,127.8419704
2783,13/8/2014,128.0123608
2784,14/8/2014,128.2386094
2785,17/8/2014,128.2268829
2786,18/8/2014,128.3369109
2787,19/8/2014,128.2611212
2788,20/8/2014,128.2453426
2789,21/8/2014,128.3577501
2790,24/8/2014,128.5468109
2791,25/8/2014,128.5931117
2792,26/8/2014,128.6928208
2793,27/8/2014,128.7009857
2794,28/8/2014,128.5240638
2795,31/8/2014,128.7747359
2796,1/9/2014,128.7899072
2797,2/9/2014,128.6300191
2798,3/9/2014,128.6095781
2799,4/9/2014,128.9504517
2800,7/9/2014,129.0271606
2801,8/9/2014,129.0128318
2802,9/9/2014,128.6353874
2803,10/9/2014,128.6874933
2804,11/9/2014,128.7182159
2805,14/9/2014,128.5650203
2806,15/9/2014,128.9148731
2807,16/9/2014,129.1176937
2808,17/9/2014,128.8540091
2809,18/9/2014,128.739898
2810,21/9/2014,129.1507614
2811,22/9/2014,128.9978789
2812,23/9/2014,129.0667859
2813,24/9/2014,129.290233
2814,25/9/2014,129.3072885
2815,28/9/2014,129.1721022
2816,29/9/2014,129.3914278
2817,30/9/2014,129.4103828
2818,1/10/2014,129.7989486
2819,2/10/2014,129.626555
2820,5/10/2014,129.4631183
2821,6/10/2014,129.2960578
2822,7/10/2014,129.1524325
2823,8/10/2014,129.0829036
2824,9/10/2014,129.387737
2825,12/10/2014,129.2827758
2826,13/10/2014,129.3191223
2827,14/10/2014,129.2713151
2828,15/10/2014,128.953826
2829,16/10/2014,128.9031688
2830,19/10/2014,129.0770311
2831,20/10/2014,129.3577559
2832,21/10/2014,129.4571007
2833,22/10/2014,129.6204563
2834,23/10/2014,129.4611121
2835,27/10/2014,129.3399428
2836,28/10/2014,129.4648047
2837,29/10/2014,129.4029903
2838,30/10/2014,129.3509541
2839,31/10/2014,129.2557872
2840,3/11/2014,129.2697649
2841,4/11/2014,129.3424591
2842,5/11/2014,129.3231434
2843,6/11/2014,129.319762
2844,7/11/2014,129.8619285
2845,10/11/2014,130.0746071
2846,11/11/2014,130.0308342
2847,12/11/2014,129.861841
2848,13/11/2014,130.1077153
2849,14/11/2014,129.98282
2850,17/11/2014,129.3481741
2851,18/11/2014,129.6129433
2852,19/11/2014,129.3288461
2853,20/11/2014,129.0739498
2854,21/11/2014,129.1621131
2855,24/11/2014,129.6536606
2856,25/11/2014,129.2047083
2857,26/11/2014,129.3754875
2858,27/11/2014,129.444797
2859,28/11/2014,129.6467168
2860,1/12/2014,129.3919541
2861,2/12/2014,129.416129
2862,3/12/2014,129.5757635
2863,4/12/2014,129.6307284
2864,5/12/2014,129.624973
2865,8/12/2014,129.1337128
2866,9/12/2014,129.4399545
2867,10/12/2014,129.3909227
2868,11/12/2014,129.6783339
2869,12/12/2014,129.8021209
2870,15/12/2014,130.0326925
2871,16/12/2014,130.6273691
2872,17/12/2014,131.3152054
2873,18/12/2014,130.9872948
2874,19/12/2014,130.6429744
2875,22/12/2014,130.6278297
2876,23/12/2014,130.2423656
2877,24/12/2014,129.8993816
2878,25/12/2014,130.073665
2879,26/12/2014,129.7804356
2880,29/12/2014,129.9434257
2881,30/12/2014,130.2759964
2882,31/12/2014,130.1150175
2883,1/1/2015,130.3209639
2884,2/1/2015,130.2508268
2885,5/1/2015,130.084736
2886,6/1/2015,130.1764828
2887,7/1/2015,130.4651643
2888,8/1/2015,130.284728
2889,9/1/2015,130.191206
2890,12/1/2015,130.3263759
2891,13/1/2015,130.3407642
2892,14/1/2015,130.6060938
2893,15/1/2015,130.3589731
2894,16/1/2015,131.5184484
2895,19/1/2015,131.6706708
2896,20/1/2015,131.1175001
2897,21/1/2015,130.880169
2898,22/1/2015,130.9097068
2899,23/1/2015,131.3509621
2900,26/1/2015,131.4796346
2901,27/1/2015,131.7198474
2902,28/1/2015,131.5657511
2903,29/1/2015,130.6076612
2904,30/1/2015,130.827706
2905,2/2/2015,131.1487593
2906,3/2/2015,131.090253
2907,4/2/2015,130.9239997
2908,5/2/2015,131.4026603
2909,6/2/2015,131.148999
2910,9/2/2015,131.1604006
2911,10/2/2015,130.942244
2912,11/2/2015,131.0898822
2913,12/2/2015,130.8739516
2914,13/2/2015,130.6787247
2915,16/2/2015,130.5998958
2916,17/2/2015,130.5672623
2917,18/2/2015,130.5469852
2918,19/2/2015,130.3328533
2919,20/2/2015,130.4242129
2920,23/2/2015,130.2128265
2921,24/2/2015,130.6030556
2922,25/2/2015,130.6290768
2923,26/2/2015,130.8143861
2924,27/2/2015,131.2280601
2925,2/3/2015,130.6293177
2926,3/3/2015,130.7289463
2927,4/3/2015,130.9811018
2928,5/3/2015,130.9599395
2929,6/3/2015,130.8733756
2930,9/3/2015,131.070804
2931,10/3/2015,131.1061076
2932,11/3/2015,130.8950222
2933,12/3/2015,131.6836667
2934,13/3/2015,131.9697115
2935,16/3/2015,131.7792652
2936,17/3/2015,131.6418156
2937,18/3/2015,131.5530479
2938,19/3/2015,131.0586783
2939,20/3/2015,131.2162571
2940,23/3/2015,131.0975673
2941,24/3/2015,131.3369335
2942,25/3/2015,131.4597058
2943,26/3/2015,131.11856
2944,27/3/2015,131.4181237
2945,29/3/2015,131.5999223
2946,30/3/2015,131.3359559
2947,31/3/2015,131.8149809
2948,1/4/2015,132.510175
2949,2/4/2015,132.5720088
2950,5/4/2015,132.7394258
2951,6/4/2015,132.2616908
2952,7/4/2015,132.4238748
2953,8/4/2015,132.6733087
2954,9/4/2015,132.8630204
2955,12/4/2015,132.3322583
2956,13/4/2015,132.2478744
2957,14/4/2015,132.7449605
2958,15/4/2015,132.7234207
2959,16/4/2015,132.7359106
2960,19/4/2015,133.5080462
2961,20/4/2015,133.4335834
2962,21/4/2015,133.1825604
2963,22/4/2015,133.4589899
2964,23/4/2015,133.383223
2965,26/4/2015,134.0558209
2966,27/4/2015,134.5560216
2967,28/4/2015,134.9323441
2968,29/4/2015,134.0942148
2969,30/4/2015,133.8200462
2970,3/5/2015,133.5326818
2971,4/5/2015,133.5963292
2972,5/5/2015,133.2531004
2973,6/5/2015,133.4496773
2974,7/5/2015,132.8619846
2975,10/5/2015,133.1696778
2976,11/5/2015,132.9077006
2977,12/5/2015,132.6223192
2978,13/5/2015,132.8040266
2979,14/5/2015,133.1036813
2980,17/5/2015,132.9383989
2981,18/5/2015,132.7725024
2982,19/5/2015,132.9504724
2983,20/5/2015,132.9036821
2984,21/5/2015,132.9904117
2985,24/5/2015,133.4857519
2986,25/5/2015,133.1320427
2987,26/5/2015,133.1477938
2988,27/5/2015,133.067448
2989,28/5/2015,133.2271827
2990,31/5/2015,133.2658227
2991,1/6/2015,132.9213004
2992,2/6/2015,132.5740719
2993,3/6/2015,132.8209245
2994,4/6/2015,132.736562
2995,7/6/2015,132.3964824
2996,8/6/2015,131.9957739
2997,9/6/2015,132.0723331
2998,10/6/2015,132.4741536
2999,11/6/2015,132.5416318
3000,14/6/2015,132.7031714
3001,15/6/2015,132.3487838
3002,16/6/2015,132.6478387
3003,17/6/2015,132.722761
3004,18/6/2015,132.8002783
3005,21/6/2015,132.8655874
3006,22/6/2015,132.8950815
3007,23/6/2015,133.0640862
3008,24/6/2015,132.8654836
3009,25/6/2015,132.8772253
3010,28/6/2015,132.5500235
3011,29/6/2015,132.4853206
3012,30/6/2015,132.6655515
3013,1/7/2015,132.7515063
3014,2/7/2015,132.8335978
3015,5/7/2015,133.0402606
3016,6/7/2015,133.0668725
3017,7/7/2015,132.9150251
3018,8/7/2015,133.0469428
3019,9/7/2015,133.2064803
3020,12/7/2015,132.7131439
3021,13/7/2015,132.6194179
3022,14/7/2015,132.2109841
3023,15/7/2015,132.1314332
3024,16/7/2015,132.377664
3025,19/7/2015,132.40721
3026,20/7/2015,132.266878
3027,21/7/2015,132.51025
3028,22/7/2015,132.5597674
3029,23/7/2015,132.2075967
3030,26/7/2015,132.1454294
3031,27/7/2015,132.0804588
3032,28/7/2015,127.9485542
3033,29/7/2015,132.2989719
3034,30/7/2015,132.1619504
3035,2/8/2015,132.3660895
3036,3/8/2015,132.1611169
3037,4/8/2015,132.0455987
3038,5/8/2015,131.8980674
3039,6/8/2015,131.9573984
3040,9/8/2015,131.6999751
3041,10/8/2015,131.4791615
3042,11/8/2015,130.2006173
3043,12/8/2015,130.1224768
3044,13/8/2015,130.4818923
3045,16/8/2015,129.7745702
3046,17/8/2015,129.8975954
3047,18/8/2015,130.3010522
3048,19/8/2015,130.2592472
3049,20/8/2015,129.8032901
3050,23/8/2015,128.4876444
3051,24/8/2015,128.1106379
3052,25/8/2015,128.8301159
3053,26/8/2015,129.529241
3054,27/8/2015,130.0884628
3055,30/8/2015,129.3664479
3056,31/8/2015,129.2296918
3057,1/9/2015,128.8710814
3058,2/9/2015,129.0825994
3059,3/9/2015,129.2696913
3060,6/9/2015,128.7724886
3061,7/9/2015,128.5441662
3062,8/9/2015,129.1118384
3063,9/9/2015,128.8977304
3064,10/9/2015,129.2831374
3065,13/9/2015,129.2463452
3066,14/9/2015,129.7798391
3067,15/9/2015,130.2285129
3068,16/9/2015,130.4110459
3069,17/9/2015,130.0905308
3070,20/9/2015,130.2369726
3071,22/9/2015,129.9838059
3072,23/9/2015,129.3452917
3073,24/9/2015,129.224465
3074,27/9/2015,129.0689555
3075,28/9/2015,128.7226007
3076,29/9/2015,128.8189506
3077,30/9/2015,129.2057688
3078,1/10/2015,128.5905308
3079,4/10/2015,128.2175034
3080,5/10/2015,129.2221869
3081,6/10/2015,128.6374155
3082,7/10/2015,129.4062858
3083,8/10/2015,129.6267332
3084,11/10/2015,129.7728722
3085,12/10/2015,129.5844404
3086,13/10/2015,129.8467755
3087,14/10/2015,131.1438099
3088,15/10/2015,131.2277912
3089,18/10/2015,131.2202661
3090,19/10/2015,130.9324618
3091,20/10/2015,130.7033476
3092,21/10/2015,130.7095308
3093,22/10/2015,131.4456628
3094,26/10/2015,131.5066719
3095,27/10/2015,131.7829225
3096,28/10/2015,131.6309777
3097,29/10/2015,131.4907252
3098,30/10/2015,131.1671034
3099,2/11/2015,130.9958652
3100,3/11/2015,131.2379511
3101,4/11/2015,131.4187104
3102,5/11/2015,131.2946937
3103,6/11/2015,131.019406
3104,9/11/2015,130.6915773
3105,10/11/2015,130.533204
3106,11/11/2015,130.638765
3107,12/11/2015,130.7025251
3108,13/11/2015,130.6265159
3109,16/11/2015,130.5413258
3110,17/11/2015,130.8174553
3111,18/11/2015,130.7584519
3112,19/11/2015,130.9914964
3113,20/11/2015,131.2584128
3114,23/11/2015,131.4908076
3115,24/11/2015,131.274004
3116,25/11/2015,131.8573658
3117,26/11/2015,132.4342995
3118,27/11/2015,132.2853187
3119,30/11/2015,132.1256068
3120,1/12/2015,132.4899271
3121,2/12/2015,132.5406246
3122,3/12/2015,132.1951052
3123,4/12/2015,132.3288259
3124,7/12/2015,132.362989
3125,8/12/2015,132.0068324
3126,9/12/2015,131.8505749
3127,10/12/2015,131.5003884
3128,11/12/2015,131.8443301
3129,14/12/2015,131.1170798
3130,15/12/2015,131.6316577
3131,16/12/2015,132.1709339
3132,17/12/2015,131.9557478
3133,18/12/2015,131.5604026
3134,21/12/2015,131.9646413
3135,22/12/2015,132.2427602
3136,23/12/2015,132.4119702
3137,24/12/2015,132.3075854
3138,25/12/2015,131.996935
3139,28/12/2015,131.993921
3140,29/12/2015,131.8197952
3141,30/12/2015,131.5865519
3142,31/12/2015,131.5547928
3143,1/1/2016,131.3744124
3144,4/1/2016,131.4458449
3145,5/1/2016,131.144328
3146,6/1/2016,131.3933829
3147,7/1/2016,130.6317978
3148,8/1/2016,130.4726019
3149,11/1/2016,129.5405179
3150,12/1/2016,130.6592175
3151,13/1/2016,130.5598613
3152,14/1/2016,130.3185976
3153,15/1/2016,130.625477
3154,18/1/2016,130.3176975
3155,19/1/2016,130.63364
3156,20/1/2016,130.6960294
3157,21/1/2016,130.9456529
3158,22/1/2016,131.4046429
3159,25/1/2016,131.7035853
3160,26/1/2016,131.4914983
3161,27/1/2016,131.6616199
3162,28/1/2016,131.0242781
3163,29/1/2016,131.2086989
3164,1/2/2016,131.9373668
3165,2/2/2016,131.7039539
3166,3/2/2016,131.2065239
3167,4/2/2016,131.148874
3168,5/2/2016,132.3997209
3169,8/2/2016,131.8148885
3170,9/2/2016,131.7566395
3171,10/2/2016,132.1915248
3172,11/2/2016,132.579238
3173,12/2/2016,132.6713344
3174,15/2/2016,132.2932401
3175,16/2/2016,132.1576142
3176,17/2/2016,131.8947413
3177,18/2/2016,131.7446288
3178,19/2/2016,131.8327753
3179,22/2/2016,131.4952252
3180,23/2/2016,132.3795362
3181,24/2/2016,131.5896142
3182,25/2/2016,131.9500173
3183,26/2/2016,132.2526754
3184,29/2/2016,132.1416491
3185,1/3/2016,132.451275
3186,2/3/2016,132.6982373
3187,3/3/2016,132.7545537
3188,4/3/2016,133.1025683
3189,7/3/2016,133.9145923
3190,8/3/2016,133.5675024
3191,9/3/2016,132.9431631
3192,10/3/2016,133.1796012
3193,11/3/2016,132.5907026
3194,14/3/2016,133.0215812
3195,15/3/2016,133.1989183
3196,16/3/2016,133.0152971
3197,17/3/2016,133.6616349
3198,18/3/2016,134.1009136
3199,21/3/2016,133.6819313
3200,22/3/2016,133.6942495
3201,23/3/2016,133.7639014
3202,24/3/2016,133.6878093
3203,25/3/2016,133.6574257
3204,27/3/2016,133.4658486
3205,28/3/2016,133.5135181
3206,29/3/2016,134.2300359
3207,30/3/2016,134.1341344
3208,31/3/2016,134.1681384
3209,3/4/2016,134.1433235
3210,4/4/2016,133.9023947
3211,5/4/2016,133.7814604
3212,6/4/2016,134.3800812
3213,7/4/2016,133.8435222
3214,10/4/2016,133.9434597
3215,11/4/2016,133.99775
3216,12/4/2016,134.0157639
3217,13/4/2016,133.9590368
3218,14/4/2016,132.8370863
3219,17/4/2016,132.8735272
3220,18/4/2016,133.9030371
3221,19/4/2016,134.584133
3222,20/4/2016,134.3509797
3223,21/4/2016,133.9809023
3224,24/4/2016,134.0069143
3225,25/4/2016,134.0135117
3226,26/4/2016,133.8188757
3227,27/4/2016,134.0308982
3228,28/4/2016,133.7638549
3229,1/5/2016,133.222495
3230,2/5/2016,133.292583
3231,3/5/2016,132.8974757
3232,4/5/2016,132.5959756
3233,5/5/2016,132.8411665
3234,8/5/2016,132.6271056
3235,9/5/2016,131.9521372
3236,10/5/2016,132.2918953
3237,11/5/2016,131.9818174
3238,12/5/2016,131.7661467
3239,15/5/2016,132.2076731
3240,16/5/2016,132.4570725
3241,17/5/2016,132.3031518
3242,18/5/2016,131.9521158
3243,19/5/2016,132.3041416
3244,22/5/2016,132.149604
3245,23/5/2016,132.3833661
3246,24/5/2016,132.335834
3247,25/5/2016,132.4596196
3248,26/5/2016,132.7549606
3249,29/5/2016,132.6744775
3250,30/5/2016,132.5971227
3251,31/5/2016,132.9130214
3252,1/6/2016,132.6360059
3253,2/6/2016,132.9140869
3254,5/6/2016,133.2839863
3255,6/6/2016,133.4484184
3256,7/6/2016,133.6016932
3257,8/6/2016,133.6437785
3258,9/6/2016,133.3991236
3259,12/6/2016,133.2294648
3260,13/6/2016,133.673962
3261,14/6/2016,134.0732525
3262,15/6/2016,134.2021614
3263,16/6/2016,134.5228438
3264,19/6/2016,134.0439268
3265,20/6/2016,134.0955053
3266,21/6/2016,134.8069274
3267,22/6/2016,134.8810101
3268,23/6/2016,134.312871
3269,26/6/2016,134.5690786
3270,27/6/2016,132.4117803
3271,28/6/2016,134.8520142
3272,29/6/2016,134.9710598
3273,30/6/2016,135.0614872
3274,3/7/2016,135.0883978
3275,4/7/2016,135.0385297
3276,5/7/2016,134.9420241
3277,6/7/2016,135.1101992
3278,7/7/2016,135.2973293
3279,10/7/2016,135.5060038
3280,11/7/2016,131.22625
3281,12/7/2016,135.6400737
3282,13/7/2016,135.39278
3283,14/7/2016,135.6477106
3284,17/7/2016,135.7648805
3285,18/7/2016,135.5961763
3286,19/7/2016,135.4942413
3287,20/7/2016,135.3006237
3288,21/7/2016,135.4077044
3289,24/7/2016,135.3481533
3290,25/7/2016,134.9765613
3291,26/7/2016,135.2681056
3292,27/7/2016,135.7665319
3293,28/7/2016,135.4354504
3294,31/7/2016,135.6399991
3295,1/8/2016,135.7634912
3296,2/8/2016,135.4800828
3297,3/8/2016,135.6285958
3298,4/8/2016,135.638811
3299,7/8/2016,135.4266276
3300,8/8/2016,135.4810402
3301,9/8/2016,135.4441109
3302,10/8/2016,135.4013945
3303,11/8/2016,135.2519557
3304,14/8/2016,135.0639806
3305,15/8/2016,135.1556496
3306,16/8/2016,135.0091098
3307,17/8/2016,134.7530093
3308,18/8/2016,134.6893379
3309,21/8/2016,134.1596098
3310,22/8/2016,134.0106252
3311,23/8/2016,133.9662544
3312,24/8/2016,133.8680154
3313,25/8/2016,133.950021
3314,28/8/2016,133.8637389
3315,29/8/2016,133.9531981
3316,30/8/2016,133.9346556
3317,31/8/2016,134.0431106
3318,1/9/2016,134.09613
3319,4/9/2016,134.1457063
3320,5/9/2016,134.3653565
3321,6/9/2016,134.6785095
3322,7/9/2016,134.5686074
3323,8/9/2016,134.3243034
3324,11/9/2016,133.8301953
3325,12/9/2016,134.066012
3326,13/9/2016,133.4773135
3327,14/9/2016,133.7674788
3328,15/9/2016,133.7537268
3329,18/9/2016,133.6329993
3330,19/9/2016,133.9839851
3331,20/9/2016,134.154935
3332,21/9/2016,134.3795417
3333,22/9/2016,134.0452445
3334,25/9/2016,133.8164282
3335,26/9/2016,133.6521219
3336,27/9/2016,133.736837
3337,28/9/2016,133.7586222
3338,29/9/2016,133.3933702
3339,2/10/2016,133.2981423
3340,3/10/2016,133.3964433
3341,4/10/2016,133.1400073
3342,5/10/2016,133.2974175
3343,6/10/2016,133.3382824
3344,9/10/2016,133.0818852
3345,10/10/2016,133.2235558
3346,11/10/2016,133.360254
3347,12/10/2016,133.132129
3348,13/10/2016,133.093577
3349,16/10/2016,132.53861
3350,17/10/2016,132.6840609
3351,18/10/2016,132.8400594
3352,19/10/2016,132.7044803
3353,20/10/2016,132.5487056
3354,23/10/2016,132.5635824
3355,24/10/2016,132.6133169
3356,25/10/2016,133.0703898
3357,26/10/2016,132.8107277
3358,27/10/2016,132.7702629
3359,31/10/2016,132.8270063
3360,1/11/2016,132.8033652
3361,2/11/2016,132.7469589
3362,3/11/2016,132.8822982
3363,4/11/2016,132.7974305
3364,7/11/2016,132.7036229
3365,8/11/2016,132.5875769
3366,9/11/2016,132.8480427
3367,10/11/2016,132.5762557
3368,11/11/2016,132.2106071
3369,14/11/2016,132.1888256
3370,15/11/2016,132.8454425
3371,16/11/2016,132.9861197
3372,17/11/2016,132.9468487
3373,18/11/2016,132.8987423
3374,21/11/2016,132.8212267
3375,22/11/2016,132.8530521
3376,23/11/2016,132.8273128
3377,24/11/2016,132.7212453
3378,25/11/2016,132.817218
3379,28/11/2016,133.1052779
3380,29/11/2016,133.1081476
3381,30/11/2016,132.9698979
3382,1/12/2016,132.4683226
3383,2/12/2016,131.1365479
3384,5/12/2016,133.3232457
3385,6/12/2016,132.8427708
3386,7/12/2016,132.9707183
3387,8/12/2016,133.0009259
3388,9/12/2016,133.0198522
3389,12/12/2016,132.6814564
3390,13/12/2016,132.757836
3391,14/12/2016,132.7726072
3392,15/12/2016,132.4848924
3393,16/12/2016,132.6336309
3394,19/12/2016,132.429952
3395,20/12/2016,132.2547119
3396,21/12/2016,132.6622534
3397,22/12/2016,132.3975118
3398,23/12/2016,131.9563266
3399,26/12/2016,132.1325707
3400,27/12/2016,132.0269699
3401,28/12/2016,131.9282028
3402,29/12/2016,132.0144353
3403,30/12/2016,131.5963014
3404,2/1/2017,131.7625372
3405,3/1/2017,131.7740487
3406,4/1/2017,132.2119457
3407,5/1/2017,132.5225392
3408,6/1/2017,132.6110377
3409,9/1/2017,132.3451014
3410,10/1/2017,132.501365
3411,11/1/2017,132.4815521
3412,12/1/2017,133.2414405
3413,13/1/2017,132.9292012
3414,16/1/2017,132.6756353
3415,17/1/2017,132.7396795
3416,18/1/2017,132.8714629
3417,19/1/2017,132.5303436
3418,20/1/2017,132.8080458
3419,23/1/2017,132.7931773
3420,24/1/2017,132.5809758
3421,25/1/2017,132.5185521
3422,26/1/2017,133.085763
3423,27/1/2017,132.3906364
3424,30/1/2017,131.9907306
3425,31/1/2017,132.6019442
3426,1/2/2017,133.1392893
3427,2/2/2017,132.938176
3428,3/2/2017,132.941607
3429,6/2/2017,133.1325645
3430,7/2/2017,132.9965534
3431,8/2/2017,132.6890479
3432,9/2/2017,132.6657632
3433,10/2/2017,132.4367144
3434,13/2/2017,132.4793823
3435,14/2/2017,132.4364706
3436,15/2/2017,128.7892339
3437,16/2/2017,132.7520063
3438,17/2/2017,132.6261548
3439,20/2/2017,132.6625463
3440,21/2/2017,132.7187924
3441,22/2/2017,132.8278707
3442,23/2/2017,133.2588237
3443,24/2/2017,133.4873169
3444,27/2/2017,134.05655
3445,28/2/2017,133.9782084
3446,1/3/2017,134.1228835
3447,2/3/2017,133.8395249
3448,3/3/2017,134.1340999
3449,6/3/2017,133.8451674
3450,7/3/2017,133.7905155
3451,8/3/2017,133.9592612
3452,9/3/2017,133.7489479
3453,10/3/2017,133.4563728
3454,13/3/2017,133.5395326
3455,14/3/2017,133.5081053
3456,15/3/2017,133.752894
3457,16/3/2017,133.9872037
3458,17/3/2017,133.7997692
3459,20/3/2017,133.7295422
3460,21/3/2017,134.1190618
3461,22/3/2017,133.4384319
3462,23/3/2017,133.5558804
3463,24/3/2017,133.5709664
3464,26/3/2017,133.4724409
3465,27/3/2017,133.6689763
3466,28/3/2017,133.7153793
3467,29/3/2017,134.0675301
3468,30/3/2017,134.1444243
3469,2/4/2017,134.0879713
3470,3/4/2017,134.1495073
3471,4/4/2017,134.0412714
3472,5/4/2017,133.8602805
3473,6/4/2017,133.9011737
3474,9/4/2017,133.957478
3475,10/4/2017,133.8570561
3476,11/4/2017,133.7637274
3477,12/4/2017,134.0690038
3478,13/4/2017,134.0204475
3479,16/4/2017,134.1545605
3480,17/4/2017,133.8201733
3481,18/4/2017,133.6160165
3482,19/4/2017,133.6945833
3483,20/4/2017,133.6302813
3484,23/4/2017,133.3510716
3485,24/4/2017,133.5380609
3486,25/4/2017,133.4615302
3487,26/4/2017,133.6003974
3488,27/4/2017,133.6299226
3489,30/4/2017,133.4557765
3490,1/5/2017,133.5114712
3491,2/5/2017,133.6546741
3492,3/5/2017,133.6493157
3493,4/5/2017,133.1934169
3494,7/5/2017,132.5589549
3495,8/5/2017,132.9868845
3496,9/5/2017,132.8258878
3497,10/5/2017,132.6845898
3498,11/5/2017,132.8982575
3499,14/5/2017,133.0148921
3500,15/5/2017,133.2633611
3501,16/5/2017,132.9718334
3502,17/5/2017,133.0321039
3503,18/5/2017,133.4667777
3504,21/5/2017,133.3467753
3505,22/5/2017,133.2894373
3506,23/5/2017,133.1674127
3507,24/5/2017,133.5160714
3508,25/5/2017,133.4283282
3509,28/5/2017,133.6733502
3510,29/5/2017,133.5276074
3511,30/5/2017,133.5285465
3512,31/5/2017,133.2811083
3513,1/6/2017,133.1771981
3514,4/6/2017,133.3149184
3515,5/6/2017,133.4126666
3516,6/6/2017,133.3069131
3517,7/6/2017,133.1716357
3518,8/6/2017,133.4456738
3519,11/6/2017,133.1537352
3520,12/6/2017,133.2772182
3521,13/6/2017,133.4420996
3522,14/6/2017,133.534149
3523,15/6/2017,133.2764169
3524,18/6/2017,133.3672439
3525,19/6/2017,133.3709964
3526,20/6/2017,133.4699057
3527,21/6/2017,133.4144587
3528,22/6/2017,133.3419496
3529,25/6/2017,133.3344726
3530,26/6/2017,133.3764779
3531,27/6/2017,132.9742378
3532,28/6/2017,133.0408718
3533,29/6/2017,133.1074203
3534,2/7/2017,133.1617955
3535,3/7/2017,133.2667745
3536,4/7/2017,133.2318963
3537,5/7/2017,133.5065677
3538,6/7/2017,133.1350917
3539,9/7/2017,133.1669715
3540,11/7/2017,133.0700944
3541,12/7/2017,133.3110749
3542,13/7/2017,133.6769525
3543,16/7/2017,133.2699293
3544,17/7/2017,133.3945105
3545,18/7/2017,133.2710228
3546,19/7/2017,133.1248891
3547,20/7/2017,132.9874911
3548,23/7/2017,133.1717179
3549,24/7/2017,133.3660892
3550,25/7/2017,133.4698533
3551,26/7/2017,133.5443462
3552,27/7/2017,133.5250771
3553,30/7/2017,133.2983749
3554,31/7/2017,133.1540716
3555,1/8/2017,132.9322253
3556,2/8/2017,132.7633639
3557,3/8/2017,132.8522144
3558,6/8/2017,133.1537572
3559,7/8/2017,128.9144272
3560,8/8/2017,132.8189435
3561,9/8/2017,132.784033
3562,10/8/2017,132.5508833
3563,13/8/2017,132.7144453
3564,14/8/2017,132.703243
3565,15/8/2017,132.6463179
3566,16/8/2017,132.6926309
3567,17/8/2017,132.5054063
3568,20/8/2017,132.5777962
3569,21/8/2017,132.556602
3570,22/8/2017,132.6617131
3571,23/8/2017,132.5918992
3572,24/8/2017,132.5902355
3573,27/8/2017,132.2851253
3574,28/8/2017,132.3629218
3575,29/8/2017,132.4376409
3576,30/8/2017,132.5400342
3577,31/8/2017,132.4987093
3578,3/9/2017,132.2467532
3579,4/9/2017,132.2156007
3580,5/9/2017,132.2874886
3581,6/9/2017,132.4788116
3582,7/9/2017,132.8284646
3583,10/9/2017,132.7910004
3584,11/9/2017,132.6141775
3585,12/9/2017,132.6873101
3586,13/9/2017,132.7717306
3587,14/9/2017,132.880633
3588,17/9/2017,132.8560804
3589,18/9/2017,132.9713934
3590,19/9/2017,132.9474731
3591,20/9/2017,133.0450278
3592,21/9/2017,132.9523567
3593,24/9/2017,133.2434678
3594,25/9/2017,133.2374824
3595,26/9/2017,133.1520767
3596,27/9/2017,133.1605653
3597,28/9/2017,133.1279172
3598,1/10/2017,132.9533536
3599,2/10/2017,133.0414582
3600,3/10/2017,132.980153
3601,4/10/2017,132.9128505
3602,5/10/2017,132.979401
3603,8/10/2017,132.9362739
3604,9/10/2017,133.1010887
3605,10/10/2017,133.3034268
3606,11/10/2017,133.3402903
3607,12/10/2017,133.5624545
3608,15/10/2017,133.6564216
3609,16/10/2017,133.650623
3610,17/10/2017,133.6225692
3611,18/10/2017,133.493201
3612,19/10/2017,133.2114518
3613,22/10/2017,133.2716811
