2003-12-01,8298.299805
2003-12-02,8286.700195
2003-12-03,8294.0
2003-12-04,8290.599609
2003-12-05,8294.0
2003-12-08,8274.099609
2003-12-09,8264.099609
2003-12-10,8256.599609
2003-12-11,8257.200195
2003-12-12,8259.700195
2003-12-15,8254.099609
2003-12-16,8241.099609
2003-12-17,8252.700195
2003-12-18,8252.5
2003-12-19,8237.200195
2003-12-22,8241.0
2003-12-23,8243.200195
2003-12-24,
2003-12-25,
2003-12-26,
2003-12-29,8239.599609
2003-12-30,8239.700195
2003-12-31,8161.299805
2004-01-01,
2004-01-02,8236.200195
2004-01-05,8731.5
2004-01-06,8724.700195
2004-01-07,8728.700195
2004-01-08,8217.799805
2004-01-09,8236.900391
2004-01-12,8221.900391
2004-01-13,8222.900391
2004-01-14,8238.0
2004-01-15,8239.0
2004-01-16,8253.200195
2004-01-19,8244.900391
2004-01-20,8238.299805
2004-01-21,8245.099609
2004-01-22,8254.400391
2004-01-23,8264.299805
2004-01-26,8297.0
2004-01-27,8294.900391
2004-01-28,8302.900391
2004-01-29,8312.0
2004-01-30,8297.700195
2004-02-02,8299.700195
2004-02-03,8312.5
2004-02-04,8312.5
2004-02-05,8308.099609
2004-02-06,8311.099609
2004-02-09,8339.5
2004-02-10,8299.099609
2004-02-11,8298.900391
2004-02-12,8296.700195
2004-02-13,8298.599609
2004-02-16,8305.599609
2004-02-17,8305.400391
2004-02-18,8305.700195
2004-02-19,8300.700195
2004-02-20,8297.799805
2004-02-23,8322.299805
2004-02-24,8319.200195
2004-02-25,8330.700195
2004-02-26,8827.099609
2004-02-27,8827.0
2004-03-01,8334.5
2004-03-02,8336.799805
2004-03-03,8365.299805
2004-03-04,8372.799805
2004-03-05,8362.099609
2004-03-08,8366.099609
2004-03-09,8357.0
2004-03-10,8355.099609
2004-03-11,8365.200195
2004-03-12,8376.099609
2004-03-15,8393.299805
2004-03-16,8395.5
2004-03-17,8405.299805
2004-03-18,8422.299805
2004-03-19,8418.599609
2004-03-22,8415.400391
2004-03-23,8415.200195
2004-03-24,8417.0
2004-03-25,8407.0
2004-03-26,8410.0
2004-03-28,8421.5
2004-03-29,8423.099609
2004-03-30,8413.799805
2004-03-31,8419.200195
2004-04-01,8415.299805
2004-04-04,8446.5
2004-04-05,8452.5
2004-04-06,8441.700195
2004-04-07,8450.599609
2004-04-08,
2004-04-11,
2004-04-12,8455.099609
2004-04-13,8463.799805
2004-04-14,8465.0
2004-04-15,8460.599609
2004-04-18,8468.099609
2004-04-19,8470.5
2004-04-20,8479.5
2004-04-21,8479.0
2004-04-22,8487.700195
2004-04-25,8501.599609
2004-04-26,8507.400391
2004-04-27,8487.200195
2004-04-28,8499.0
2004-04-29,8477.200195
2004-05-02,8492.900391
2004-05-03,8494.400391
2004-05-04,8500.200195
2004-05-05,8505.5
2004-05-06,8488.0
2004-05-09,8489.799805
2004-05-10,8489.400391
2004-05-11,8493.400391
2004-05-12,8491.799805
2004-05-13,8493.0
2004-05-16,8505.099609
2004-05-17,8501.200195
2004-05-18,8508.0
2004-05-19,
2004-05-20,8511.099609
2004-05-23,8510.299805
2004-05-24,8508.0
2004-05-25,8506.700195
2004-05-26,8508.700195
2004-05-27,8513.099609
2004-05-30,
2004-05-31,8516.700195
2004-06-01,8514.799805
2004-06-02,8513.099609
2004-06-03,8516.900391
2004-06-06,8518.900391
2004-06-07,8553.700195
2004-06-08,8534.099609
2004-06-09,8544.400391
2004-06-10,8527.299805
2004-06-13,8546.599609
2004-06-14,8546.5
2004-06-15,8545.900391
2004-06-16,8555.0
2004-06-17,8552.299805
2004-06-20,8566.299805
2004-06-21,8562.400391
2004-06-22,8566.099609
2004-06-23,8574.799805
2004-06-24,8571.099609
2004-06-27,8574.400391
2004-06-28,8576.700195
2004-06-29,8580.200195
2004-06-30,8589.099609
2004-07-01,8577.799805
2004-07-04,8581.700195
2004-07-05,8593.200195
2004-07-06,8590.900391
2004-07-07,8585.700195
2004-07-08,8594.200195
2004-07-11,8595.299805
2004-07-12,8598.0
2004-07-13,8600.599609
2004-07-14,8618.400391
2004-07-15,8599.5
2004-07-18,8599.900391
2004-07-19,8611.099609
2004-07-20,8600.400391
2004-07-21,8611.0
2004-07-22,8597.900391
2004-07-25,8628.700195
2004-07-26,8626.799805
2004-07-27,8613.200195
2004-07-28,8638.5
2004-07-29,8639.599609
2004-08-01,8648.900391
2004-08-02,8642.5
2004-08-03,8643.900391
2004-08-04,8652.099609
2004-08-05,8644.5
2004-08-08,8651.599609
2004-08-09,8650.5
2004-08-10,8655.900391
2004-08-11,8648.900391
2004-08-12,8647.299805
2004-08-15,8644.299805
2004-08-16,8652.200195
2004-08-17,8648.599609
2004-08-18,8651.299805
2004-08-19,8652.5
2004-08-22,8655.400391
2004-08-23,8659.400391
2004-08-24,8651.0
2004-08-25,8660.299805
2004-08-26,8662.400391
2004-08-29,8668.400391
2004-08-30,8663.700195
2004-08-31,8672.099609
2004-09-01,8673.299805
2004-09-02,8675.200195
2004-09-05,8683.200195
2004-09-06,8678.099609
2004-09-07,8681.200195
2004-09-08,8684.599609
2004-09-09,8685.700195
2004-09-12,8680.799805
2004-09-13,8687.299805
2004-09-14,8674.599609
2004-09-15,8675.799805
2004-09-16,8701.900391
2004-09-19,8675.5
2004-09-20,8686.700195
2004-09-21,8678.299805
2004-09-22,8687.5
2004-09-23,8685.0
2004-09-26,8688.299805
2004-09-27,8694.400391
2004-09-28,8689.0
2004-09-29,8680.099609
2004-09-30,8691.200195
2004-10-03,8698.5
2004-10-04,8698.099609
2004-10-05,8693.099609
2004-10-06,8704.099609
2004-10-07,8703.200195
2004-10-10,8698.799805
2004-10-11,8693.200195
2004-10-12,8702.5
2004-10-13,8705.599609
2004-10-14,8705.099609
2004-10-17,8705.700195
2004-10-18,8704.700195
2004-10-19,8703.0
2004-10-20,8706.299805
2004-10-21,8715.099609
2004-10-24,8705.900391
2004-10-25,8697.599609
2004-10-26,8699.0
2004-10-27,8768.0
2004-10-28,8697.900391
2004-11-01,8767.0
2004-11-02,8768.0
2004-11-03,8778.0
2004-11-04,8780.0
2004-11-05,8778.0
2004-11-08,8778.0
2004-11-09,8777.0
2004-11-10,8789.0
2004-11-11,8788.0
2004-11-12,8788.0
2004-11-15,8729.0
2004-11-16,8790.0
2004-11-17,8788.0
2004-11-18,8792.0
2004-11-19,8790.0
2004-11-22,8790.0
2004-11-23,8794.0
2004-11-24,8798.0
2004-11-25,8734.099609
2004-11-26,8793.0
2004-11-29,8794.0
2004-11-30,8789.0
2004-12-01,8786.0
2004-12-02,8790.0
2004-12-03,8784.0
2004-12-06,8782.0
2004-12-07,8790.0
2004-12-08,8788.0
2004-12-09,8792.0
2004-12-10,8787.0
2004-12-13,8788.0
2004-12-14,8795.0
2004-12-15,8797.0
2004-12-16,8797.0
2004-12-17,8798.0
2004-12-20,8801.0
2004-12-21,8808.0
2004-12-22,8800.0
2004-12-23,8804.0
2004-12-24,8801.0
2004-12-27,8800.0
2004-12-28,8798.0
2004-12-29,8795.0
2004-12-30,8797.0
2004-12-31,8724.0
2005-01-03,8800.0
2005-01-04,8805.0
2005-01-05,8800.0
2005-01-06,8800.0
2005-01-07,8808.0
2005-01-10,8810.0
2005-01-11,8815.0
2005-01-12,8830.0
2005-01-13,8830.0
2005-01-14,8780.0
2005-01-17,8838.0
2005-01-18,8839.0
2005-01-19,8845.0
2005-01-20,8845.0
2005-01-21,8844.0
2005-01-24,8841.0
2005-01-25,8848.0
2005-01-26,8851.0
2005-01-27,8845.0
2005-01-28,8845.0
2005-01-31,8851.0
2005-02-01,8855.0
2005-02-02,8855.0
2005-02-03,8850.0
2005-02-04,8855.0
2005-02-07,8856.0
2005-02-08,8860.0
2005-02-09,8858.0
2005-02-10,8858.0
2005-02-11,8860.0
2005-02-14,8473.200195
2005-02-15,8855.0
2005-02-16,8855.0
2005-02-17,8850.0
2005-02-18,8852.0
2005-02-21,8853.0
2005-02-22,8855.0
2005-02-23,8852.0
2005-02-24,8850.0
2005-02-25,8852.0
2005-02-28,8852.0
2005-03-01,8855.0
2005-03-02,8858.0
2005-03-03,8857.0
2005-03-04,8397.799805
2005-03-07,8476.299805
2005-03-08,8484.0
2005-03-09,8493.299805
2005-03-10,8480.5
2005-03-11,8482.599609
2005-03-14,8479.599609
2005-03-15,8491.5
2005-03-16,8486.599609
2005-03-17,8863.0
2005-03-18,8864.0
2005-03-21,8862.0
2005-03-22,8863.0
2005-03-23,8864.0
2005-03-24,8862.0
2005-03-25,8862.0
2005-03-27,8864.0
2005-03-28,8875.0
2005-03-29,8874.0
2005-03-30,8875.0
2005-03-31,8878.0
2005-04-03,8878.0
2005-04-04,8880.0
2005-04-05,8884.0
2005-04-06,8886.0
2005-04-07,8886.0
2005-04-10,8886.0
2005-04-11,8885.0
2005-04-12,8886.0
2005-04-13,8888.0
2005-04-14,8889.0
2005-04-17,8890.0
2005-04-18,8895.0
2005-04-19,8895.0
2005-04-20,8895.0
2005-04-21,8892.0
2005-04-24,8893.0
2005-04-25,8899.0
2005-04-26,8897.0
2005-04-27,8900.0
2005-04-28,8899.0
2005-05-01,8900.0
2005-05-02,8904.0
2005-05-03,8907.0
2005-05-04,8900.0
2005-05-05,8906.0
2005-05-08,8906.0
2005-05-09,8912.0
2005-05-10,8910.0
2005-05-11,8913.0
2005-05-12,8912.0
2005-05-15,8925.0
2005-05-16,8931.0
2005-05-17,8928.0
2005-05-18,8930.0
2005-05-19,8930.0
2005-05-22,8940.0
2005-05-23,8940.0
2005-05-24,8835.0
2005-05-25,8935.0
2005-05-26,8950.0
2005-05-29,8958.0
2005-05-30,8962.0
2005-05-31,8957.0
2005-06-01,8960.0
2005-06-02,8962.0
2005-06-05,8965.0
2005-06-06,8970.0
2005-06-07,8970.0
2005-06-08,8970.0
2005-06-09,8976.0
2005-06-12,8965.0
2005-06-13,8980.0
2005-06-14,8972.0
2005-06-15,8985.0
2005-06-16,8986.0
2005-06-19,8982.0
2005-06-20,8980.0
2005-06-21,8975.0
2005-06-22,8980.0
2005-06-23,8985.0
2005-06-26,8980.0
2005-06-27,8595.700195
2005-06-28,8970.0
2005-06-29,8980.0
2005-06-30,8975.0
2005-07-03,8992.0
2005-07-04,8987.0
2005-07-05,8985.0
2005-07-06,8990.0
2005-07-07,8992.0
2005-07-10,8992.0
2005-07-11,8990.0
2005-07-12,8990.0
2005-07-13,8985.0
2005-07-14,8990.0
2005-07-17,8990.0
2005-07-18,8845.0
2005-07-19,8980.0
2005-07-20,8975.0
2005-07-21,8990.0
2005-07-24,8993.0
2005-07-25,8993.0
2005-07-26,8993.0
2005-07-27,8996.0
2005-07-28,8996.0
2005-07-31,8990.0
2005-08-01,8599.700195
2005-08-02,8990.0
2005-08-03,8995.0
2005-08-04,8992.0
2005-08-07,8990.0
2005-08-08,8995.0
2005-08-09,8995.0
2005-08-10,8995.0
2005-08-11,8995.0
2005-08-14,8990.0
2005-08-15,8995.0
2005-08-16,8995.0
2005-08-17,8990.0
2005-08-18,8995.0
2005-08-21,8995.0
2005-08-22,8995.0
2005-08-23,8995.0
2005-08-24,8990.0
2005-08-25,8990.0
2005-08-28,8995.0
2005-08-29,8585.700195
2005-08-30,8995.0
2005-08-31,8529.200195
2005-09-01,9000.0
2005-09-04,9003.0
2005-09-05,9005.0
2005-09-06,9000.0
2005-09-07,9005.0
2005-09-08,9005.0
2005-09-11,9005.0
2005-09-12,9005.0
2005-09-13,9000.0
2005-09-14,9005.0
2005-09-15,9010.0
2005-09-18,9005.0
2005-09-19,9010.0
2005-09-20,9028.0
2005-09-21,9005.0
2005-09-22,9005.0
2005-09-25,9005.0
2005-09-26,9007.0
2005-09-27,9015.0
2005-09-28,9015.0
2005-09-29,9012.0
2005-10-02,9015.0
2005-10-03,9042.0
2005-10-04,9025.0
2005-10-05,9025.0
2005-10-06,9020.0
2005-10-09,9035.0
2005-10-10,9035.0
2005-10-11,9035.0
2005-10-12,9035.0
2005-10-13,9036.0
2005-10-16,9037.0
2005-10-17,9045.0
2005-10-18,9037.0
2005-10-19,9042.0
2005-10-20,9043.0
2005-10-23,9043.0
2005-10-24,9045.0
2005-10-25,9046.0
2005-10-26,9038.0
2005-10-27,9046.0
2005-10-31,9060.0
2005-11-01,9062.0
2005-11-02,9047.0
2005-11-03,9048.0
2005-11-04,9055.0
2005-11-07,9053.0
2005-11-08,9050.0
2005-11-09,9058.0
2005-11-10,9055.0
2005-11-11,9055.0
2005-11-14,9060.0
2005-11-15,9055.0
2005-11-16,9062.0
2005-11-17,9055.0
2005-11-18,9062.0
2005-11-21,9062.0
2005-11-22,9058.0
2005-11-23,9066.0
2005-11-24,9066.0
2005-11-25,9068.0
2005-11-28,9065.0
2005-11-29,9065.0
2005-11-30,9064.0
2005-12-01,9062.0
2005-12-02,9062.0
2005-12-05,9068.0
2005-12-06,9070.0
2005-12-07,9075.0
2005-12-08,9074.0
2005-12-09,9070.0
2005-12-12,9070.0
2005-12-13,9070.0
2005-12-14,9070.0
2005-12-15,9070.0
2005-12-16,9070.0
2005-12-19,9075.0
2005-12-20,9080.0
2005-12-21,9080.0
2005-12-22,9084.0
2005-12-23,9086.0
2005-12-26,9086.0
2005-12-27,9085.0
2005-12-28,9085.0
2005-12-29,9084.0
2005-12-30,9086.0
2006-01-02,9086.0
2006-01-03,9085.0
2006-01-04,9086.0
2006-01-05,9090.0
2006-01-06,9089.0
2006-01-09,9080.0
2006-01-10,9088.0
2006-01-11,9088.0
2006-01-12,9092.0
2006-01-13,9085.0
2006-01-16,9085.0
2006-01-17,9095.0
2006-01-18,9102.0
2006-01-19,9108.0
2006-01-20,9110.0
2006-01-23,9106.0
2006-01-24,9108.0
2006-01-25,9110.0
2006-01-26,9102.0
2006-01-27,9106.0
2006-01-30,9106.0
2006-01-31,9110.0
2006-02-01,9105.0
2006-02-02,9110.0
2006-02-03,9112.0
2006-02-06,9112.0
2006-02-07,9112.0
2006-02-08,9110.0
2006-02-09,9115.0
2006-02-10,9116.0
2006-02-13,9116.0
2006-02-14,9118.0
2006-02-15,9125.0
2006-02-16,9118.0
2006-02-17,9117.0
2006-02-20,9122.0
2006-02-21,9122.0
2006-02-22,9122.0
2006-02-23,9122.0
2006-02-24,9122.0
2006-02-27,9122.0
2006-02-28,9122.0
2006-03-01,9122.0
2006-03-02,9125.0
2006-03-03,9125.0
2006-03-06,9126.0
2006-03-07,9125.0
2006-03-08,9115.0
2006-03-09,9120.0
2006-03-10,9128.0
2006-03-13,9122.0
2006-03-14,9125.0
2006-03-15,8912.0
2006-03-16,9120.0
2006-03-17,9126.0
2006-03-20,9120.0
2006-03-21,9120.0
2006-03-22,9125.0
2006-03-23,9125.0
2006-03-24,8713.299805
2006-03-26,8714.099609
2006-03-27,8758.299805
2006-03-28,8717.5
2006-03-29,8657.400391
2006-03-30,8721.5
2006-04-02,8720.5
2006-04-03,8729.599609
2006-04-04,8705.099609
2006-04-05,8794.5
2006-04-06,8707.900391
2006-04-09,8720.400391
2006-04-10,8721.299805
2006-04-11,8725.400391
2006-04-12,8722.200195
2006-04-13,8716.799805
2006-04-16,8697.099609
2006-04-17,8728.400391
2006-04-18,8730.5
2006-04-19,8730.599609
2006-04-20,8729.599609
2006-04-23,8735.299805
2006-04-24,8701.700195
2006-04-25,8735.400391
2006-04-26,8736.099609
2006-04-27,8743.299805
2006-04-30,8687.5
2006-05-01,8754.599609
2006-05-02,8745.799805
2006-05-03,8671.0
2006-05-04,8754.799805
2006-05-07,8795.0
2006-05-08,8748.099609
2006-05-09,8760.700195
2006-05-10,8664.099609
2006-05-11,8764.400391
2006-05-14,8764.0
2006-05-15,8733.700195
2006-05-16,8878.200195
2006-05-17,8704.900391
2006-05-18,8750.5
2006-05-21,8702.900391
2006-05-22,8803.200195
2006-05-23,8843.099609
2006-05-24,8797.599609
2006-05-25,8808.099609
2006-05-28,8776.400391
2006-05-29,8763.099609
2006-05-30,8806.400391
2006-05-31,8721.900391
2006-06-01,8701.400391
2006-06-04,8709.200195
2006-06-05,8804.0
2006-06-06,8778.799805
2006-06-07,8844.700195
2006-06-08,8785.400391
2006-06-11,8776.200195
2006-06-12,8790.200195
2006-06-13,8736.099609
2006-06-14,8766.099609
2006-06-15,8775.400391
2006-06-18,8775.099609
2006-06-19,8754.299805
2006-06-20,8741.799805
2006-06-21,8777.900391
2006-06-22,8779.299805
2006-06-25,8755.0
2006-06-26,8754.700195
2006-06-27,8785.400391
2006-06-28,8668.200195
2006-06-29,8725.400391
2006-07-02,8777.299805
2006-07-03,8785.299805
2006-07-04,8806.299805
2006-07-05,8744.0
2006-07-06,8742.099609
2006-07-09,8784.0
2006-07-10,8760.400391
2006-07-11,8789.900391
2006-07-12,8770.700195
2006-07-13,8793.799805
2006-07-16,8771.0
2006-07-17,8791.0
2006-07-18,8698.799805
2006-07-19,8762.400391
2006-07-20,8767.599609
2006-07-23,8761.5
2006-07-24,8825.799805
2006-07-25,8772.200195
2006-07-26,8811.200195
2006-07-27,8711.799805
2006-07-30,8772.700195
2006-07-31,8741.299805
2006-08-01,8784.200195
2006-08-02,8747.0
2006-08-03,8707.700195
2006-08-06,8810.5
2006-08-07,8790.400391
2006-08-08,8805.799805
2006-08-09,8817.599609
2006-08-10,8815.099609
2006-08-13,8783.900391
2006-08-14,8775.900391
2006-08-15,8741.900391
2006-08-16,8805.799805
2006-08-17,8782.5
2006-08-20,8783.599609
2006-08-21,8777.799805
2006-08-22,8779.200195
2006-08-23,8781.299805
2006-08-24,8797.799805
2006-08-27,8801.900391
2006-08-28,8831.0
2006-08-29,8792.799805
2006-08-30,8798.799805
2006-08-31,8804.0
2006-09-03,8799.0
2006-09-04,8800.299805
2006-09-05,8802.900391
2006-09-06,8824.400391
2006-09-07,8817.0
2006-09-10,8822.799805
2006-09-11,8811.900391
2006-09-12,8781.599609
2006-09-13,8788.900391
2006-09-14,8822.5
2006-09-17,8764.5
2006-09-18,8749.299805
2006-09-19,8789.5
2006-09-20,8725.799805
2006-09-21,8840.200195
2006-09-24,8780.700195
2006-09-25,8839.0
2006-09-26,8821.5
2006-09-27,8846.799805
2006-09-28,8825.200195
2006-10-01,8777.5
2006-10-02,8777.5
2006-10-03,8795.5
2006-10-04,8840.299805
2006-10-05,8822.200195
2006-10-08,8771.799805
2006-10-09,8804.5
2006-10-10,8781.700195
2006-10-11,8804.299805
2006-10-12,8852.299805
2006-10-15,8826.700195
2006-10-16,8812.400391
2006-10-17,8831.200195
2006-10-18,8781.099609
2006-10-19,8823.799805
2006-10-22,8824.799805
2006-10-23,8804.0
2006-10-24,8795.5
2006-10-25,8804.5
2006-10-26,8774.099609
2006-10-30,8836.5
2006-10-31,8777.200195
2006-11-01,8820.700195
2006-11-02,8824.299805
2006-11-03,8875.700195
2006-11-06,8806.799805
2006-11-07,8810.099609
2006-11-08,8846.700195
2006-11-09,8794.299805
2006-11-10,8785.099609
2006-11-13,8853.400391
2006-11-14,8844.700195
2006-11-15,8814.099609
2006-11-16,8844.799805
2006-11-17,8715.900391
2006-11-20,8860.599609
2006-11-21,8819.799805
2006-11-22,8804.799805
2006-11-23,8851.599609
2006-11-24,8857.799805
2006-11-27,8849.5
2006-11-28,8816.900391
2006-11-29,8853.099609
2006-11-30,8815.200195
2006-12-01,8781.299805
2006-12-04,8834.700195
2006-12-05,8849.900391
2006-12-06,8856.599609
2006-12-07,8850.799805
2006-12-08,8897.400391
2006-12-11,8815.599609
2006-12-12,8820.599609
2006-12-13,8889.0
2006-12-14,8860.5
2006-12-15,8862.200195
2006-12-18,8844.799805
2006-12-19,8826.5
2006-12-20,8876.299805
2006-12-21,8850.5
2006-12-22,8894.900391
2006-12-25,8894.900391
2006-12-26,8915.299805
2006-12-27,8874.299805
2006-12-28,8845.5
2006-12-29,8838.5
2007-01-01,8830.099609
2007-01-02,8849.200195
2007-01-03,8889.400391
2007-01-04,8852.099609
2007-01-05,8907.200195
2007-01-08,8835.099609
2007-01-09,8866.5
2007-01-10,8883.200195
2007-01-11,8878.299805
2007-01-12,8828.099609
2007-01-15,8842.700195
2007-01-16,8882.799805
2007-01-17,8822.400391
2007-01-18,8826.400391
2007-01-19,8838.700195
2007-01-22,8841.200195
2007-01-23,8848.400391
2007-01-24,8874.5
2007-01-25,8887.799805
2007-01-26,8840.5
2007-01-29,8828.200195
2007-01-30,8841.099609
2007-01-31,8781.299805
2007-02-01,8842.5
2007-02-02,8890.700195
2007-02-05,8848.400391
2007-02-06,8828.299805
2007-02-07,8837.0
2007-02-08,8826.599609
2007-02-09,8855.099609
2007-02-12,8851.299805
2007-02-13,8846.099609
2007-02-14,8826.400391
2007-02-15,8857.299805
2007-02-16,8853.0
2007-02-19,8863.900391
2007-02-20,8862.799805
2007-02-21,8865.400391
2007-02-22,8829.0
2007-02-23,8824.400391
2007-02-26,8839.200195
2007-02-27,8843.0
2007-02-28,8837.200195
2007-03-01,8891.400391
2007-03-02,8899.5
2007-03-05,8860.599609
2007-03-06,8854.799805
2007-03-07,8819.400391
2007-03-08,8868.0
2007-03-09,8885.200195
2007-03-12,8860.5
2007-03-13,8846.099609
2007-03-14,8834.5
2007-03-15,8845.299805
2007-03-16,8872.5
2007-03-19,8853.799805
2007-03-20,8857.599609
2007-03-21,8816.099609
2007-03-22,8857.200195
2007-03-23,8878.799805
2007-03-25,8826.900391
2007-03-26,8859.299805
2007-03-27,8885.900391
2007-03-28,8877.400391
2007-03-29,8828.5
2007-04-01,8861.700195
2007-04-02,8890.799805
2007-04-03,8855.5
2007-04-04,8829.400391
2007-04-05,8846.599609
2007-04-08,8874.099609
2007-04-09,8864.400391
2007-04-10,8862.900391
2007-04-11,8854.599609
2007-04-12,8890.799805
2007-04-15,8867.099609
2007-04-16,8858.400391
2007-04-17,8875.799805
2007-04-18,8855.900391
2007-04-19,8880.400391
2007-04-22,8869.200195
2007-04-23,8857.099609
2007-04-24,8891.599609
2007-04-25,8900.200195
2007-04-26,8875.299805
2007-04-29,8860.5
2007-04-30,8895.299805
2007-05-01,8867.599609
2007-05-02,8927.0
2007-05-03,8872.299805
2007-05-06,8880.0
2007-05-07,8902.599609
2007-05-08,8890.099609
2007-05-09,8925.200195
2007-05-10,8859.400391
2007-05-13,8894.700195
2007-05-14,8838.799805
2007-05-15,8939.299805
2007-05-16,8956.5
2007-05-17,8861.299805
2007-05-20,8881.200195
2007-05-21,8875.400391
2007-05-22,8885.400391
2007-05-23,9077.700195
2007-05-24,9062.5
2007-05-27,9062.5
2007-05-28,9097.599609
2007-05-29,9073.5
2007-05-30,9058.900391
2007-05-31,9067.200195
2007-06-03,9053.5
2007-06-04,9065.299805
2007-06-05,9087.900391
2007-06-06,9101.200195
2007-06-07,9058.5
2007-06-10,9056.400391
2007-06-11,9094.200195
2007-06-12,9050.900391
2007-06-13,9087.799805
2007-06-14,9029.200195
2007-06-17,9092.5
2007-06-18,9078.200195
2007-06-19,9112.700195
2007-06-20,9076.599609
2007-06-21,9062.200195
2007-06-24,9096.0
2007-06-25,9088.299805
2007-06-26,9081.5
2007-06-27,9089.0
2007-06-28,9058.599609
2007-07-01,9055.599609
2007-07-02,9086.599609
2007-07-03,9087.700195
2007-07-04,9128.599609
2007-07-05,9072.099609
2007-07-08,9098.599609
2007-07-09,9016.5
2007-07-10,9101.0
2007-07-11,9113.299805
2007-07-12,9082.900391
2007-07-15,9108.599609
2007-07-16,9088.200195
2007-07-17,9080.200195
2007-07-18,9104.299805
2007-07-19,9067.5
2007-07-22,9084.700195
2007-07-23,9082.799805
2007-07-24,9098.200195
2007-07-25,9080.5
2007-07-26,9090.200195
2007-07-29,9067.200195
2007-07-30,9098.400391
2007-07-31,9067.299805
2007-08-01,9065.099609
2007-08-02,9029.400391
2007-08-05,9089.400391
2007-08-06,9121.099609
2007-08-07,9064.5
2007-08-08,9128.599609
2007-08-09,9067.700195
2007-08-12,9115.599609
2007-08-13,9117.400391
2007-08-14,9124.5
2007-08-15,9058.900391
2007-08-16,9057.200195
2007-08-19,9098.200195
2007-08-20,9110.299805
2007-08-21,9030.900391
2007-08-22,9087.0
2007-08-23,9037.900391
2007-08-26,9085.700195
2007-08-27,9124.5
2007-08-28,9045.0
2007-08-29,9059.400391
2007-08-30,9092.400391
2007-09-02,9090.700195
2007-09-03,9107.799805
2007-09-04,9086.599609
2007-09-05,9110.599609
2007-09-06,9077.0
2007-09-09,9079.900391
2007-09-10,9123.599609
2007-09-11,9108.5
2007-09-12,9148.599609
2007-09-13,9136.700195
2007-09-16,9143.799805
2007-09-17,9064.700195
2007-09-18,9131.900391
2007-09-19,9110.799805
2007-09-20,9117.200195
2007-09-23,9155.700195
2007-09-24,9110.0
2007-09-25,9138.799805
2007-09-26,9143.400391
2007-09-27,9085.700195
2007-09-30,9137.0
2007-10-01,9131.099609
2007-10-02,9166.700195
2007-10-03,9122.799805
2007-10-04,9113.0
2007-10-07,9152.0
2007-10-08,9094.299805
2007-10-09,9141.5
2007-10-10,9149.599609
2007-10-11,9156.400391
2007-10-14,9154.599609
2007-10-15,9140.599609
2007-10-16,9121.5
2007-10-17,9127.900391
2007-10-18,9144.299805
2007-10-21,9168.700195
2007-10-22,9126.299805
2007-10-23,9114.5
2007-10-24,9136.5
2007-10-25,9136.700195
2007-10-29,9142.0
2007-10-30,9117.099609
2007-10-31,9144.5
2007-11-01,9143.799805
2007-11-02,9126.0
2007-11-05,9144.700195
2007-11-06,9143.099609
2007-11-07,9192.200195
2007-11-08,9143.299805
2007-11-09,9173.700195
2007-11-12,9171.400391
2007-11-13,9142.700195
2007-11-14,9184.200195
2007-11-15,9167.200195
2007-11-16,9121.5
2007-11-19,9138.0
2007-11-20,9124.0
2007-11-21,9136.299805
2007-11-22,9147.599609
2007-11-23,9156.200195
2007-11-26,9332.0
2007-11-27,9189.400391
2007-11-28,9100.599609
2007-11-29,9149.599609
2007-11-30,9245.0
2007-12-03,9154.799805
2007-12-04,9138.599609
2007-12-05,9226.400391
2007-12-06,9106.099609
2007-12-07,9166.700195
2007-12-10,9144.400391
2007-12-11,9167.900391
2007-12-12,9151.099609
2007-12-13,9206.299805
2007-12-14,9196.599609
2007-12-17,9141.299805
2007-12-18,9333.0
2007-12-19,9167.200195
2007-12-20,9158.400391
2007-12-21,9152.099609
2007-12-24,9147.0
2007-12-25,9143.200195
2007-12-26,9333.0
2007-12-27,9104.200195
2007-12-28,9154.799805
2007-12-31,9234.900391
2008-01-01,9234.0
2008-01-02,9130.799805
2008-01-03,9182.099609
2008-01-04,9137.900391
2008-01-07,9166.599609
2008-01-08,9105.0
2008-01-09,9133.200195
2008-01-10,9021.599609
2008-01-11,9100.200195
2008-01-14,9121.700195
2008-01-15,9157.099609
2008-01-16,9141.0
2008-01-17,9072.099609
2008-01-18,9068.700195
2008-01-21,9094.0
2008-01-22,8964.700195
2008-01-23,9102.400391
2008-01-24,9128.799805
2008-01-25,9210.900391
2008-01-28,9153.200195
2008-01-29,9108.799805
2008-01-30,9069.599609
2008-01-31,9092.599609
2008-02-01,9080.200195
2008-02-04,9103.099609
2008-02-05,9123.299805
2008-02-06,9102.200195
2008-02-07,9187.900391
2008-02-08,9173.700195
2008-02-11,9255.599609
2008-02-12,9202.799805
2008-02-13,9221.099609
2008-02-14,9198.400391
2008-02-15,9210.799805
2008-02-18,9187.900391
2008-02-19,9215.299805
2008-02-20,9143.400391
2008-02-21,9116.200195
2008-02-22,9182.400391
2008-02-25,9175.799805
2008-02-26,9066.700195
2008-02-27,9020.700195
2008-02-28,9050.5
2008-02-29,9151.400391
2008-03-03,9070.400391
2008-03-04,9085.700195
2008-03-05,9077.5
2008-03-06,9079.799805
2008-03-07,9081.5
2008-03-10,9078.5
2008-03-11,9066.099609
2008-03-12,8954.700195
2008-03-13,8997.299805
2008-03-14,8956.599609
2008-03-17,8915.099609
2008-03-18,8915.5
2008-03-19,8924.400391
2008-03-20,8887.400391
2008-03-21,8747.5
2008-03-24,8898.099609
2008-03-25,8861.400391
2008-03-26,8962.200195
2008-03-27,8880.299805
2008-03-28,8987.400391
2008-03-30,8979.200195
2008-03-31,9348.0
2008-04-01,8975.400391
2008-04-02,8952.0
2008-04-03,9002.900391
2008-04-06,8902.599609
2008-04-07,8917.900391
2008-04-08,8786.0
2008-04-09,8911.700195
2008-04-10,8895.599609
2008-04-13,8827.299805
2008-04-14,8844.200195
2008-04-15,8898.599609
2008-04-16,8921.0
2008-04-17,8811.400391
2008-04-20,8802.900391
2008-04-21,8788.799805
2008-04-22,8819.799805
2008-04-23,8866.299805
2008-04-24,8792.5
2008-04-27,8831.400391
2008-04-28,9024.900391
2008-04-29,9010.900391
2008-04-30,8985.0
2008-05-01,9031.799805
2008-05-04,9082.200195
2008-05-05,9083.700195
2008-05-06,9113.400391
2008-05-07,9125.599609
2008-05-08,9161.0
2008-05-11,9112.900391
2008-05-12,9077.900391
2008-05-13,9090.299805
2008-05-14,9143.900391
2008-05-15,9107.400391
2008-05-18,9151.400391
2008-05-19,9064.200195
2008-05-20,9052.799805
2008-05-21,9129.599609
2008-05-22,8956.0
2008-05-25,8981.200195
2008-05-26,9024.700195
2008-05-27,9054.799805
2008-05-28,9069.5
2008-05-29,9050.599609
2008-06-01,9086.799805
2008-06-02,9185.0
2008-06-03,9117.200195
2008-06-04,9040.099609
2008-06-05,9158.400391
2008-06-08,9246.799805
2008-06-09,9105.299805
2008-06-10,9137.400391
2008-06-11,9123.200195
2008-06-12,9143.900391
2008-06-15,9173.799805
2008-06-16,9116.400391
2008-06-17,9098.900391
2008-06-18,9134.0
2008-06-19,9138.400391
2008-06-22,9139.5
2008-06-23,9121.900391
2008-06-24,9068.799805
2008-06-25,9057.200195
2008-06-26,9081.799805
2008-06-29,9044.900391
2008-06-30,9240.0
2008-07-01,8969.5
2008-07-02,9117.299805
2008-07-03,9012.200195
2008-07-06,9067.0
2008-07-07,9081.099609
2008-07-08,9087.799805
2008-07-09,9068.400391
2008-07-10,9067.700195
2008-07-13,8955.0
2008-07-14,9037.400391
2008-07-15,9046.200195
2008-07-16,8973.599609
2008-07-17,8961.799805
2008-07-20,8983.700195
2008-07-21,9004.599609
2008-07-22,9049.900391
2008-07-23,9101.599609
2008-07-24,9060.0
2008-07-27,9067.0
2008-07-28,9160.700195
2008-07-29,9090.400391
2008-07-30,9163.700195
2008-07-31,9155.0
2008-08-03,9225.0
2008-08-04,9225.0
2008-08-05,9225.0
2008-08-06,9225.0
2008-08-07,9225.0
2008-08-10,9225.0
2008-08-11,9225.0
2008-08-12,9225.0
2008-08-13,9225.0
2008-08-14,9225.0
2008-08-17,9225.0
2008-08-18,9225.0
2008-08-19,9225.0
2008-08-20,9225.0
2008-08-21,9225.0
2008-08-24,9225.0
2008-08-25,9372.700195
2008-08-26,9460.900391
2008-08-27,9460.400391
2008-08-28,9437.799805
2008-08-31,9471.0
2008-09-01,9459.799805
2008-09-02,9371.400391
2008-09-03,9568.700195
2008-09-04,9430.900391
2008-09-07,9547.5
2008-09-08,9653.900391
2008-09-09,9680.400391
2008-09-10,9619.700195
2008-09-11,9605.200195
2008-09-14,9603.799805
2008-09-15,9705.599609
2008-09-16,9558.400391
2008-09-17,9638.299805
2008-09-18,9396.799805
2008-09-21,9389.5
2008-09-22,9476.299805
2008-09-23,9471.700195
2008-09-24,9472.5
2008-09-25,9428.799805
2008-09-28,9481.599609
2008-09-29,9692.700195
2008-09-30,9513.900391
2008-10-01,9484.299805
2008-10-02,9494.299805
2008-10-05,9756.099609
2008-10-06,9678.900391
2008-10-07,9795.099609
2008-10-08,9796.5
2008-10-09,9850.599609
2008-10-12,9748.799805
2008-10-13,9814.0
2008-10-14,9920.599609
2008-10-15,9727.400391
2008-10-16,9617.099609
2008-10-19,9736.0
2008-10-20,9751.400391
2008-10-21,9644.700195
2008-10-22,9527.5
2008-10-23,9607.5
2008-10-27,9608.299805
2008-10-28,9426.700195
2008-10-29,9727.299805
2008-10-30,9890.400391
2008-10-31,9842.0
2008-11-03,10022.0
2008-11-04,9740.299805
2008-11-05,9854.200195
2008-11-06,9990.099609
2008-11-07,9875.900391
2008-11-10,9984.099609
2008-11-11,10125.0
2008-11-12,10025.0
2008-11-13,9801.700195
2008-11-14,10014.0
2008-11-17,9919.099609
2008-11-18,9976.200195
2008-11-19,10069.0
2008-11-20,10042.0
2008-11-21,9940.099609
2008-11-24,9751.700195
2008-11-25,9813.0
2008-11-26,9953.900391
2008-11-27,9902.0
2008-11-28,9980.400391
2008-12-01,9948.900391
2008-12-02,9906.700195
2008-12-03,9847.900391
2008-12-04,9843.900391
2008-12-05,9937.799805
2008-12-08,9867.799805
2008-12-09,9876.400391
2008-12-10,9790.400391
2008-12-11,9726.900391
2008-12-12,9858.599609
2008-12-15,9710.700195
2008-12-16,9449.799805
2008-12-17,9513.799805
2008-12-18,9962.700195
2008-12-19,9791.400391
2008-12-22,9760.700195
2008-12-23,9686.099609
2008-12-24,9629.700195
2008-12-25,9624.400391
2008-12-26,9617.299805
2008-12-29,9914.799805
2008-12-30,9685.0
2008-12-31,9680.400391
2009-01-01,9671.0
2009-01-02,9725.599609
2009-01-05,9754.5
2009-01-06,9613.900391
2009-01-07,9721.400391
2009-01-08,9639.900391
2009-01-09,9934.0
2009-01-12,9878.700195
2009-01-13,9897.0
2009-01-14,9856.900391
2009-01-15,9886.0
2009-01-16,9854.5
2009-01-19,9992.900391
2009-01-20,9867.700195
2009-01-21,9675.900391
2009-01-22,9663.799805
2009-01-23,9543.5
2009-01-26,9458.200195
2009-01-27,9511.0
2009-01-28,9771.0
2009-01-29,9648.0
2009-01-30,9484.799805
2009-02-02,9516.599609
2009-02-03,9510.200195
2009-02-04,9379.799805
2009-02-05,9379.599609
2009-02-06,9400.099609
2009-02-09,9396.200195
2009-02-10,9402.700195
2009-02-11,9394.400391
2009-02-12,9397.400391
2009-02-13,9403.799805
2009-02-16,9390.799805
2009-02-17,9457.0
2009-02-18,9493.200195
2009-02-19,9491.400391
2009-02-20,9336.599609
2009-02-23,9498.900391
2009-02-24,9500.099609
2009-02-25,9499.200195
2009-02-26,9503.099609
2009-02-27,9504.299805
2009-03-02,9513.599609
2009-03-03,9491.099609
2009-03-04,9737.200195
2009-03-05,9720.900391
2009-03-06,9718.200195
2009-03-09,9707.400391
2009-03-10,9706.200195
2009-03-11,9703.700195
2009-03-12,9626.0
2009-03-13,9624.099609
2009-03-16,9679.599609
2009-03-17,9615.799805
2009-03-18,9610.400391
2009-03-19,9620.299805
2009-03-20,9531.599609
2009-03-23,9549.099609
2009-03-24,9532.599609
2009-03-25,9549.0
2009-03-26,9543.0
2009-03-27,9546.200195
2009-03-29,9539.799805
2009-03-30,9546.700195
2009-03-31,9755.0
2009-04-01,9763.200195
2009-04-02,9760.799805
2009-04-05,9708.099609
2009-04-06,9716.299805
2009-04-07,9810.900391
2009-04-08,9783.700195
2009-04-09,9903.599609
2009-04-12,9975.0
2009-04-13,9787.099609
2009-04-14,9816.5
2009-04-15,9810.0
2009-04-16,9807.200195
2009-04-19,9877.400391
2009-04-20,9911.799805
2009-04-21,9920.700195
2009-04-22,9878.299805
2009-04-23,9886.299805
2009-04-26,9874.0
2009-04-27,9877.0
2009-04-28,9735.799805
2009-04-29,9684.900391
2009-04-30,9700.0
2009-05-03,9664.700195
2009-05-04,9655.400391
2009-05-05,9663.400391
2009-05-06,9664.200195
2009-05-07,9655.599609
2009-05-10,9664.299805
2009-05-11,9674.400391
2009-05-12,9694.599609
2009-05-13,9638.299805
2009-05-14,9666.5
2009-05-17,9683.900391
2009-05-18,9627.799805
2009-05-19,9630.599609
2009-05-20,9543.299805
2009-05-21,9628.400391
2009-05-24,9491.200195
2009-05-25,9493.099609
2009-05-26,9505.900391
2009-05-27,9502.400391
2009-05-28,9486.5
2009-05-31,9750.0
2009-06-01,9509.099609
2009-06-02,9429.599609
2009-06-03,9446.400391
2009-06-04,9572.099609
2009-06-07,9562.799805
2009-06-08,9567.900391
2009-06-09,9570.799805
2009-06-10,9635.5
2009-06-11,9627.299805
2009-06-14,9652.400391
2009-06-15,9734.700195
2009-06-16,9730.599609
2009-06-17,9741.900391
2009-06-18,9715.299805
2009-06-21,9749.299805
2009-06-22,9768.200195
2009-06-23,9709.700195
2009-06-24,9765.799805
2009-06-25,9761.5
2009-06-28,9751.400391
2009-06-29,9766.0
2009-06-30,9777.099609
2009-07-01,9762.400391
2009-07-02,9764.799805
2009-07-05,9796.400391
2009-07-06,9800.599609
2009-07-07,9801.099609
2009-07-08,9832.700195
2009-07-09,9829.299805
2009-07-12,9818.400391
2009-07-13,9792.900391
2009-07-14,9802.5
2009-07-15,9761.099609
2009-07-16,9780.5
2009-07-19,9786.0
2009-07-20,9753.5
2009-07-21,9770.5
2009-07-22,9767.700195
2009-07-23,9773.200195
2009-07-26,9766.700195
2009-07-27,9773.400391
2009-07-28,9786.5
2009-07-29,9783.700195
2009-07-30,9782.0
2009-08-02,9778.599609
2009-08-03,9767.5
2009-08-04,9748.700195
2009-08-05,9767.900391
2009-08-06,9755.0
2009-08-09,9807.400391
2009-08-10,9811.400391
2009-08-11,9812.200195
2009-08-12,9768.099609
2009-08-13,9790.200195
2009-08-16,9794.700195
2009-08-17,9806.700195
2009-08-18,9703.299805
2009-08-19,9763.799805
2009-08-20,9761.900391
2009-08-23,9744.200195
2009-08-24,9749.299805
2009-08-25,9750.799805
2009-08-26,9761.299805
2009-08-27,9773.599609
2009-08-30,9755.900391
2009-08-31,9744.900391
2009-09-01,9780.299805
2009-09-02,9773.599609
2009-09-03,9766.5
2009-09-06,9766.799805
2009-09-07,9767.299805
2009-09-08,9729.900391
2009-09-09,9687.700195
2009-09-10,9714.799805
2009-09-13,9721.400391
2009-09-14,9681.700195
2009-09-15,9699.099609
2009-09-16,9709.799805
2009-09-17,9712.700195
2009-09-20,9671.599609
2009-09-21,9691.400391
2009-09-22,9689.700195
2009-09-23,9753.700195
2009-09-24,9690.099609
2009-09-27,9749.099609
2009-09-28,9737.599609
2009-09-29,9739.400391
2009-09-30,9742.5
2009-10-01,9695.099609
2009-10-04,9734.299805
2009-10-05,9731.400391
2009-10-06,9741.400391
2009-10-07,9740.0
2009-10-08,9728.799805
2009-10-11,9738.900391
2009-10-12,9720.5
2009-10-13,9715.900391
2009-10-14,9709.400391
2009-10-15,9715.799805
2009-10-18,9716.599609
2009-10-19,9713.099609
2009-10-20,9715.599609
2009-10-21,9716.900391
2009-10-22,9733.200195
2009-10-26,9715.700195
2009-10-27,9717.599609
2009-10-28,9765.799805
2009-10-29,9665.900391
2009-10-30,9790.700195
2009-11-02,9737.900391
2009-11-03,9731.700195
2009-11-04,9736.0
2009-11-05,9744.200195
2009-11-06,9740.5
2009-11-09,9732.200195
2009-11-10,9735.299805
2009-11-11,9737.200195
2009-11-12,9735.099609
2009-11-13,9724.700195
2009-11-16,9746.299805
2009-11-17,9762.099609
2009-11-18,9752.299805
2009-11-19,9745.200195
2009-11-20,9750.299805
2009-11-23,9743.900391
2009-11-24,9747.799805
2009-11-25,9742.900391
2009-11-26,9749.299805
2009-11-27,9747.900391
2009-11-30,9758.599609
2009-12-01,9740.099609
2009-12-02,9765.0
2009-12-03,9744.799805
2009-12-04,9731.099609
2009-12-07,9734.0
2009-12-08,9733.700195
2009-12-09,9732.099609
2009-12-10,9731.299805
2009-12-11,9841.299805
2009-12-14,9729.799805
2009-12-15,9726.799805
2009-12-16,9731.099609
2009-12-17,9726.900391
2009-12-18,9728.0
2009-12-21,9724.700195
2009-12-22,9722.200195
2009-12-23,9723.400391
2009-12-24,9726.099609
2009-12-25,9900.0
2009-12-28,9726.099609
2009-12-29,9731.0
2009-12-30,9720.400391
2009-12-31,9722.200195
2010-01-01,
2010-01-04,9712.400391
2010-01-05,9727.599609
2010-01-06,9719.400391
2010-01-07,9716.400391
2010-01-08,9721.0
2010-01-11,9717.599609
2010-01-12,9711.700195
2010-01-13,9719.200195
2010-01-14,9732.200195
2010-01-15,9733.900391
2010-01-18,9729.5
2010-01-19,9723.099609
2010-01-20,9728.799805
2010-01-21,9719.5
2010-01-22,9722.5
2010-01-25,9742.799805
2010-01-26,9733.299805
2010-01-27,9724.299805
2010-01-28,9723.599609
2010-01-29,9728.400391
2010-02-01,9722.200195
2010-02-02,9716.200195
2010-02-03,9724.200195
2010-02-04,9718.299805
2010-02-05,9716.400391
2010-02-08,9710.599609
2010-02-09,9705.5
2010-02-10,9701.099609
2010-02-11,9710.299805
2010-02-12,9699.799805
2010-02-15,9704.0
2010-02-16,9703.299805
2010-02-17,9711.200195
2010-02-18,9702.5
2010-02-19,9698.5
2010-02-22,9703.0
2010-02-23,9712.200195
2010-02-24,9702.5
2010-02-25,9704.299805
2010-02-26,9695.299805
2010-03-01,9743.400391
2010-03-02,9709.900391
2010-03-03,9714.0
2010-03-04,9709.799805
2010-03-05,9713.799805
2010-03-08,9710.400391
2010-03-09,9704.599609
2010-03-10,9701.799805
2010-03-11,9702.0
2010-03-12,9711.200195
2010-03-15,9707.5
2010-03-16,9704.200195
2010-03-17,9707.099609
2010-03-18,9708.200195
2010-03-19,9709.700195
2010-03-22,9701.299805
2010-03-23,9707.400391
2010-03-24,9714.700195
2010-03-25,9716.599609
2010-03-26,9712.299805
2010-03-28,9712.299805
2010-03-29,9870.0
2010-03-30,9875.0
2010-03-31,9870.0
2010-04-01,9661.400391
2010-04-04,9875.0
2010-04-05,9875.0
2010-04-06,9875.0
2010-04-07,9877.0
2010-04-08,9875.0
2010-04-11,9875.0
2010-04-12,9701.799805
2010-04-13,9900.0
2010-04-14,9875.0
2010-04-15,9736.799805
2010-04-18,9870.0
2010-04-19,9875.0
2010-04-20,9875.0
2010-04-21,9875.0
2010-04-22,9870.0
2010-04-25,9875.0
2010-04-26,9870.0
2010-04-27,9870.0
2010-04-28,9875.0
2010-04-29,9870.0
2010-05-02,9875.0
2010-05-03,9875.0
2010-05-04,9885.0
2010-05-05,9880.0
2010-05-06,9900.0
2010-05-09,9738.900391
2010-05-10,9920.0
2010-05-11,8814.0
2010-05-12,9920.0
2010-05-13,9925.0
2010-05-16,9691.099609
2010-05-17,9900.0
2010-05-18,9553.0
2010-05-19,9925.0
2010-05-20,9930.0
2010-05-23,9950.0
2010-05-24,9975.0
2010-05-25,9970.0
2010-05-26,9975.0
2010-05-27,9970.0
2010-05-30,9813.0
2010-05-31,9970.0
2010-06-01,9975.0
2010-06-02,9970.0
2010-06-03,9970.0
2010-06-06,9975.0
2010-06-07,9970.0
2010-06-08,9965.0
2010-06-09,9808.299805
2010-06-10,9960.0
2010-06-13,9965.0
2010-06-14,9975.0
2010-06-15,9960.0
2010-06-16,9950.0
2010-06-17,9955.0
2010-06-20,9955.0
2010-06-21,9950.0
2010-06-22,9792.099609
2010-06-23,9650.0
2010-06-24,9655.0
2010-06-27,9950.0
2010-06-28,9955.0
2010-06-29,9950.0
2010-06-30,9955.0
2010-07-01,9950.0
2010-07-04,9802.0
2010-07-05,9950.0
2010-07-06,9955.0
2010-07-07,9950.0
2010-07-08,9800.700195
2010-07-11,9799.099609
2010-07-12,9950.0
2010-07-13,9779.200195
2010-07-14,9850.0
2010-07-15,9950.0
2010-07-18,9955.0
2010-07-19,9950.0
2010-07-20,9950.0
2010-07-21,9045.0
2010-07-22,9030.0
2010-07-25,9806.299805
2010-07-26,9805.400391
2010-07-27,9050.0
2010-07-28,9955.0
2010-07-29,9950.0
2010-08-01,9809.200195
2010-08-02,9950.0
2010-08-03,9950.0
2010-08-04,9950.0
2010-08-05,9810.5
2010-08-08,9730.5
2010-08-09,9955.0
2010-08-10,9950.0
2010-08-11,9950.0
2010-08-12,9950.0
2010-08-15,9826.900391
2010-08-16,9802.799805
2010-08-17,9808.400391
2010-08-18,9804.299805
2010-08-19,9804.5
2010-08-22,9808.400391
2010-08-23,9811.700195
2010-08-24,9801.700195
2010-08-25,9805.799805
2010-08-26,9806.299805
2010-08-29,9766.200195
2010-08-30,9800.0
2010-08-31,9803.099609
2010-09-01,9955.0
2010-09-02,9955.0
2010-09-05,9775.099609
2010-09-06,9807.799805
2010-09-07,9955.0
2010-09-08,9950.0
2010-09-09,9803.5
2010-09-12,9803.200195
2010-09-13,9950.0
2010-09-14,9955.0
2010-09-15,9950.0
2010-09-16,9950.0
2010-09-19,9844.0
2010-09-20,9950.0
2010-09-21,9955.0
2010-09-22,10121.0
2010-09-23,10094.0
2010-09-26,10050.0
2010-09-27,10220.0
2010-09-28,10225.0
2010-09-29,10200.0
2010-09-30,10052.0
2010-10-03,10031.0
2010-10-04,10200.0
2010-10-05,10200.0
2010-10-06,10600.0
2010-10-07,10450.0
2010-10-10,10290.0
2010-10-11,10357.0
2010-10-12,10455.0
2010-10-13,10455.0
2010-10-14,10450.0
2010-10-17,10398.0
2010-10-18,10211.0
2010-10-19,10425.0
2010-10-20,10420.0
2010-10-21,10420.0
2010-10-24,10296.0
2010-10-25,10375.0
2010-10-26,10370.0
2010-10-27,10375.0
2010-10-28,10380.0
2010-11-01,10226.0
2010-11-02,10350.0
2010-11-03,10355.0
2010-11-04,10350.0
2010-11-05,10355.0
2010-11-08,10350.0
2010-11-09,10350.0
2010-11-10,10350.0
2010-11-11,10350.0
2010-11-12,10350.0
2010-11-15,10220.0
2010-11-16,10350.0
2010-11-17,10355.0
2010-11-18,10260.0
2010-11-19,10355.0
2010-11-22,10204.0
2010-11-23,10355.0
2010-11-24,10350.0
2010-11-25,10350.0
2010-11-26,10212.0
2010-11-29,10355.0
2010-11-30,10350.0
2010-12-01,10355.0
2010-12-02,10350.0
2010-12-03,10355.0
2010-12-06,10129.0
2010-12-07,10355.0
2010-12-08,10355.0
2010-12-09,10355.0
2010-12-10,10350.0
2010-12-13,10350.0
2010-12-14,10350.0
2010-12-15,10350.0
2010-12-16,10208.0
2010-12-17,10350.0
2010-12-20,10306.0
2010-12-21,10350.0
2010-12-22,10325.0
2010-12-23,10320.0
2010-12-24,10325.0
2010-12-27,10320.0
2010-12-28,10325.0
2010-12-29,10320.0
2010-12-30,10325.0
2010-12-31,10305.0
2011-01-03,10256.0
2011-01-04,10300.0
2011-01-05,10305.0
2011-01-06,10300.0
2011-01-07,10300.0
2011-01-10,10179.0
2011-01-11,10350.0
2011-01-12,10209.0
2011-01-13,10350.0
2011-01-14,10355.0
2011-01-17,10243.0
2011-01-18,10355.0
2011-01-19,10350.0
2011-01-20,10320.0
2011-01-21,10206.0
2011-01-24,10157.0
2011-01-25,10350.0
2011-01-26,10350.0
2011-01-27,10184.0
2011-01-28,10165.0
2011-01-31,10252.0
2011-02-01,40.0
2011-02-02,10325.0
2011-02-03,10320.0
2011-02-04,10325.0
2011-02-07,10225.0
2011-02-08,10155.0
2011-02-09,10325.0
2011-02-10,10320.0
2011-02-11,10325.0
2011-02-14,10190.0
2011-02-15,10325.0
2011-02-16,10320.0
2011-02-17,10325.0
2011-02-18,10320.0
2011-02-21,10095.0
2011-02-22,10148.0
2011-02-23,10270.0
2011-02-24,10275.0
2011-02-25,10275.0
2011-02-28,10270.0
2011-03-01,10275.0
2011-03-02,10270.0
2011-03-03,10270.0
2011-03-04,10270.0
2011-03-07,10130.0
2011-03-08,10275.0
2011-03-09,10270.0
2011-03-10,10250.0
2011-03-11,10250.0
2011-03-14,10056.0
2011-03-15,10250.0
2011-03-16,10250.0
2011-03-17,10250.0
2011-03-18,10255.0
2011-03-21,10101.0
2011-03-22,10300.0
2011-03-23,10325.0
2011-03-24,10325.0
2011-03-25,10325.0
2011-03-27,10267.0
2011-03-28,10320.0
2011-03-29,10325.0
2011-03-30,10370.0
2011-03-31,10370.0
2011-04-03,10185.0
2011-04-04,10236.0
2011-04-05,10375.0
2011-04-06,10375.0
2011-04-07,10370.0
2011-04-10,10227.0
2011-04-11,10370.0
2011-04-12,10375.0
2011-04-13,10370.0
2011-04-14,
2011-04-17,10253.0
2011-04-18,10380.0
2011-04-19,10390.0
2011-04-20,10390.0
2011-04-21,10390.0
2011-04-24,10390.0
2011-04-25,10450.0
2011-04-26,10450.0
2011-04-27,10450.0
2011-04-28,10450.0
2011-05-01,10360.0
2011-05-02,10420.0
2011-05-03,10425.0
2011-05-04,10420.0
2011-05-05,10297.0
2011-05-08,10322.0
2011-05-09,10450.0
2011-05-10,10450.0
2011-05-11,10455.0
2011-05-12,10450.0
2011-05-15,10448.0
2011-05-16,10540.0
2011-05-17,10391.0
2011-05-18,10550.0
2011-05-19,10550.0
2011-05-22,10479.0
2011-05-23,10555.0
2011-05-24,10430.0
2011-05-25,10550.0
2011-05-26,10550.0
2011-05-29,10377.0
2011-05-30,10457.0
2011-05-31,10550.0
2011-06-01,10550.0
2011-06-02,10550.0
2011-06-05,10347.0
2011-06-06,10555.0
2011-06-07,10550.0
2011-06-08,10550.0
2011-06-09,10555.0
2011-06-12,10501.0
2011-06-13,10555.0
2011-06-14,11450.0
2011-06-15,11329.0
2011-06-16,11470.0
2011-06-19,11301.0
2011-06-20,11200.0
2011-06-21,11000.0
2011-06-22,11013.0
2011-06-23,11000.0
2011-06-26,10794.0
2011-06-27,10950.0
2011-06-28,10750.0
2011-06-29,10600.0
2011-06-30,10466.0
2011-07-03,10481.0
2011-07-04,10446.0
2011-07-05,10575.0
2011-07-06,10570.0
2011-07-07,10555.0
2011-07-10,10430.0
2011-07-11,10545.0
2011-07-12,10555.0
2011-07-13,10550.0
2011-07-14,10550.0
2011-07-17,10417.0
2011-07-18,10550.0
2011-07-19,10550.0
2011-07-20,10555.0
2011-07-21,10550.0
2011-07-24,10455.0
2011-07-25,10550.0
2011-07-26,10555.0
2011-07-27,10550.0
2011-07-28,10369.0
2011-07-31,10292.0
2011-08-01,10370.0
2011-08-02,10338.0
2011-08-03,10388.0
2011-08-04,10476.0
2011-08-07,10401.0
2011-08-08,10399.0
2011-08-09,10408.0
2011-08-10,10384.0
2011-08-11,10405.0
2011-08-14,10394.0
2011-08-15,10303.0
2011-08-16,10384.0
2011-08-17,10423.0
2011-08-18,10550.0
2011-08-21,10363.0
2011-08-22,10550.0
2011-08-23,10550.0
2011-08-24,10550.0
2011-08-25,10555.0
2011-08-28,10414.0
2011-08-29,10555.0
2011-08-30,10550.0
2011-08-31,10550.0
2011-09-01,10555.0
2011-09-04,10467.0
2011-09-05,10440.0
2011-09-06,10550.0
2011-09-07,10550.0
2011-09-08,10550.0
2011-09-11,10528.0
2011-09-12,10529.0
2011-09-13,10492.0
2011-09-14,10600.0
2011-09-15,10675.0
2011-09-18,10670.0
2011-09-19,10533.0
2011-09-20,10675.0
2011-09-21,10650.0
2011-09-22,10587.0
2011-09-25,10547.0
2011-09-26,10655.0
2011-09-27,10700.0
2011-09-28,10705.0
2011-09-29,10700.0
2011-10-02,10705.0
2011-10-03,10675.0
2011-10-04,10388.0
2011-10-05,10675.0
2011-10-06,10600.0
2011-10-09,10406.0
2011-10-10,10424.0
2011-10-11,10363.0
2011-10-12,10505.0
2011-10-13,10376.0
2011-10-16,10319.0
2011-10-17,10525.0
2011-10-18,10525.0
2011-10-19,10525.0
2011-10-20,10520.0
2011-10-23,10298.0
2011-10-24,10675.0
2011-10-25,10670.0
2011-10-26,10544.0
2011-10-27,10670.0
2011-10-31,10539.0
2011-11-01,10603.0
2011-11-02,10686.0
2011-11-03,10677.0
2011-11-04,10665.0
2011-11-07,10740.0
2011-11-08,10770.0
2011-11-09,10770.0
2011-11-10,10656.0
2011-11-11,10675.0
2011-11-14,10599.0
2011-11-15,10659.0
2011-11-16,10663.0
2011-11-17,10730.0
2011-11-18,10750.0
2011-11-21,10731.0
2011-11-22,10719.0
2011-11-23,10725.0
2011-11-24,10717.0
2011-11-25,10737.0
2011-11-28,10727.0
2011-11-29,10727.0
2011-11-30,10727.0
2011-12-01,10727.0
2011-12-02,10704.0
2011-12-05,10796.0
2011-12-06,10850.0
2011-12-07,10855.0
2011-12-08,10850.0
2011-12-09,10855.0
2011-12-12,10748.0
2011-12-13,10847.0
2011-12-14,10855.0
2011-12-15,10975.0
2011-12-16,10970.0
2011-12-19,10821.0
2011-12-20,10965.0
2011-12-21,10960.0
2011-12-22,10861.0
2011-12-23,10965.0
2011-12-26,10965.0
2011-12-27,10841.0
2011-12-28,10960.0
2011-12-29,11120.0
2011-12-30,11125.0
2012-01-02,10948.0
2012-01-03,11011.0
2012-01-04,11013.0
2012-01-05,11120.0
2012-01-06,11150.0
2012-01-09,11069.0
2012-01-10,11150.0
2012-01-11,11155.0
2012-01-12,11150.0
2012-01-13,11225.0
2012-01-16,11169.0
2012-01-17,11121.0
2012-01-18,11300.0
2012-01-19,11275.0
2012-01-20,11067.0
2012-01-23,11081.0
2012-01-24,11295.0
2012-01-25,11305.0
2012-01-26,11300.0
2012-01-27,10975.0
2012-01-30,11064.0
2012-01-31,10975.0
2012-02-01,11275.0
2012-02-02,11275.0
2012-02-03,11270.0
2012-02-06,11178.0
2012-02-07,11275.0
2012-02-08,11270.0
2012-02-09,12116.0
2012-02-10,12280.0
2012-02-13,12136.0
2012-02-14,12220.0
2012-02-15,12225.0
2012-02-16,12225.0
2012-02-17,12220.0
2012-02-20,12083.0
2012-02-21,12117.0
2012-02-22,12210.0
2012-02-23,12255.0
2012-02-24,12225.0
2012-02-27,12054.0
2012-02-28,12220.0
2012-02-29,12220.0
2012-03-01,12220.0
2012-03-02,12250.0
2012-03-05,12127.0
2012-03-06,12260.0
2012-03-07,12245.0
2012-03-08,12240.0
2012-03-09,12245.0
2012-03-12,12255.0
2012-03-13,12255.0
2012-03-14,12250.0
2012-03-15,12255.0
2012-03-16,12250.0
2012-03-19,12016.0
2012-03-20,12220.0
2012-03-21,12220.0
2012-03-22,12225.0
2012-03-23,12225.0
2012-03-25,12031.0
2012-03-26,12260.0
2012-03-27,12250.0
2012-03-28,12245.0
2012-03-29,12245.0
2012-04-01,12060.0
2012-04-02,12250.0
2012-04-03,12255.0
2012-04-04,12255.0
2012-04-05,12255.0
2012-04-08,12095.0
2012-04-09,1255.0
2012-04-10,12250.0
2012-04-11,12240.0
2012-04-12,12245.0
2012-04-15,12190.0
2012-04-16,12251.0
2012-04-17,12250.0
2012-04-18,12250.0
2012-04-19,12255.0
2012-04-22,12086.0
2012-04-23,12245.0
2012-04-24,12245.0
2012-04-25,12245.0
2012-04-26,12090.0
2012-04-29,12076.0
2012-04-30,12235.0
2012-05-01,12225.0
2012-05-02,12245.0
2012-05-03,12245.0
2012-05-06,12144.0
2012-05-07,12240.0
2012-05-08,12089.0
2012-05-09,12245.0
2012-05-10,12240.0
2012-05-13,12114.0
2012-05-14,12245.0
2012-05-15,12240.0
2012-05-16,12245.0
2012-05-17,12101.0
2012-05-20,12005.0
2012-05-21,12044.0
2012-05-22,12159.0
2012-05-23,12159.0
2012-05-24,12121.0
2012-05-27,12150.0
2012-05-28,12127.0
2012-05-29,12129.0
2012-05-30,12142.0
2012-05-31,12128.0
2012-06-03,11982.0
2012-06-04,12039.0
2012-06-05,12042.0
2012-06-06,11985.0
2012-06-07,12265.0
2012-06-10,12026.0
2012-06-11,12172.0
2012-06-12,12081.0
2012-06-13,12051.0
2012-06-14,12003.0
2012-06-17,12080.0
2012-06-18,12149.0
2012-06-19,12011.0
2012-06-20,12047.0
2012-06-21,12182.0
2012-06-24,12041.0
2012-06-25,12066.0
2012-06-26,12240.0
2012-06-27,12240.0
2012-06-28,12069.0
2012-07-01,12005.0
2012-07-02,12121.0
2012-07-03,12059.0
2012-07-04,12118.0
2012-07-05,12205.0
2012-07-08,12168.0
2012-07-09,12069.0
2012-07-10,12137.0
2012-07-11,12125.0
2012-07-12,12067.0
2012-07-15,12035.0
2012-07-16,11993.0
2012-07-17,12245.0
2012-07-18,12029.0
2012-07-19,12240.0
2012-07-22,12162.0
2012-07-23,12093.0
2012-07-24,12105.0
2012-07-25,12049.0
2012-07-26,12045.0
2012-07-29,12095.0
2012-07-30,12082.0
2012-07-31,12041.0
2012-08-01,12137.0
2012-08-02,12142.0
2012-08-05,11958.0
2012-08-06,12040.0
2012-08-07,12098.0
2012-08-08,12049.0
2012-08-09,12087.0
2012-08-12,12060.0
2012-08-13,12093.0
2012-08-14,12111.0
2012-08-15,12088.0
2012-08-16,12004.0
2012-08-19,12104.0
2012-08-20,12058.0
2012-08-21,12032.0
2012-08-22,12013.0
2012-08-23,12072.0
2012-08-26,12093.0
2012-08-27,12110.0
2012-08-28,12039.0
2012-08-29,12086.0
2012-08-30,12093.0
2012-09-02,12069.0
2012-09-03,12043.0
2012-09-04,12078.0
2012-09-05,12007.0
2012-09-06,12043.0
2012-09-09,11944.0
2012-09-10,12113.0
2012-09-11,12011.0
2012-09-12,12085.0
2012-09-13,11993.0
2012-09-16,12041.0
2012-09-17,12069.0
2012-09-18,12225.0
2012-09-19,12030.0
2012-09-20,12068.0
2012-09-23,12112.0
2012-09-24,12058.0
2012-09-25,12220.0
2012-09-26,12082.0
2012-09-27,12048.0
2012-09-30,12150.0
2012-10-01,12099.0
2012-10-02,12103.0
2012-10-03,12065.0
2012-10-04,12021.0
2012-10-07,12059.0
2012-10-08,12074.0
2012-10-09,12112.0
2012-10-10,12083.0
2012-10-11,12052.0
2012-10-14,12152.0
2012-10-15,12118.0
2012-10-16,12033.0
2012-10-17,12096.0
2012-10-18,12132.0
2012-10-21,12137.0
2012-10-22,12118.0
2012-10-23,12245.0
2012-10-24,12083.0
2012-10-25,12166.0
2012-10-29,12070.0
2012-10-30,12105.0
2012-10-31,12072.0
2012-11-01,12115.0
2012-11-02,12178.0
2012-11-05,12198.0
2012-11-06,12081.0
2012-11-07,12083.0
2012-11-08,12125.0
2012-11-09,12087.0
2012-11-12,12092.0
2012-11-13,12066.0
2012-11-14,12078.0
2012-11-15,12070.0
2012-11-16,12131.0
2012-11-19,12140.0
2012-11-20,12144.0
2012-11-21,12146.0
2012-11-22,12125.0
2012-11-23,12060.0
2012-11-26,11995.0
2012-11-27,12031.0
2012-11-28,12119.0
2012-11-29,12235.0
2012-11-30,12129.0
2012-12-03,12138.0
2012-12-04,12090.0
2012-12-05,12107.0
2012-12-06,12158.0
2012-12-07,12155.0
2012-12-10,12149.0
2012-12-11,12122.0
2012-12-12,12148.0
2012-12-13,12024.0
2012-12-14,12160.0
2012-12-17,12107.0
2012-12-18,12062.0
2012-12-19,12028.0
2012-12-20,12128.0
2012-12-21,12081.0
2012-12-24,12083.0
2012-12-25,12083.0
2012-12-26,12117.0
2012-12-27,12080.0
2012-12-28,12107.0
2012-12-31,12051.0
2013-01-01,12073.0
2013-01-02,12061.0
2013-01-03,12145.0
2013-01-04,12150.0
2013-01-07,12021.0
2013-01-08,12008.0
2013-01-09,12127.0
2013-01-10,12081.0
2013-01-11,11928.0
2013-01-14,12006.0
2013-01-15,12077.0
2013-01-16,12134.0
2013-01-17,12115.0
2013-01-18,12077.0
2013-01-21,12122.0
2013-01-22,12086.0
2013-01-23,12108.0
2013-01-24,12114.0
2013-01-25,12046.0
2013-01-28,12065.0
2013-01-29,12082.0
2013-01-30,12041.0
2013-01-31,12073.0
2013-02-01,12069.0
2013-02-04,12094.0
2013-02-05,12133.0
2013-02-06,12070.0
2013-02-07,12101.0
2013-02-08,12253.0
2013-02-11,12134.0
2013-02-12,12076.0
2013-02-13,12081.0
2013-02-14,12134.0
2013-02-15,12057.0
2013-02-18,12061.0
2013-02-19,12089.0
2013-02-20,12046.0
2013-02-21,12173.0
2013-02-22,12082.0
2013-02-25,12070.0
2013-02-26,12279.0
2013-02-27,12099.0
2013-02-28,12066.0
2013-03-01,12145.0
2013-03-04,12084.0
2013-03-05,12063.0
2013-03-06,12071.0
2013-03-07,12150.0
2013-03-08,12007.0
2013-03-11,12185.0
2013-03-12,12051.0
2013-03-13,12068.0
2013-03-14,12131.0
2013-03-15,12003.0
2013-03-18,12070.0
2013-03-19,12080.0
2013-03-20,12160.0
2013-03-21,12063.0
2013-03-22,12105.0
2013-03-25,12048.0
2013-03-26,12214.0
2013-03-27,12079.0
2013-03-28,12074.0
2013-03-29,12074.0
2013-03-31,12071.0
2013-04-01,12071.0
2013-04-02,12094.0
2013-04-03,12058.0
2013-04-04,11965.0
2013-04-07,12018.0
2013-04-08,12095.0
2013-04-09,12045.0
2013-04-10,12115.0
2013-04-11,12108.0
2013-04-14,12043.0
2013-04-15,12117.0
2013-04-16,12018.0
2013-04-17,12185.0
2013-04-18,12167.0
2013-04-21,12120.0
2013-04-22,12062.0
2013-04-23,12071.0
2013-04-24,12089.0
2013-04-25,12145.0
2013-04-28,12064.0
2013-04-29,12074.0
2013-04-30,12004.0
2013-05-01,12111.0
2013-05-02,12187.0
2013-05-05,12089.0
2013-05-06,12111.0
2013-05-07,12127.0
2013-05-08,12060.0
2013-05-09,12194.0
2013-05-12,12096.0
2013-05-13,12093.0
2013-05-14,12118.0
2013-05-15,12065.0
2013-05-16,12065.0
2013-05-19,12103.0
2013-05-20,12060.0
2013-05-21,12046.0
2013-05-22,12158.0
2013-05-23,12042.0
2013-05-26,12110.0
2013-05-27,12094.0
2013-05-28,12153.0
2013-05-29,12077.0
2013-05-30,12029.0
2013-06-02,12080.0
2013-06-03,12031.0
2013-06-04,12098.0
2013-06-05,12061.0
2013-06-06,11967.0
2013-06-09,11967.0
2013-06-10,11967.0
2013-06-11,11967.0
2013-06-12,12040.0
2013-06-13,12054.0
2013-06-16,12065.0
2013-06-17,12070.0
2013-06-18,12078.0
2013-06-19,12184.0
2013-06-20,12067.0
2013-06-23,12172.0
2013-06-24,12075.0
2013-06-25,12132.0
2013-06-26,12096.0
2013-06-27,12068.0
2013-06-30,12141.0
2013-07-01,12065.0
2013-07-02,12131.0
2013-07-03,12037.0
2013-07-04,12170.0
2013-07-07,12131.0
2013-07-08,12068.0
2013-07-09,12155.0
2013-07-10,11926.0
2013-07-11,12053.0
2013-07-14,12065.0
2013-07-15,12052.0
2013-07-16,12048.0
2013-07-17,24632.0
2013-07-18,24585.0
2013-07-21,24553.0
2013-07-22,24590.0
2013-07-23,24315.0
2013-07-24,24474.0
2013-07-25,24261.0
2013-07-28,24393.0
2013-07-29,24458.0
2013-07-30,24423.0
2013-07-31,24322.0
2013-08-01,24466.0
2013-08-04,24262.0
2013-08-05,24437.0
2013-08-06,24350.0
2013-08-07,24342.0
2013-08-08,24374.0
2013-08-11,24473.0
2013-08-12,24412.0
2013-08-13,24483.0
2013-08-14,24398.0
2013-08-15,24297.0
2013-08-18,24428.0
2013-08-19,24459.0
2013-08-20,24351.0
2013-08-21,24483.0
2013-08-22,24328.0
2013-08-25,24370.0
2013-08-26,24412.0
2013-08-27,24344.0
2013-08-28,24440.0
2013-08-29,24467.0
2013-09-01,24502.0
2013-09-02,24465.0
2013-09-03,24419.0
2013-09-04,24553.0
2013-09-05,24773.0
2013-09-08,24520.0
2013-09-09,24546.0
2013-09-10,24624.0
2013-09-11,24558.0
2013-09-12,24661.0
2013-09-15,24504.0
2013-09-16,24670.0
2013-09-17,24602.0
2013-09-18,24282.0
2013-09-19,24613.0
2013-09-22,24604.0
2013-09-23,24618.0
2013-09-24,24605.0
2013-09-25,24586.0
2013-09-26,24641.0
2013-09-29,24574.0
2013-09-30,24562.0
2013-10-01,24645.0
2013-10-02,24496.0
2013-10-03,24556.0
2013-10-06,24650.0
2013-10-07,
2013-10-08,24568.0
2013-10-09,24602.0
2013-10-10,24608.0
2013-10-13,24629.0
2013-10-14,24611.0
2013-10-15,24535.0
2013-10-16,24645.0
2013-10-17,24528.0
2013-10-20,24635.0
2013-10-21,24611.0
2013-10-22,24488.0
2013-10-23,24582.0
2013-10-24,24655.0
2013-10-28,24634.0
2013-10-29,24662.0
2013-10-30,24705.0
2013-10-31,24791.0
2013-11-01,24873.0
2013-11-04,24817.0
2013-11-05,24768.0
2013-11-06,24785.0
2013-11-07,24720.0
2013-11-08,24892.0
2013-11-11,24825.0
2013-11-12,24719.0
2013-11-13,24602.0
2013-11-14,24557.0
2013-11-15,24662.0
2013-11-18,24609.0
2013-11-19,24609.0
2013-11-20,24609.0
2013-11-21,24621.0
2013-11-22,24621.0
2013-11-25,24571.0
2013-11-26,24571.0
2013-11-27,24571.0
2013-11-28,24571.0
2013-11-29,24571.0
2013-12-02,24571.0
2013-12-03,24571.0
2013-12-04,24571.0
2013-12-05,
2013-12-06,
2013-12-09,
2013-12-10,
2013-12-11,
2013-12-12,
2013-12-13,
2013-12-16,
2013-12-17,
2013-12-18,
2013-12-19,
2013-12-20,
2013-12-23,
2013-12-24,
2013-12-25,
2013-12-26,
2013-12-27,
2013-12-30,
2013-12-31,
2014-01-01,
2014-01-02,
2014-01-03,
2014-01-06,
2014-01-07,
2014-01-08,
2014-01-09,
2014-01-10,
2014-01-13,
2014-01-14,
2014-01-15,
2014-01-16,
2014-01-17,
2014-01-20,
2014-01-21,
2014-01-22,
2014-01-23,
2014-01-24,
2014-01-27,
2014-01-28,
2014-01-29,
2014-01-30,
2014-01-31,
2014-02-03,
2014-02-04,
2014-02-05,
2014-02-06,
2014-02-07,
2014-02-10,24653.0
2014-02-11,24653.0
2014-02-12,24653.0
2014-02-13,24653.0
2014-02-14,24653.0
2014-02-17,24653.0
2014-02-18,24653.0
2014-02-19,24653.0
2014-02-20,
2014-02-21,
2014-02-24,
2014-02-25,
2014-02-26,
2014-02-27,
2014-02-28,
2014-03-03,
2014-03-04,
2014-03-05,
2014-03-06,
2014-03-07,
2014-03-10,
2014-03-11,
2014-03-12,
2014-03-13,
2014-03-14,
2014-03-17,
2014-03-18,
2014-03-19,
2014-03-20,
2014-03-21,
2014-03-24,
2014-03-25,
2014-03-26,
2014-03-27,
2014-03-28,
2014-03-30,
2014-03-31,
2014-04-01,
2014-04-02,
2014-04-03,
2014-04-06,
2014-04-07,
2014-04-08,
2014-04-09,
2014-04-10,
2014-04-13,
2014-04-14,
2014-04-15,
2014-04-16,
2014-04-17,
2014-04-20,
2014-04-21,
2014-04-22,
2014-04-23,
2014-04-24,
2014-04-27,
2014-04-28,
2014-04-29,
2014-04-30,
2014-05-01,
2014-05-04,
2014-05-05,
2014-05-06,
2014-05-07,
2014-05-08,
2014-05-11,
2014-05-12,
2014-05-13,
2014-05-14,
2014-05-15,
2014-05-18,
2014-05-19,
2014-05-20,
2014-05-21,
2014-05-22,
2014-05-25,
2014-05-26,
2014-05-27,
2014-05-28,
2014-05-29,
2014-06-01,
2014-06-02,
2014-06-03,
2014-06-04,
2014-06-05,
2014-06-08,
2014-06-09,
2014-06-10,
2014-06-11,
2014-06-12,
2014-06-15,
2014-06-16,
2014-06-17,
2014-06-18,
2014-06-19,
2014-06-22,
2014-06-23,
2014-06-24,
2014-06-25,
2014-06-26,
2014-06-29,
2014-06-30,
2014-07-01,
2014-07-02,
2014-07-03,
2014-07-06,
2014-07-07,
2014-07-08,
2014-07-09,
2014-07-10,
2014-07-13,
2014-07-14,
2014-07-15,
2014-07-16,
2014-07-17,
2014-07-20,
2014-07-21,
2014-07-22,
2014-07-23,
2014-07-24,
2014-07-27,
2014-07-28,
2014-07-29,
2014-07-30,
2014-07-31,
2014-08-03,
2014-08-04,
2014-08-05,
2014-08-06,
2014-08-07,
2014-08-10,
2014-08-11,
2014-08-12,
2014-08-13,
2014-08-14,
2014-08-17,
2014-08-18,
2014-08-19,
2014-08-20,
2014-08-21,
2014-08-24,
2014-08-25,
2014-08-26,
2014-08-27,
2014-08-28,
2014-08-31,
2014-09-01,
2014-09-02,
2014-09-03,
2014-09-04,
2014-09-07,
2014-09-08,
2014-09-09,
2014-09-10,
2014-09-11,
2014-09-14,
2014-09-15,
2014-09-16,
2014-09-17,
2014-09-18,
2014-09-21,
2014-09-22,
2014-09-23,
2014-09-24,
2014-09-25,
2014-09-28,
2014-09-29,
2014-09-30,
2014-10-01,
2014-10-02,
2014-10-05,
2014-10-06,
2014-10-07,
2014-10-08,
2014-10-09,
2014-10-12,
2014-10-13,
2014-10-14,
2014-10-15,
2014-10-16,
2014-10-19,
2014-10-20,
2014-10-21,
2014-10-22,
2014-10-23,
2014-10-27,
2014-10-28,
2014-10-29,
2014-10-30,
2014-10-31,
2014-11-03,
2014-11-04,
2014-11-05,
2014-11-06,
2014-11-07,
2014-11-10,
2014-11-11,
2014-11-12,
2014-11-13,
2014-11-14,
2014-11-17,
2014-11-18,
2014-11-19,
2014-11-20,
2014-11-21,
2014-11-24,
2014-11-25,
2014-11-26,
2014-11-27,
2014-11-28,
2014-12-01,
2014-12-02,
2014-12-03,
2014-12-04,
2014-12-05,
2014-12-08,
2014-12-09,
2014-12-10,
2014-12-11,
2014-12-12,
2014-12-15,
2014-12-16,
2014-12-17,
2014-12-18,
2014-12-19,
2014-12-22,
2014-12-23,
2014-12-24,
2014-12-25,
2014-12-26,
2014-12-29,
2014-12-30,
2014-12-31,
2015-01-01,
2015-01-02,
2015-01-05,
2015-01-06,
2015-01-07,
2015-01-08,
2015-01-09,
2015-01-12,
2015-01-13,
2015-01-14,
2015-01-15,
2015-01-16,
2015-01-19,
2015-01-20,
2015-01-21,
2015-01-22,
2015-01-23,
2015-01-26,
2015-01-27,
2015-01-28,
2015-01-29,
2015-01-30,
2015-02-02,
2015-02-03,
2015-02-04,
2015-02-05,
2015-02-06,
2015-02-09,
2015-02-10,
2015-02-11,
2015-02-12,
2015-02-13,
2015-02-16,
2015-02-17,
2015-02-18,
2015-02-19,
2015-02-20,
2015-02-23,
2015-02-24,
2015-02-25,
2015-02-26,
2015-02-27,
2015-03-02,
2015-03-03,
2015-03-04,
2015-03-05,
2015-03-06,
2015-03-09,
2015-03-10,
2015-03-11,
2015-03-12,
2015-03-13,
2015-03-16,
2015-03-17,
2015-03-18,
2015-03-19,
2015-03-20,
2015-03-23,
2015-03-24,
2015-03-25,
2015-03-26,
2015-03-27,
2015-03-29,
2015-03-30,
2015-03-31,
2015-04-01,
2015-04-02,
2015-04-05,
2015-04-06,
2015-04-07,
2015-04-08,
2015-04-09,
2015-04-12,
2015-04-13,
2015-04-14,
2015-04-15,
2015-04-16,
2015-04-19,
2015-04-20,
2015-04-21,
2015-04-22,
2015-04-23,
2015-04-26,
2015-04-27,
2015-04-28,
2015-04-29,
2015-04-30,
2015-05-03,
2015-05-04,
2015-05-05,
2015-05-06,
2015-05-07,
2015-05-10,
2015-05-11,
2015-05-12,
2015-05-13,
2015-05-14,
2015-05-17,
2015-05-18,
2015-05-19,
2015-05-20,
2015-05-21,
2015-05-24,
2015-05-25,
2015-05-26,
2015-05-27,
2015-05-28,
2015-05-31,
2015-06-01,
2015-06-02,
2015-06-03,
2015-06-04,
2015-06-07,
2015-06-08,
2015-06-09,
2015-06-10,
2015-06-11,
2015-06-14,
2015-06-15,
2015-06-16,
2015-06-17,
2015-06-18,
2015-06-21,
2015-06-22,
2015-06-23,
2015-06-24,
2015-06-25,
2015-06-28,
2015-06-29,
2015-06-30,
2015-07-01,
2015-07-02,
2015-07-05,
2015-07-06,
2015-07-07,
2015-07-08,
2015-07-09,
2015-07-12,
2015-07-13,
2015-07-14,
2015-07-15,
2015-07-16,
2015-07-19,
2015-07-20,
2015-07-21,
2015-07-22,
2015-07-23,
2015-07-26,
2015-07-27,
2015-07-28,
2015-07-29,
2015-07-30,
2015-08-02,
2015-08-03,
2015-08-04,
2015-08-05,
2015-08-06,
2015-08-09,
2015-08-10,
2015-08-11,
2015-08-12,
2015-08-13,
2015-08-16,
2015-08-17,
2015-08-18,
2015-08-19,
2015-08-20,
2015-08-23,
2015-08-24,
2015-08-25,
2015-08-26,
2015-08-27,
2015-08-30,
2015-08-31,
2015-09-01,
2015-09-02,
2015-09-03,
2015-09-06,
2015-09-07,
2015-09-08,
2015-09-09,
2015-09-10,
2015-09-13,
2015-09-14,
2015-09-15,
2015-09-16,
2015-09-17,
2015-09-20,
2015-09-21,
2015-09-22,
2015-09-23,
2015-09-24,
2015-09-27,
2015-09-28,
2015-09-29,
2015-09-30,
2015-10-01,
2015-10-04,
2015-10-05,
2015-10-06,
2015-10-07,
2015-10-08,
2015-10-11,
2015-10-12,
2015-10-13,
2015-10-14,
2015-10-15,
2015-10-18,
2015-10-19,
2015-10-20,
2015-10-21,
2015-10-22,
2015-10-26,
2015-10-27,
2015-10-28,
2015-10-29,
2015-10-30,
2015-11-02,
2015-11-03,
2015-11-04,
2015-11-05,
2015-11-06,
2015-11-09,
2015-11-10,
2015-11-11,
2015-11-12,
2015-11-13,
2015-11-16,
2015-11-17,
2015-11-18,
2015-11-19,
2015-11-20,
2015-11-23,
2015-11-24,
2015-11-25,
2015-11-26,
2015-11-27,
2015-11-30,
2015-12-01,
2015-12-02,
2015-12-03,
2015-12-04,
2015-12-07,
2015-12-08,
2015-12-09,
2015-12-10,
2015-12-11,
2015-12-14,
2015-12-15,
2015-12-16,
2015-12-17,
2015-12-18,
2015-12-21,
2015-12-22,
2015-12-23,
2015-12-24,
2015-12-25,
2015-12-28,
2015-12-29,
2015-12-30,
2015-12-31,
2016-01-01,
2016-01-04,
2016-01-05,
2016-01-06,
2016-01-07,
2016-01-08,
2016-01-11,
2016-01-12,
2016-01-13,
2016-01-14,
2016-01-15,
2016-01-18,
2016-01-19,
2016-01-20,
2016-01-21,
2016-01-22,
2016-01-25,
2016-01-26,
2016-01-27,
2016-01-28,
2016-01-29,
2016-02-01,
2016-02-02,
2016-02-03,
2016-02-04,
2016-02-05,
2016-02-08,
2016-02-09,
2016-02-10,
2016-02-11,
2016-02-12,
2016-02-15,
2016-02-16,
2016-02-17,
2016-02-18,
2016-02-19,
2016-02-22,
2016-02-23,
2016-02-24,
2016-02-25,
2016-02-26,
2016-02-29,
2016-03-01,
2016-03-02,
2016-03-03,
2016-03-04,
2016-03-07,
2016-03-08,
2016-03-09,
2016-03-10,
2016-03-11,
2016-03-14,
2016-03-15,
2016-03-16,
2016-03-17,
2016-03-18,
2016-03-21,
2016-03-22,
2016-03-23,
2016-03-24,
2016-03-25,
2016-03-27,
2016-03-28,
2016-03-29,
2016-03-30,
2016-03-31,
2016-04-03,
2016-04-04,
2016-04-05,
2016-04-06,
2016-04-07,
2016-04-10,
2016-04-11,
2016-04-12,
2016-04-13,
2016-04-14,
2016-04-17,
2016-04-18,
2016-04-19,
2016-04-20,
2016-04-21,
2016-04-24,
2016-04-25,
2016-04-26,
2016-04-27,
2016-04-28,
2016-05-01,
2016-05-02,
2016-05-03,
2016-05-04,
2016-05-05,
2016-05-08,
2016-05-09,
2016-05-10,
2016-05-11,
2016-05-12,
2016-05-15,
2016-05-16,
2016-05-17,
2016-05-18,
2016-05-19,
2016-05-22,
2016-05-23,
2016-05-24,
2016-05-25,
2016-05-26,
2016-05-29,
2016-05-30,
2016-05-31,
2016-06-01,
2016-06-02,
2016-06-05,
2016-06-06,
2016-06-07,
2016-06-08,
2016-06-09,
2016-06-12,
2016-06-13,
2016-06-14,
2016-06-15,
2016-06-16,
2016-06-19,
2016-06-20,
2016-06-21,
2016-06-22,
2016-06-23,
2016-06-26,
2016-06-27,
2016-06-28,
2016-06-29,
2016-06-30,
2016-07-03,
2016-07-04,
2016-07-05,
2016-07-06,
2016-07-07,
2016-07-10,
2016-07-11,
2016-07-12,
2016-07-13,
2016-07-14,
2016-07-17,
2016-07-18,
2016-07-19,
2016-07-20,
2016-07-21,
2016-07-24,
2016-07-25,
2016-07-26,
2016-07-27,
2016-07-28,
2016-07-31,
2016-08-01,
2016-08-02,
2016-08-03,
2016-08-04,
2016-08-07,
2016-08-08,
2016-08-09,
2016-08-10,
2016-08-11,
2016-08-14,
2016-08-15,
2016-08-16,
2016-08-17,
2016-08-18,
2016-08-21,
2016-08-22,
2016-08-23,
2016-08-24,
2016-08-25,
2016-08-28,
2016-08-29,
2016-08-30,
2016-08-31,
2016-09-01,
2016-09-04,
2016-09-05,
2016-09-06,
2016-09-07,
2016-09-08,
2016-09-11,
2016-09-12,
2016-09-13,
2016-09-14,
2016-09-15,
2016-09-18,
2016-09-19,
2016-09-20,
2016-09-21,
2016-09-22,
2016-09-25,
2016-09-26,
2016-09-27,
2016-09-28,
2016-09-29,
2016-10-02,
2016-10-03,
2016-10-04,
2016-10-05,
2016-10-06,
2016-10-09,
2016-10-10,
2016-10-11,
2016-10-12,
2016-10-13,
2016-10-16,
2016-10-17,
2016-10-18,
2016-10-19,
2016-10-20,
2016-10-23,
2016-10-24,
2016-10-25,
2016-10-26,
2016-10-27,
2016-10-31,
2016-11-01,
2016-11-02,
2016-11-03,
2016-11-04,
2016-11-07,
2016-11-08,
2016-11-09,
2016-11-10,
2016-11-11,
2016-11-14,
2016-11-15,
2016-11-16,31929.0
2016-11-17,31998.0
2016-11-18,31998.0
2016-11-21,31998.0
2016-11-22,31998.0
2016-11-23,31998.0
2016-11-24,31998.0
2016-11-25,31998.0
2016-11-28,
2016-11-29,
2016-11-30,
2016-12-01,
2016-12-02,
2016-12-05,
2016-12-06,32086.0
2016-12-07,32086.0
2016-12-08,32086.0
2016-12-09,32086.0
2016-12-12,32086.0
2016-12-13,32149.0
2016-12-14,32149.0
2016-12-15,32228.0
2016-12-16,32228.0
2016-12-19,32225.0
2016-12-20,32288.0
2016-12-21,32287.0
2016-12-22,32320.0
2016-12-23,32319.0
2016-12-26,32319.0
2016-12-27,32318.0
2016-12-28,32316.0
2016-12-29,32316.0
2016-12-30,32347.0
2017-01-02,32375.0
2017-01-03,32374.0
2017-01-04,32374.0
2017-01-05,32373.0
2017-01-06,32373.0
2017-01-09,32370.0
2017-01-10,32370.0
2017-01-11,32369.0
2017-01-12,32369.0
2017-01-13,32368.0
2017-01-16,32368.0
2017-01-17,32366.0
2017-01-18,32369.0
2017-01-19,32368.0
2017-01-20,32364.0
2017-01-23,32365.0
2017-01-24,32361.0
2017-01-25,32359.0
2017-01-26,32359.0
2017-01-27,32361.0
2017-01-30,32361.0
2017-01-31,32359.0
2017-02-01,32363.0
2017-02-02,32363.0
2017-02-03,32365.0
2017-02-06,32365.0
2017-02-07,32366.0
2017-02-08,32370.0
2017-02-09,32370.0
2017-02-10,32378.0
2017-02-13,32375.0
2017-02-14,32379.0
2017-02-15,32383.0
2017-02-16,32391.0
2017-02-17,32391.0
2017-02-20,32389.0
2017-02-21,32393.0
2017-02-22,32396.0
2017-02-23,32401.0
2017-02-24,32401.0
2017-02-27,32400.0
2017-02-28,32404.0
2017-03-01,32403.0
2017-03-02,32402.0
2017-03-03,32402.0
2017-03-06,32406.0
2017-03-07,32408.0
2017-03-08,32408.0
2017-03-09,32411.0
2017-03-10,32411.0
2017-03-13,32419.0
2017-03-14,32417.0
2017-03-15,32417.0
2017-03-16,32419.0
2017-03-17,32423.0
2017-03-20,32421.0
2017-03-21,32421.0
2017-03-22,32419.0
2017-03-23,32419.0
2017-03-24,32419.0
2017-03-26,32419.0
2017-03-27,32415.0
2017-03-28,32415.0
2017-03-29,32415.0
2017-03-30,32415.0
2017-04-02,32415.0
2017-04-03,32415.0
2017-04-04,32415.0
2017-04-05,32415.0
2017-04-06,32415.0
2017-04-09,
2017-04-10,32415.0
2017-04-11,32434.0
2017-04-12,32438.0
2017-04-13,32438.0
2017-04-16,32438.0
2017-04-17,32437.0
2017-04-18,32437.0
2017-04-19,32437.0
2017-04-20,32437.0
2017-04-23,32439.0
2017-04-24,32439.0
2017-04-25,32439.0
2017-04-26,32439.0
2017-04-27,32439.0
2017-04-30,32439.0
2017-05-01,32439.0
2017-05-02,32436.0
2017-05-03,32440.0
2017-05-04,32439.0
2017-05-07,32442.0
2017-05-08,32442.0
2017-05-09,32442.0
2017-05-10,32443.0
2017-05-11,32445.0
2017-05-14,32450.0
2017-05-15,32448.0
2017-05-16,32448.0
2017-05-17,32448.0
2017-05-18,32448.0
2017-05-21,32448.0
2017-05-22,32448.0
2017-05-23,32448.0
2017-05-24,32448.0
2017-05-25,32448.0
2017-05-28,
2017-05-29,32445.0
2017-05-30,32451.0
2017-05-31,32451.0
2017-06-01,32449.0
2017-06-04,32449.0
2017-06-05,32449.0
2017-06-06,32449.0
2017-06-07,32449.0
2017-06-08,32449.0
2017-06-11,32449.0
2017-06-12,
2017-06-13,
2017-06-14,
2017-06-15,
2017-06-18,
2017-06-19,
2017-06-20,
2017-06-21,
2017-06-22,
2017-06-25,
2017-06-26,
2017-06-27,
2017-06-28,
2017-06-29,
2017-07-02,
2017-07-03,32446.0
2017-07-04,32504.0
2017-07-05,32518.0
2017-07-06,32533.0
2017-07-09,32544.0
2017-07-10,
2017-07-11,32570.0
2017-07-12,32570.0
2017-07-13,32594.0
2017-07-16,32594.0
2017-07-17,32608.0
2017-07-18,32608.0
2017-07-19,32608.0
2017-07-20,32608.0
2017-07-23,32658.0
2017-07-24,32658.0
2017-07-25,32658.0
2017-07-26,32658.0
2017-07-27,32658.0
2017-07-30,32658.0
2017-07-31,32658.0
2017-08-01,32658.0
2017-08-02,32658.0
2017-08-03,32658.0
2017-08-06,32658.0
2017-08-07,32658.0
2017-08-08,32658.0
2017-08-09,32658.0
2017-08-10,32658.0
2017-08-13,32658.0
2017-08-14,32658.0
2017-08-15,32658.0
2017-08-16,32658.0
2017-08-17,32658.0
2017-08-20,32658.0
2017-08-21,32658.0
2017-08-22,32658.0
2017-08-23,32658.0
2017-08-24,32658.0
2017-08-27,32658.0
2017-08-28,32677.0
2017-08-29,32677.0
2017-08-30,33159.0
2017-08-31,33159.0
2017-09-03,33159.0
2017-09-04,33159.0
2017-09-05,33159.0
2017-09-06,33159.0
2017-09-07,33159.0
2017-09-10,33159.0
2017-09-11,33159.0
2017-09-12,33159.0
2017-09-13,33159.0
2017-09-14,33159.0
2017-09-17,33159.0
2017-09-18,33159.0
2017-09-19,33159.0
2017-09-20,33159.0
2017-09-21,33159.0
2017-09-24,33159.0
2017-09-25,33159.0
2017-09-26,33159.0
2017-09-27,33159.0
2017-09-28,33159.0
2017-10-01,33159.0
2017-10-02,33159.0
2017-10-03,33159.0
2017-10-04,33159.0
2017-10-05,33159.0
2017-10-08,33159.0
2017-10-09,33159.0
2017-10-10,33159.0
2017-10-11,33159.0
2017-10-12,33159.0
2017-10-15,33159.0
2017-10-16,34178.0
2017-10-17,34208.0
2017-10-18,34243.0
2017-10-19,34272.0
2017-10-22,34272.0
