2003-12-01,29.700001
2003-12-02,29.690001000000002
2003-12-03,29.690001000000002
2003-12-04,29.68
2003-12-05,29.620001000000002
2003-12-08,29.540001
2003-12-09,29.530001000000002
2003-12-10,29.51
2003-12-11,29.370001000000002
2003-12-12,29.389999
2003-12-15,29.379998999999998
2003-12-16,29.25
2003-12-17,29.25
2003-12-18,29.24
2003-12-19,29.280001000000002
2003-12-22,29.25
2003-12-23,29.24
2003-12-24,29.24
2003-12-25,29.23
2003-12-26,29.299999
2003-12-29,29.41
2003-12-30,29.24
2003-12-31,29.23
2004-01-01,29.23
2004-01-02,
2004-01-05,29.23
2004-01-06,29.25
2004-01-07,29.24
2004-01-08,29.1
2004-01-09,28.940001000000002
2004-01-12,28.879998999999998
2004-01-13,28.860001
2004-01-14,28.879998999999998
2004-01-15,28.870001000000002
2004-01-16,28.780001000000002
2004-01-19,28.790001
2004-01-20,28.74
2004-01-21,28.75
2004-01-22,28.620001000000002
2004-01-23,28.51
2004-01-26,28.51
2004-01-27,28.459999
2004-01-28,28.469998999999998
2004-01-29,28.5
2004-01-30,28.52
2004-02-02,28.59
2004-02-03,28.559998999999998
2004-02-04,28.49
2004-02-05,28.530001000000002
2004-02-06,28.52
2004-02-09,28.49
2004-02-10,28.440001000000002
2004-02-11,28.51
2004-02-12,28.450001
2004-02-13,28.440001000000002
2004-02-16,28.459999
2004-02-17,28.469998999999998
2004-02-18,28.48
2004-02-19,28.49
2004-02-20,28.51
2004-02-23,28.49
2004-02-24,28.530001000000002
2004-02-25,28.49
2004-02-26,28.52
2004-02-27,28.52
2004-03-01,28.52
2004-03-02,28.530001000000002
2004-03-03,28.629998999999998
2004-03-04,28.639999
2004-03-05,28.540001
2004-03-08,28.530001000000002
2004-03-09,28.52
2004-03-10,28.57
2004-03-11,28.549999
2004-03-12,28.51
2004-03-15,28.559998999999998
2004-03-16,28.52
2004-03-17,28.530001000000002
2004-03-18,28.51
2004-03-19,28.5
2004-03-22,28.5
2004-03-23,28.48
2004-03-24,28.487801
2004-03-25,28.487801
2004-03-26,28.487801
2004-03-28,28.487801
2004-03-29,28.487801
2004-03-30,28.487801
2004-03-31,28.487801
2004-04-01,28.487801
2004-04-04,28.487801
2004-04-05,28.487801
2004-04-06,28.487801
2004-04-07,28.487801
2004-04-08,28.487801
2004-04-11,28.59
2004-04-12,28.487801
2004-04-13,28.487801
2004-04-14,28.487801
2004-04-15,28.629998999999998
2004-04-18,28.719998999999998
2004-04-19,28.879998999999998
2004-04-20,28.860001
2004-04-21,28.98
2004-04-22,28.91
2004-04-25,28.9
2004-04-26,28.860001
2004-04-27,28.879998999999998
2004-04-28,28.959999
2004-04-29,29.0
2004-05-02,29.01
2004-05-03,29.01
2004-05-04,28.860001
2004-05-05,28.91
2004-05-06,28.950001
2004-05-09,28.950001
2004-05-10,28.93
2004-05-11,29.07
2004-05-12,29.059998999999998
2004-05-13,29.08
2004-05-16,28.99
2004-05-17,28.99
2004-05-18,28.98
2004-05-19,28.986401
2004-05-20,28.969998999999998
2004-05-23,29.0128
2004-05-24,29.0128
2004-05-25,29.0128
2004-05-26,29.02
2004-05-27,29.02
2004-05-30,28.99
2004-05-31,28.9953
2004-06-01,29.040001
2004-06-02,29.059998999999998
2004-06-03,29.040001
2004-06-06,29.040001
2004-06-07,29.030001000000002
2004-06-08,29.040001
2004-06-09,29.01
2004-06-10,29.02
2004-06-13,29.02
2004-06-14,29.01
2004-06-15,29.01
2004-06-16,29.01
2004-06-17,29.02
2004-06-20,29.0
2004-06-21,29.01
2004-06-22,29.01
2004-06-23,29.01
2004-06-24,29.01
2004-06-27,29.02
2004-06-28,29.030001000000002
2004-06-29,29.059998999999998
2004-06-30,29.02
2004-07-01,29.0403
2004-07-04,29.0403
2004-07-05,29.0453
2004-07-06,29.0453
2004-07-07,29.1078
2004-07-08,29.110001
2004-07-11,29.1078
2004-07-12,29.1078
2004-07-13,29.1078
2004-07-14,29.1078
2004-07-15,29.09
2004-07-18,29.1078
2004-07-19,29.08
2004-07-20,29.09
2004-07-21,29.08
2004-07-22,29.08
2004-07-25,29.08
2004-07-26,29.09
2004-07-27,29.08
2004-07-28,29.09
2004-07-29,29.1
2004-08-01,29.129998999999998
2004-08-02,29.18
2004-08-03,29.18
2004-08-04,29.190001000000002
2004-08-05,29.200001
2004-08-08,29.24
2004-08-09,29.24
2004-08-10,29.26
2004-08-11,29.26
2004-08-12,29.24
2004-08-15,29.209999
2004-08-16,29.209999
2004-08-17,29.209999
2004-08-18,29.219998999999998
2004-08-19,29.219998999999998
2004-08-22,29.209999
2004-08-23,29.219998999999998
2004-08-24,29.219998999999998
2004-08-25,29.209999
2004-08-26,29.219998999999998
2004-08-29,
2004-08-30,
2004-08-31,29.23
2004-09-01,29.24
2004-09-02,29.209999
2004-09-05,29.209999
2004-09-06,29.219998999999998
2004-09-07,29.209999
2004-09-08,29.209999
2004-09-09,29.209999
2004-09-12,29.209999
2004-09-13,29.219998999999998
2004-09-14,29.209999
2004-09-15,29.219998999999998
2004-09-16,29.209999
2004-09-19,29.209999
2004-09-20,29.209999
2004-09-21,29.2122
2004-09-22,29.2122
2004-09-23,29.200001
2004-09-26,
2004-09-27,29.2117
2004-09-28,29.219998999999998
2004-09-29,29.219998999999998
2004-09-30,29.221001
2004-10-03,29.221001
2004-10-04,
2004-10-05,
2004-10-06,
2004-10-07,
2004-10-10,29.209999
2004-10-11,29.120001000000002
2004-10-12,29.120001000000002
2004-10-13,29.07
2004-10-14,29.110001
2004-10-17,29.110001
2004-10-18,29.110001
2004-10-19,29.110001
2004-10-20,29.110001
2004-10-21,28.93
2004-10-24,28.85
2004-10-25,28.719998999999998
2004-10-26,28.76
2004-10-27,
2004-10-28,28.73
2004-11-01,28.76
2004-11-02,28.77
2004-11-03,28.77
2004-11-04,28.75
2004-11-05,28.639999
2004-11-08,28.66
2004-11-09,28.65
2004-11-10,28.67
2004-11-11,28.67
2004-11-12,28.66
2004-11-15,28.68
2004-11-16,28.67
2004-11-17,28.639999
2004-11-18,28.540001
2004-11-19,28.52
2004-11-22,28.52
2004-11-23,28.5
2004-11-24,28.370001000000002
2004-11-25,28.299999
2004-11-26,28.309998999999998
2004-11-29,28.15
2004-11-30,28.120001000000002
2004-12-01,27.940001000000002
2004-12-02,27.99
2004-12-03,27.92
2004-12-06,27.85
2004-12-07,27.889999
2004-12-08,27.99
2004-12-09,28.030001000000002
2004-12-10,28.0863
2004-12-13,28.0863
2004-12-14,28.0863
2004-12-15,27.892799
2004-12-16,27.879998999999998
2004-12-17,27.93
2004-12-20,27.9
2004-12-21,27.84
2004-12-22,27.83
2004-12-23,27.830799
2004-12-24,27.82
2004-12-27,27.77
2004-12-28,27.790001
2004-12-29,27.85
2004-12-30,27.75
2004-12-31,27.709999
2005-01-03,27.709999
2005-01-04,27.709999
2005-01-05,27.860001
2005-01-06,27.77
2005-01-07,27.75
2005-01-10,27.790001
2005-01-11,27.950001
2005-01-12,27.757799
2005-01-13,27.757799
2005-01-14,27.940001000000002
2005-01-17,28.040001
2005-01-18,28.120001000000002
2005-01-19,28.129998999999998
2005-01-20,28.17
2005-01-21,28.059998999999998
2005-01-24,28.142799
2005-01-25,28.142799
2005-01-26,28.142799
2005-01-27,28.059998999999998
2005-01-28,28.07
2005-01-31,28.1178
2005-02-01,28.1178
2005-02-02,28.1178
2005-02-03,28.1178
2005-02-04,27.959999
2005-02-07,28.132799
2005-02-08,28.185301000000003
2005-02-09,28.1353
2005-02-10,28.087799
2005-02-11,28.07
2005-02-14,28.087799
2005-02-15,28.087799
2005-02-16,27.99
2005-02-17,27.999001
2005-02-18,27.940001000000002
2005-02-21,27.932301000000002
2005-02-22,27.932301000000002
2005-02-23,27.932301000000002
2005-02-24,27.7428
2005-02-25,27.74
2005-02-28,27.6938
2005-03-01,27.6938
2005-03-02,27.6938
2005-03-03,27.6938
2005-03-04,27.690001000000002
2005-03-07,27.690001000000002
2005-03-08,27.695299
2005-03-09,27.5548
2005-03-10,27.450001
2005-03-11,27.450001
2005-03-14,27.462298999999998
2005-03-15,27.459999
2005-03-16,27.469998999999998
2005-03-17,27.4825
2005-03-18,27.51
2005-03-21,27.567498999999998
2005-03-22,27.57
2005-03-23,27.690001000000002
2005-03-24,27.667
2005-03-25,27.690001000000002
2005-03-27,27.82
2005-03-28,27.82
2005-03-29,27.822001
2005-03-30,27.869101
2005-03-31,27.804501000000002
2005-04-03,27.889999
2005-04-04,27.879998999999998
2005-04-05,27.872999
2005-04-06,27.798
2005-04-07,27.85
2005-04-10,27.767
2005-04-11,27.778999
2005-04-12,27.808398999999998
2005-04-13,27.8715
2005-04-14,27.915701000000002
2005-04-17,27.7883
2005-04-18,27.885
2005-04-19,27.735001
2005-04-20,27.704
2005-04-21,27.704
2005-04-24,27.885
2005-04-25,27.885
2005-04-26,27.885
2005-04-27,27.885
2005-04-28,27.775999
2005-05-01,27.885
2005-05-02,27.885
2005-05-03,27.7836
2005-05-04,27.775
2005-05-05,27.809998999999998
2005-05-08,27.814501
2005-05-09,27.814501
2005-05-10,27.853399
2005-05-11,27.8862
2005-05-12,27.9603
2005-05-15,28.004499
2005-05-16,27.987801
2005-05-17,28.0058
2005-05-18,27.969998999999998
2005-05-19,28.0242
2005-05-22,28.035
2005-05-23,28.004998999999998
2005-05-24,28.0058
2005-05-25,28.0058
2005-05-26,28.075001
2005-05-29,28.0058
2005-05-30,28.236
2005-05-31,28.3825
2005-06-01,28.371
2005-06-02,28.366501
2005-06-05,28.400999
2005-06-06,28.400999
2005-06-07,28.351
2005-06-08,28.445999
2005-06-09,28.483
2005-06-12,28.4825
2005-06-13,28.576
2005-06-14,28.570999
2005-06-15,28.555
2005-06-16,28.518499
2005-06-19,28.525
2005-06-20,28.576
2005-06-21,28.576
2005-06-22,28.66
2005-06-23,28.639999
2005-06-26,28.561001
2005-06-27,28.630501000000002
2005-06-28,28.6775
2005-06-29,28.627501000000002
2005-06-30,28.627501000000002
2005-07-03,28.813499
2005-07-04,28.836
2005-07-05,28.826
2005-07-06,28.8228
2005-07-07,28.7735
2005-07-10,28.8228
2005-07-11,28.8228
2005-07-12,28.6625
2005-07-13,28.665001
2005-07-14,28.690701
2005-07-17,28.665001
2005-07-18,28.705999
2005-07-19,28.709801000000002
2005-07-20,28.709801000000002
2005-07-21,28.6103
2005-07-24,28.67
2005-07-25,28.736
2005-07-26,28.695999
2005-07-27,28.660999
2005-07-28,28.611
2005-07-31,28.67
2005-08-01,28.67
2005-08-02,28.4825
2005-08-03,28.455
2005-08-04,28.41
2005-08-07,28.395
2005-08-08,28.407498999999998
2005-08-09,28.385
2005-08-10,28.334999
2005-08-11,28.307501000000002
2005-08-14,28.67
2005-08-15,28.67
2005-08-16,28.455999
2005-08-17,28.67
2005-08-18,28.59
2005-08-21,28.67
2005-08-22,28.67
2005-08-23,28.469998999999998
2005-08-24,28.499001
2005-08-25,28.43
2005-08-28,28.4835
2005-08-29,28.67
2005-08-30,28.67
2005-08-31,28.417999
2005-09-01,28.275
2005-09-04,28.300301
2005-09-05,28.300301
2005-09-06,28.300301
2005-09-07,28.247801000000003
2005-09-08,28.264999
2005-09-11,28.385
2005-09-12,28.41
2005-09-13,28.2925
2005-09-14,28.247801000000003
2005-09-15,28.370001000000002
2005-09-18,28.42
2005-09-19,28.247801000000003
2005-09-20,
2005-09-21,28.385
2005-09-22,28.4718
2005-09-25,28.5525
2005-09-26,28.540001
2005-09-27,28.5
2005-09-28,28.528
2005-09-29,28.488001
2005-10-02,28.6681
2005-10-03,28.6325
2005-10-04,28.514999
2005-10-05,28.487499
2005-10-06,28.497999
2005-10-09,28.519899
2005-10-10,28.601
2005-10-11,28.567498999999998
2005-10-12,28.612301000000002
2005-10-13,28.5375
2005-10-16,28.593598999999998
2005-10-17,28.6208
2005-10-18,28.605
2005-10-19,28.579
2005-10-20,28.632998999999998
2005-10-23,28.576798999999998
2005-10-24,28.4683
2005-10-25,28.51
2005-10-26,28.427
2005-10-27,28.450001
2005-10-31,28.452801
2005-11-01,28.452801
2005-11-02,28.452801
2005-11-03,28.5744
2005-11-04,28.573999
2005-11-07,28.780001000000002
2005-11-08,28.856501
2005-11-09,28.8071
2005-11-10,28.8375
2005-11-11,28.833
2005-11-14,28.8696
2005-11-15,28.8841
2005-11-16,28.8829
2005-11-17,28.823798999999998
2005-11-18,28.84
2005-11-21,28.873699
2005-11-22,28.873699
2005-11-23,28.873699
2005-11-24,28.873699
2005-11-25,28.791
2005-11-28,28.873699
2005-11-29,28.873699
2005-11-30,28.873699
2005-12-01,28.860001
2005-12-02,28.965
2005-12-05,28.873699
2005-12-06,28.873699
2005-12-07,28.991501
2005-12-08,28.940399
2005-12-09,28.860001
2005-12-12,28.726101
2005-12-13,28.873699
2005-12-14,28.873699
2005-12-15,28.873699
2005-12-16,28.634001
2005-12-19,28.873699
2005-12-20,28.873699
2005-12-21,28.873699
2005-12-22,28.790001
2005-12-23,28.781
2005-12-26,28.873699
2005-12-27,28.8127
2005-12-28,28.74
2005-12-29,28.785999
2005-12-30,28.739
2006-01-02,28.873699
2006-01-03,28.873699
2006-01-04,28.873699
2006-01-05,28.873699
2006-01-06,
2006-01-09,
2006-01-10,
2006-01-11,
2006-01-12,
2006-01-13,
2006-01-16,
2006-01-17,
2006-01-18,
2006-01-19,
2006-01-20,
2006-01-23,
2006-01-24,
2006-01-25,
2006-01-26,
2006-01-27,
2006-01-30,
2006-01-31,
2006-02-01,
2006-02-02,
2006-02-03,
2006-02-06,
2006-02-07,
2006-02-08,
2006-02-09,
2006-02-10,
2006-02-13,
2006-02-14,
2006-02-15,
2006-02-16,
2006-02-17,
2006-02-20,
2006-02-21,
2006-02-22,
2006-02-23,
2006-02-24,
2006-02-27,
2006-02-28,
2006-03-01,
2006-03-02,
2006-03-03,
2006-03-06,
2006-03-07,
2006-03-08,
2006-03-09,
2006-03-10,
2006-03-13,
2006-03-14,
2006-03-15,
2006-03-16,
2006-03-17,
2006-03-20,
2006-03-21,
2006-03-22,
2006-03-23,
2006-03-24,
2006-03-26,
2006-03-27,
2006-03-28,
2006-03-29,
2006-03-30,
2006-04-02,
2006-04-03,
2006-04-04,
2006-04-05,
2006-04-06,
2006-04-09,
2006-04-10,
2006-04-11,
2006-04-12,
2006-04-13,
2006-04-16,
2006-04-17,
2006-04-18,
2006-04-19,
2006-04-20,
2006-04-23,
2006-04-24,
2006-04-25,
2006-04-26,
2006-04-27,
2006-04-30,
2006-05-01,
2006-05-02,
2006-05-03,
2006-05-04,
2006-05-07,
2006-05-08,
2006-05-09,
2006-05-10,
2006-05-11,
2006-05-14,
2006-05-15,26.993999
2006-05-16,26.950001
2006-05-17,27.0
2006-05-18,27.052999
2006-05-21,27.059998999999998
2006-05-22,26.98
2006-05-23,27.0
2006-05-24,27.040001
2006-05-25,27.048
2006-05-28,27.049999
2006-05-29,26.940001000000002
2006-05-30,27.006001
2006-05-31,27.09
2006-06-01,26.76
2006-06-04,26.709999
2006-06-05,26.809998999999998
2006-06-06,26.85
2006-06-07,26.988001
2006-06-08,27.040001
2006-06-11,27.049999
2006-06-12,27.09
2006-06-13,27.030001000000002
2006-06-14,27.035
2006-06-15,26.913
2006-06-18,27.040001
2006-06-19,27.040001
2006-06-20,26.969998999999998
2006-06-21,27.047001
2006-06-22,27.107
2006-06-25,27.037001
2006-06-26,27.056998999999998
2006-06-27,27.077999
2006-06-28,27.051001
2006-06-29,26.851999
2006-07-02,26.860001
2006-07-03,26.851999
2006-07-04,26.903999
2006-07-05,26.867001000000002
2006-07-06,26.834
2006-07-09,26.900999
2006-07-10,26.865
2006-07-11,26.912001
2006-07-12,26.922001
2006-07-13,26.987
2006-07-16,27.004
2006-07-17,27.045
2006-07-18,26.958
2006-07-19,26.906
2006-07-20,26.865
2006-07-23,26.93
2006-07-24,26.969
2006-07-25,26.934998999999998
2006-07-26,26.802
2006-07-27,26.809998999999998
2006-07-30,26.798
2006-07-31,26.75
2006-08-01,26.774
2006-08-02,26.76
2006-08-03,26.67
2006-08-06,26.74
2006-08-07,26.785999
2006-08-08,26.684998999999998
2006-08-09,26.754
2006-08-10,26.825001
2006-08-13,26.832001
2006-08-14,26.764999
2006-08-15,26.735001
2006-08-16,26.739
2006-08-17,26.736
2006-08-20,26.698999
2006-08-21,26.747
2006-08-22,26.777
2006-08-23,26.796
2006-08-24,26.801001
2006-08-27,26.767
2006-08-28,26.736
2006-08-29,26.726999
2006-08-30,26.752001
2006-08-31,26.73
2006-09-03,26.709
2006-09-04,26.657
2006-09-05,26.676001
2006-09-06,26.726
2006-09-07,26.799
2006-09-10,26.780001000000002
2006-09-11,26.795
2006-09-12,26.783001000000002
2006-09-13,26.764999
2006-09-14,26.83
2006-09-17,26.763
2006-09-18,26.785
2006-09-19,26.775
2006-09-20,26.690001000000002
2006-09-21,26.655001000000002
2006-09-24,26.725
2006-09-25,26.785
2006-09-26,26.761999
2006-09-27,26.764999
2006-09-28,26.791
2006-10-01,26.698999
2006-10-02,26.761
2006-10-03,26.778
2006-10-04,26.796
2006-10-05,26.888
2006-10-08,26.882998999999998
2006-10-09,26.952
2006-10-10,26.962999
2006-10-11,26.931
2006-10-12,26.975
2006-10-15,26.934998999999998
2006-10-16,26.929001
2006-10-17,26.938999
2006-10-18,26.85
2006-10-19,26.862
2006-10-22,26.916
2006-10-23,26.903
2006-10-24,26.853001000000003
2006-10-25,26.768
2006-10-26,26.724001
2006-10-30,26.753
2006-10-31,26.705
2006-11-01,26.719998999999998
2006-11-02,26.690001000000002
2006-11-03,26.752001
2006-11-06,26.747
2006-11-07,26.688
2006-11-08,26.700001
2006-11-09,26.636
2006-11-10,26.627001
2006-11-13,26.650999
2006-11-14,26.660999
2006-11-15,26.645
2006-11-16,26.677999
2006-11-17,26.646998999999997
2006-11-20,26.658001000000002
2006-11-21,26.636
2006-11-22,26.552
2006-11-23,26.537001
2006-11-24,26.399
2006-11-27,26.361
2006-11-28,26.288
2006-11-29,26.346001
2006-11-30,26.25
2006-12-01,26.169001
2006-12-04,26.169001
2006-12-05,26.190001000000002
2006-12-06,26.216998999999998
2006-12-07,26.224001
2006-12-08,26.291
2006-12-11,26.246
2006-12-12,26.223
2006-12-13,26.274
2006-12-14,26.33
2006-12-15,26.395
2006-12-18,26.382
2006-12-19,26.284
2006-12-20,26.302999
2006-12-21,26.304001
2006-12-22,26.332001
2006-12-25,26.358999
2006-12-26,26.386
2006-12-27,26.372
2006-12-28,26.365999
2006-12-29,26.32
2007-01-01,26.305
2007-01-02,26.305
2007-01-03,26.325001
2007-01-04,26.389
2007-01-05,26.465
2007-01-08,26.469998999999998
2007-01-09,26.483
2007-01-10,26.546
2007-01-11,26.597
2007-01-12,26.591
2007-01-15,26.566999
2007-01-16,26.566999
2007-01-17,26.552999
2007-01-18,26.518998999999997
2007-01-19,26.518
2007-01-22,26.538
2007-01-23,26.481001000000003
2007-01-24,26.525999
2007-01-25,26.533001000000002
2007-01-26,26.566
2007-01-29,26.528
2007-01-30,26.537001
2007-01-31,26.476999
2007-02-01,26.476999
2007-02-02,26.506001
2007-02-05,26.540001
2007-02-06,26.497999
2007-02-07,26.465
2007-02-08,26.318001000000002
2007-02-09,26.358
2007-02-12,26.389999
2007-02-13,26.341
2007-02-14,26.233999
2007-02-15,26.219998999999998
2007-02-16,26.218
2007-02-19,26.202999
2007-02-20,26.209
2007-02-21,26.209
2007-02-22,26.223
2007-02-23,26.18
2007-02-26,26.153
2007-02-27,26.118
2007-02-28,26.114
2007-03-01,26.177999
2007-03-02,26.150499
2007-03-05,26.271
2007-03-06,26.215
2007-03-07,26.193001000000002
2007-03-08,26.223
2007-03-09,26.229
2007-03-12,26.16
2007-03-13,26.164
2007-03-14,26.117001000000002
2007-03-15,26.101999
2007-03-16,26.032301
2007-03-19,26.032
2007-03-20,26.018998999999997
2007-03-21,25.929001
2007-03-22,26.006001
2007-03-23,26.058001
2007-03-25,26.004
2007-03-26,25.981001000000003
2007-03-27,26.027
2007-03-28,26.007
2007-03-29,25.985001
2007-04-01,25.975
2007-04-02,26.045
2007-04-03,26.045
2007-04-04,25.910999
2007-04-05,25.9655
2007-04-08,25.983999
2007-04-09,25.91
2007-04-10,26.045
2007-04-11,25.844998999999998
2007-04-12,25.808001
2007-04-15,25.806
2007-04-16,25.767
2007-04-17,25.721001
2007-04-18,25.716
2007-04-19,25.746
2007-04-22,25.754
2007-04-23,25.702
2007-04-24,25.700001
2007-04-25,25.749001
2007-04-26,25.684998999999998
2007-04-29,25.688
2007-04-30,25.742001000000002
2007-05-01,25.745001000000002
2007-05-02,25.784
2007-05-03,25.742001000000002
2007-05-06,25.736
2007-05-07,25.802
2007-05-08,25.813999
2007-05-09,25.853001000000003
2007-05-10,25.809299
2007-05-13,25.792999
2007-05-14,25.739
2007-05-15,25.813999
2007-05-16,25.837999
2007-05-17,25.82
2007-05-20,25.879998999999998
2007-05-21,25.882998999999998
2007-05-22,25.849501
2007-05-23,25.917
2007-05-24,25.895
2007-05-27,25.849501
2007-05-28,25.849501
2007-05-29,25.909
2007-05-30,25.865
2007-05-31,25.886999
2007-06-03,25.858999
2007-06-04,25.849501
2007-06-05,25.849501
2007-06-06,25.91
2007-06-07,25.966998999999998
2007-06-10,25.983
2007-06-11,25.849501
2007-06-12,26.039
2007-06-13,26.035999
2007-06-14,25.958
2007-06-17,25.931998999999998
2007-06-18,25.923
2007-06-19,25.849501
2007-06-20,25.941
2007-06-21,25.8815
2007-06-24,25.878
2007-06-25,25.802
2007-06-26,25.849501
2007-06-27,25.815001000000002
2007-06-28,25.712999
2007-07-01,25.639999
2007-07-02,25.849501
2007-07-03,25.849501
2007-07-04,25.681998999999998
2007-07-05,25.712999
2007-07-08,25.662001
2007-07-09,25.525
2007-07-10,25.849501
2007-07-11,25.493
2007-07-12,25.458
2007-07-15,25.475
2007-07-16,25.452
2007-07-17,25.426001
2007-07-18,25.423
2007-07-19,25.384001
2007-07-22,25.409
2007-07-23,25.386
2007-07-24,25.49
2007-07-25,25.465
2007-07-26,25.608
2007-07-29,25.535999
2007-07-30,25.573999
2007-07-31,25.58
2007-08-01,25.558001
2007-08-02,25.488001
2007-08-05,25.483
2007-08-06,25.469998999999998
2007-08-07,25.426001
2007-08-08,25.458
2007-08-09,25.459
2007-08-12,25.544001
2007-08-13,25.599001
2007-08-14,25.716998999999998
2007-08-15,25.763
2007-08-16,25.768998999999997
2007-08-19,25.781
2007-08-20,25.905001000000002
2007-08-21,25.757
2007-08-22,25.731001000000003
2007-08-23,25.673
2007-08-26,25.677999
2007-08-27,25.746
2007-08-28,25.632
2007-08-29,25.638
2007-08-30,25.650999
2007-09-02,25.615
2007-09-03,25.660999
2007-09-04,25.622999
2007-09-05,25.643
2007-09-06,25.563
2007-09-09,
2007-09-10,25.452
2007-09-11,25.371
2007-09-12,25.362
2007-09-13,25.334
2007-09-16,25.34
2007-09-17,25.3377
2007-09-18,25.174
2007-09-19,25.073999
2007-09-20,25.052999
2007-09-23,25.031
2007-09-24,24.966998999999998
2007-09-25,24.974001
2007-09-26,24.954
2007-09-27,24.854
2007-09-30,24.856001000000003
2007-10-01,24.952
2007-10-02,25.007
2007-10-03,24.973
2007-10-04,24.965
2007-10-07,25.052999
2007-10-08,24.996
2007-10-09,24.959
2007-10-10,24.907
2007-10-11,24.924999
2007-10-14,24.9
2007-10-15,24.926001
2007-10-16,24.892
2007-10-17,24.816999
2007-10-18,24.855
2007-10-21,24.93
2007-10-22,24.865
2007-10-23,24.860001
2007-10-24,24.799999
2007-10-25,24.725
2007-10-29,24.700001
2007-10-30,24.681
2007-10-31,24.66
2007-11-01,24.694
2007-11-02,24.625
2007-11-05,24.648001
2007-11-06,24.573999
2007-11-07,24.507
2007-11-08,24.466998999999998
2007-11-09,24.473
2007-11-12,24.608999
2007-11-13,24.52
2007-11-14,24.489
2007-11-15,24.518998999999997
2007-11-16,24.485001
2007-11-19,24.476
2007-11-20,24.33
2007-11-21,24.311001
2007-11-22,24.312
2007-11-23,24.316
2007-11-26,24.316
2007-11-27,24.327999
2007-11-28,24.315001000000002
2007-11-29,24.396
2007-11-30,24.51
2007-12-03,24.469998999999998
2007-12-04,24.382998999999998
2007-12-05,24.538
2007-12-06,24.485001
2007-12-07,24.487
2007-12-10,24.427999
2007-12-11,24.464001
2007-12-12,24.429001
2007-12-13,24.500999
2007-12-14,24.694
2007-12-17,24.700001
2007-12-18,
2007-12-19,24.73
2007-12-20,24.778999
2007-12-21,24.75
2007-12-24,24.715
2007-12-25,24.714001
2007-12-26,24.639999
2007-12-27,24.598
2007-12-28,24.507
2007-12-31,24.565001000000002
2008-01-01,
2008-01-02,
2008-01-03,24.429001
2008-01-04,24.414
2008-01-07,24.415001
2008-01-08,
2008-01-09,
2008-01-10,24.354
2008-01-11,24.375999
2008-01-14,24.285999
2008-01-15,24.347
2008-01-16,24.48
2008-01-17,24.5
2008-01-18,24.511999
2008-01-21,24.771998999999997
2008-01-22,24.615999
2008-01-23,24.663
2008-01-24,24.450001
2008-01-25,24.489
2008-01-28,24.471001
2008-01-29,24.487
2008-01-30,24.434998999999998
2008-01-31,24.43
2008-02-01,24.489
2008-02-04,24.493999
2008-02-05,24.636
2008-02-06,24.66
2008-02-07,24.788
2008-02-08,24.740999
2008-02-11,24.691999
2008-02-12,24.618
2008-02-13,24.681998999999998
2008-02-14,24.615
2008-02-15,24.584
2008-02-18,24.584999
2008-02-19,24.538
2008-02-20,24.538
2008-02-21,24.474001
2008-02-22,24.438
2008-02-25,24.427999
2008-02-26,24.235001
2008-02-27,24.097
2008-02-28,23.993999
2008-02-29,24.011
2008-03-03,24.027
2008-03-04,24.014
2008-03-05,23.938
2008-03-06,23.816999
2008-03-07,23.868
2008-03-10,23.871
2008-03-11,23.871
2008-03-12,23.701
2008-03-13,23.676001
2008-03-14,23.584999
2008-03-17,23.523001
2008-03-18,23.601999
2008-03-19,23.621
2008-03-20,23.794001
2008-03-21,23.794001
2008-03-24,23.792999
2008-03-25,23.645
2008-03-26,23.476999
2008-03-27,23.469998999999998
2008-03-28,23.487
2008-03-30,23.524
2008-03-31,
2008-04-01,23.583
2008-04-02,23.591
2008-04-03,23.541
2008-04-06,23.559998999999998
2008-04-07,23.572001
2008-04-08,23.461
2008-04-09,23.530001000000002
2008-04-10,23.473
2008-04-13,23.462
2008-04-14,23.493999
2008-04-15,23.351
2008-04-16,23.395
2008-04-17,23.465
2008-04-20,23.381001
2008-04-21,23.320999
2008-04-22,23.416
2008-04-23,23.57
2008-04-24,23.620001000000002
2008-04-27,23.596001
2008-04-28,23.677
2008-04-29,23.629998999999998
2008-04-30,
2008-05-01,23.802
2008-05-04,23.733999
2008-05-05,23.698999
2008-05-06,23.83
2008-05-07,23.818001000000002
2008-05-08,23.749001
2008-05-11,23.691999
2008-05-12,23.7708
2008-05-13,23.875
2008-05-14,23.889999
2008-05-15,23.709999
2008-05-18,23.774
2008-05-19,23.688999
2008-05-20,23.562
2008-05-21,23.598
2008-05-22,23.561001
2008-05-25,23.52
2008-05-26,23.624001
2008-05-27,23.606001000000003
2008-05-28,23.718
2008-05-29,23.684998999999998
2008-06-01,23.691999
2008-06-02,23.775
2008-06-03,23.789
2008-06-04,23.673
2008-06-05,23.535
2008-06-08,23.649
2008-06-09,23.705
2008-06-10,23.628
2008-06-11,23.719998999999998
2008-06-12,23.790001
2008-06-15,23.68
2008-06-16,23.634001
2008-06-17,23.618999
2008-06-18,23.646998999999997
2008-06-19,23.561001
2008-06-22,23.629
2008-06-23,23.596001
2008-06-24,23.507998999999998
2008-06-25,23.443001000000002
2008-06-26,23.413
2008-06-29,23.447001
2008-06-30,
2008-07-01,23.371
2008-07-02,23.516001
2008-07-03,23.482
2008-07-06,23.476999
2008-07-07,23.525
2008-07-08,23.427
2008-07-09,23.355
2008-07-10,23.247
2008-07-13,23.17
2008-07-14,23.177
2008-07-15,23.257998999999998
2008-07-16,23.229
2008-07-17,23.218
2008-07-20,23.183001
2008-07-21,23.288
2008-07-22,23.362
2008-07-23,23.371
2008-07-24,23.379998999999998
2008-07-27,23.343
2008-07-28,23.447001
2008-07-29,23.441999
2008-07-30,23.434998999999998
2008-07-31,
2008-08-03,
2008-08-04,
2008-08-05,
2008-08-06,
2008-08-07,
2008-08-10,
2008-08-11,
2008-08-12,
2008-08-13,
2008-08-14,
2008-08-17,
2008-08-18,
2008-08-19,
2008-08-20,
2008-08-21,
2008-08-24,
2008-08-25,24.667999
2008-08-26,24.614
2008-08-27,24.625999
2008-08-28,24.643998999999997
2008-08-31,24.725
2008-09-01,24.794001
2008-09-02,25.134001
2008-09-03,25.466
2008-09-04,25.479
2008-09-07,25.514999
2008-09-08,25.573
2008-09-09,25.742001000000002
2008-09-10,25.739
2008-09-11,25.52
2008-09-14,25.486
2008-09-15,25.627001
2008-09-16,25.431
2008-09-17,25.448999
2008-09-18,25.280001000000002
2008-09-21,25.004
2008-09-22,25.062
2008-09-23,25.02
2008-09-24,25.023001
2008-09-25,25.028999
2008-09-28,25.15
2008-09-29,25.639
2008-09-30,25.728001000000003
2008-10-01,25.934
2008-10-02,25.976999
2008-10-05,26.254
2008-10-06,26.18
2008-10-07,26.138
2008-10-08,26.146998999999997
2008-10-09,26.205999
2008-10-12,26.146998999999997
2008-10-13,26.139
2008-10-14,26.311001
2008-10-15,26.282
2008-10-16,26.355
2008-10-19,26.395
2008-10-20,26.712
2008-10-21,26.975
2008-10-22,26.834999
2008-10-23,27.194
2008-10-27,27.368999
2008-10-28,26.993999
2008-10-29,26.819
2008-10-30,26.875999
2008-10-31,27.076
2008-11-03,27.181998999999998
2008-11-04,26.792999
2008-11-05,26.854
2008-11-06,27.065001000000002
2008-11-07,27.028
2008-11-10,27.042999
2008-11-11,27.583
2008-11-12,27.631001
2008-11-13,27.247999
2008-11-14,27.389999
2008-11-17,27.438999
2008-11-18,27.450001
2008-11-19,27.611
2008-11-20,27.625
2008-11-21,27.506001
2008-11-24,27.33
2008-11-25,27.264999
2008-11-26,27.427
2008-11-27,27.434
2008-11-28,27.91
2008-12-01,28.011999
2008-12-02,27.91
2008-12-03,27.917
2008-12-04,27.166
2008-12-05,28.17
2008-12-08,27.933001
2008-12-09,27.93
2008-12-10,27.823
2008-12-11,27.709
2008-12-12,27.643998999999997
2008-12-15,27.611
2008-12-16,27.26
2008-12-17,27.120001000000002
2008-12-18,27.278999
2008-12-19,28.166
2008-12-22,28.378
2008-12-23,28.409
2008-12-24,27.847
2008-12-25,27.827
2008-12-26,27.806998999999998
2008-12-29,29.476
2008-12-30,29.358
2008-12-31,30.525
2009-01-01,29.142
2009-01-02,28.697001
2009-01-05,28.943001000000002
2009-01-06,28.891001
2009-01-07,29.174
2009-01-08,28.358
2009-01-09,29.216998999999998
2009-01-12,31.118999
2009-01-13,31.334
2009-01-14,31.726
2009-01-15,32.251999
2009-01-16,32.327
2009-01-19,33.259997999999996
2009-01-20,33.050999
2009-01-21,32.610001000000004
2009-01-22,32.626999
2009-01-23,32.625999
2009-01-26,32.777
2009-01-27,33.007999
2009-01-28,33.948002
2009-01-29,35.122002
2009-01-30,35.605
2009-02-02,36.166
2009-02-03,36.000999
2009-02-04,36.305
2009-02-05,36.393002
2009-02-06,36.146999
2009-02-09,35.662997999999995
2009-02-10,35.638
2009-02-11,35.071999
2009-02-12,34.581001
2009-02-13,34.501999
2009-02-16,34.622002
2009-02-17,36.256001
2009-02-18,36.191002000000005
2009-02-19,35.82
2009-02-20,36.012001
2009-02-23,35.933997999999995
2009-02-24,35.905998
2009-02-25,35.687
2009-02-26,35.528999
2009-02-27,35.808997999999995
2009-03-02,36.056
2009-03-03,36.225497999999995
2009-03-04,35.898998
2009-03-05,35.855
2009-03-06,35.644001
2009-03-09,35.735001000000004
2009-03-10,34.830002
2009-03-11,34.973999
2009-03-12,35.014
2009-03-13,34.631001
2009-03-16,34.313999
2009-03-17,34.397999
2009-03-18,34.318001
2009-03-19,33.188
2009-03-20,33.540001000000004
2009-03-23,33.276501
2009-03-24,33.238997999999995
2009-03-25,33.526001
2009-03-26,33.283001
2009-03-27,33.638
2009-03-29,33.923
2009-03-30,33.827999
2009-03-31,33.892502
2009-04-01,33.294998
2009-04-02,33.245998
2009-04-05,33.384997999999996
2009-04-06,33.432999
2009-04-07,33.556999
2009-04-08,33.532001
2009-04-09,33.556999
2009-04-12,33.348999
2009-04-13,33.269001
2009-04-14,33.41
2009-04-15,33.256001
2009-04-16,33.375
2009-04-19,33.828998999999996
2009-04-20,34.012001
2009-04-21,33.801998
2009-04-22,33.512001
2009-04-23,33.042999
2009-04-26,33.222
2009-04-27,33.367001
2009-04-28,32.963001
2009-04-29,32.984001
2009-04-30,33.047501000000004
2009-05-03,32.735001000000004
2009-05-04,32.77
2009-05-05,32.792
2009-05-06,32.458
2009-05-07,32.307999
2009-05-10,32.235001000000004
2009-05-11,31.937
2009-05-12,31.933001
2009-05-13,32.169998
2009-05-14,32.026001
2009-05-17,32.068001
2009-05-18,31.8375
2009-05-19,31.445
2009-05-20,31.48
2009-05-21,30.951
2009-05-24,30.903
2009-05-25,31.327499
2009-05-26,31.061001
2009-05-27,30.983999
2009-05-28,30.718
2009-05-31,30.615
2009-06-01,30.5765
2009-06-02,30.754
2009-06-03,30.726
2009-06-04,30.802
2009-06-07,31.41
2009-06-08,31.034
2009-06-09,30.857
2009-06-10,30.879998999999998
2009-06-11,30.954
2009-06-14,31.191
2009-06-15,31.221001
2009-06-16,31.27
2009-06-17,30.757998999999998
2009-06-18,30.941
2009-06-21,31.268998999999997
2009-06-22,31.239
2009-06-23,31.139999
2009-06-24,31.207001
2009-06-25,31.056998999999998
2009-06-28,31.105
2009-06-29,31.073999
2009-06-30,31.0963
2009-07-01,31.129
2009-07-02,31.162001
2009-07-05,31.349001
2009-07-06,31.557501000000002
2009-07-07,31.845501000000002
2009-07-08,31.7801
2009-07-09,32.6012
2009-07-12,32.6777
2009-07-13,32.263599
2009-07-14,31.833
2009-07-15,31.576
2009-07-16,31.7785
2009-07-19,31.025499
2009-07-20,30.9995
2009-07-21,31.160299
2009-07-22,31.202499
2009-07-23,30.9655
2009-07-26,30.699499
2009-07-27,31.084498999999997
2009-07-28,31.577
2009-07-29,31.514999
2009-07-30,31.540001
2009-08-02,31.0562
2009-08-03,31.083
2009-08-04,31.158001000000002
2009-08-05,31.317498999999998
2009-08-06,31.4876
2009-08-09,31.8013
2009-08-10,32.2159
2009-08-11,32.285999
2009-08-12,31.645201
2009-08-13,31.696501
2009-08-16,32.185101
2009-08-17,32.404301000000004
2009-08-18,32.404301000000004
2009-08-19,31.805099
2009-08-20,31.6385
2009-08-23,31.408001000000002
2009-08-24,32.404301000000004
2009-08-25,32.404301000000004
2009-08-26,32.404301000000004
2009-08-27,31.000999
2009-08-30,32.404301000000004
2009-08-31,32.404301000000004
2009-09-01,32.404301000000004
2009-09-02,32.404301000000004
2009-09-03,31.6056
2009-09-06,32.404301000000004
2009-09-07,32.404301000000004
2009-09-08,32.404301000000004
2009-09-09,30.8228
2009-09-10,30.8223
2009-09-13,32.404301000000004
2009-09-14,30.82
2009-09-15,32.404301000000004
2009-09-16,30.313999
2009-09-17,30.237
2009-09-20,30.374001
2009-09-21,32.404301000000004
2009-09-22,30.045
2009-09-23,29.521998999999997
2009-09-24,30.122999
2009-09-27,30.101
2009-09-28,30.08
2009-09-29,30.047701
2009-09-30,30.107
2009-10-01,29.409
2009-10-04,29.999001
2009-10-05,29.802999
2009-10-06,29.7117
2009-10-07,29.556601
2009-10-08,29.628
2009-10-11,29.502001
2009-10-12,29.533501
2009-10-13,29.481001000000003
2009-10-14,29.3927
2009-10-15,29.4067
2009-10-18,29.283199
2009-10-19,29.122999
2009-10-20,29.153999
2009-10-21,29.024
2009-10-22,28.996
2009-10-26,28.8409
2009-10-27,29.1922
2009-10-28,29.25
2009-10-29,29.166
2009-10-30,29.184998999999998
2009-11-02,29.2355
2009-11-03,29.3048
2009-11-04,29.137199
2009-11-05,28.9786
2009-11-06,29.056
2009-11-09,28.722401
2009-11-10,28.695
2009-11-11,28.6625
2009-11-12,28.787201
2009-11-13,28.127001
2009-11-16,28.653
2009-11-17,28.773701000000003
2009-11-18,28.7059
2009-11-19,28.780701
2009-11-20,28.983299
2009-11-23,28.766199
2009-11-24,28.7701
2009-11-25,28.77
2009-11-26,29.243999
2009-11-27,29.3025
2009-11-30,29.219998999999998
2009-12-01,29.0627
2009-12-02,29.341998999999998
2009-12-03,29.1698
2009-12-04,29.5331
2009-12-07,29.844
2009-12-08,30.646299
2009-12-09,30.412001
2009-12-10,30.382799
2009-12-11,30.052999
2009-12-14,30.055
2009-12-15,30.162701000000002
2009-12-16,30.224001
2009-12-17,30.804501000000002
2009-12-18,30.475201000000002
2009-12-21,30.5369
2009-12-22,30.560499
2009-12-23,30.195
2009-12-24,29.583
2009-12-25,29.555
2009-12-28,29.715
2009-12-29,29.908898999999998
2009-12-30,30.245199
2009-12-31,29.995199
2010-01-01,29.995199
2010-01-04,30.313999
2010-01-05,29.995199
2010-01-06,29.995199
2010-01-07,29.995199
2010-01-08,29.865999
2010-01-11,29.3137
2010-01-12,29.5597
2010-01-13,29.543501000000003
2010-01-14,29.434998999999998
2010-01-15,29.5459
2010-01-18,29.591
2010-01-19,29.587999
2010-01-20,29.7523
2010-01-21,29.703899
2010-01-22,29.7701
2010-01-25,30.104098999999998
2010-01-26,30.326
2010-01-27,30.316999
2010-01-28,30.353001000000003
2010-01-29,30.3496
2010-02-01,30.285
2010-02-02,30.065001000000002
2010-02-03,29.993999
2010-02-04,30.165001
2010-02-05,30.1108
2010-02-08,30.530001000000002
2010-02-09,30.3277
2010-02-10,30.296801000000002
2010-02-11,30.131598999999998
2010-02-12,30.198999
2010-02-15,30.219601
2010-02-16,29.991501
2010-02-17,30.1161
2010-02-18,30.025999
2010-02-19,29.9657
2010-02-22,29.9755
2010-02-23,29.987
2010-02-24,29.999201
2010-02-25,30.003
2010-02-26,29.9245
2010-03-01,29.9503
2010-03-02,29.975
2010-03-03,29.76
2010-03-04,29.8092
2010-03-05,29.820101
2010-03-08,29.748501
2010-03-09,29.729
2010-03-10,29.5898
2010-03-11,29.447001
2010-03-12,29.277
2010-03-15,29.443001000000002
2010-03-16,29.3214
2010-03-17,29.137501
2010-03-18,29.202801
2010-03-19,29.2673
2010-03-22,29.5215
2010-03-23,29.533001000000002
2010-03-24,29.691
2010-03-25,29.523899
2010-03-26,29.586
2010-03-28,29.4795
2010-03-29,29.509501
2010-03-30,29.4235
2010-03-31,29.352501
2010-04-01,29.235001
2010-04-04,29.1702
2010-04-05,29.315001000000002
2010-04-06,29.302
2010-04-07,29.418501000000003
2010-04-08,29.135
2010-04-11,29.007998999999998
2010-04-12,29.014999
2010-04-13,28.9664
2010-04-14,28.9925
2010-04-15,29.056499
2010-04-18,29.136499
2010-04-19,29.0888
2010-04-20,29.1243
2010-04-21,29.1812
2010-04-22,29.105499
2010-04-25,29.038
2010-04-26,29.349001
2010-04-27,29.3295
2010-04-28,29.239
2010-04-29,29.205
2010-05-02,29.295
2010-05-03,29.5853
2010-05-04,30.035601
2010-05-05,30.708
2010-05-06,30.490499
2010-05-09,30.434401
2010-05-10,30.211
2010-05-11,30.013
2010-05-12,29.987499
2010-05-13,30.344998999999998
2010-05-16,30.526501
2010-05-17,30.491501
2010-05-18,30.493
2010-05-19,31.4195
2010-05-20,31.084999
2010-05-23,31.044001
2010-05-24,31.431499
2010-05-25,31.18
2010-05-26,30.643499
2010-05-27,30.6416
2010-05-30,30.885
2010-05-31,31.192801
2010-06-01,31.1553
2010-06-02,31.146
2010-06-03,31.504998999999998
2010-06-06,31.8435
2010-06-07,31.802999
2010-06-08,31.674999
2010-06-09,31.555
2010-06-10,31.5975
2010-06-13,31.415198999999998
2010-06-14,31.259001
2010-06-15,31.200701000000002
2010-06-16,30.934
2010-06-17,30.976999
2010-06-20,30.8228
2010-06-21,30.9146
2010-06-22,31.000299
2010-06-23,31.045
2010-06-24,30.981501
2010-06-27,31.060499
2010-06-28,31.315201000000002
2010-06-29,31.251499
2010-06-30,31.025
2010-07-01,31.0905
2010-07-04,31.134001
2010-07-05,30.984501
2010-07-06,30.9895
2010-07-07,30.818899
2010-07-08,30.865
2010-07-11,30.764999
2010-07-12,30.5875
2010-07-13,30.545
2010-07-14,30.360001
2010-07-15,30.507998999999998
2010-07-18,30.515301
2010-07-19,30.4891
2010-07-20,30.491501
2010-07-21,30.348
2010-07-22,30.3351
2010-07-25,30.264999
2010-07-26,30.171499
2010-07-27,30.232
2010-07-28,30.174999
2010-07-29,30.275
2010-08-01,29.969998999999998
2010-08-02,29.716499
2010-08-03,29.716499
2010-08-04,29.813999
2010-08-05,29.837999
2010-08-08,29.750299
2010-08-09,29.898001
2010-08-10,30.013
2010-08-11,30.365999
2010-08-12,30.556998999999998
2010-08-15,30.52
2010-08-16,30.462999
2010-08-17,30.389999
2010-08-18,30.419001
2010-08-19,30.414
2010-08-22,30.636
2010-08-23,30.671
2010-08-24,30.780001000000002
2010-08-25,30.947001
2010-08-26,30.671
2010-08-29,30.681
2010-08-30,30.652
2010-08-31,30.757998999999998
2010-09-01,30.690001000000002
2010-09-02,30.676001
2010-09-05,30.601999
2010-09-06,30.607
2010-09-07,30.834
2010-09-08,30.798
2010-09-09,30.818001000000002
2010-09-12,30.861
2010-09-13,30.641001
2010-09-14,30.591998999999998
2010-09-15,30.921
2010-09-16,31.289
2010-09-19,30.957001
2010-09-20,31.042999
2010-09-21,31.034
2010-09-22,30.968
2010-09-23,31.000999
2010-09-26,30.733
2010-09-27,30.507998999999998
2010-09-28,30.433001
2010-09-29,30.396998999999997
2010-09-30,30.544001
2010-10-03,30.438999
2010-10-04,30.448
2010-10-05,30.002001
2010-10-06,29.822001
2010-10-07,29.750999
2010-10-10,29.823999
2010-10-11,29.886
2010-10-12,30.077999
2010-10-13,30.091998999999998
2010-10-14,30.021
2010-10-17,30.290001
2010-10-18,30.362
2010-10-19,30.649
2010-10-20,30.656
2010-10-21,30.551001
2010-10-24,30.322001
2010-10-25,30.268
2010-10-26,30.423
2010-10-27,30.66
2010-10-28,30.66
2010-11-01,30.789
2010-11-02,30.802999
2010-11-03,30.749001
2010-11-04,30.795
2010-11-05,30.451
2010-11-08,30.493999
2010-11-09,30.809
2010-11-10,30.625999
2010-11-11,30.707001
2010-11-12,30.594998999999998
2010-11-15,30.768998999999997
2010-11-16,30.973
2010-11-17,31.141001
2010-11-18,31.280001000000002
2010-11-19,31.054001
2010-11-22,31.087
2010-11-23,31.128
2010-11-24,31.333
2010-11-25,31.239
2010-11-26,31.135
2010-11-29,31.4401
2010-11-30,31.339199
2010-12-01,31.5221
2010-12-02,31.3585
2010-12-03,31.4604
2010-12-06,31.2875
2010-12-07,31.2155
2010-12-08,31.128
2010-12-09,31.030001000000002
2010-12-10,30.9275
2010-12-13,30.921
2010-12-14,30.688
2010-12-15,30.7145
2010-12-16,30.805
2010-12-17,30.719
2010-12-20,30.6647
2010-12-21,30.837099
2010-12-22,30.7267
2010-12-23,30.635201000000002
2010-12-24,30.618401000000002
2010-12-27,30.447701000000002
2010-12-28,30.350201000000002
2010-12-29,30.3473
2010-12-30,30.443701
2010-12-31,30.552298999999998
2011-01-03,30.4252
2011-01-04,30.4252
2011-01-05,30.4252
2011-01-06,30.4252
2011-01-07,30.4252
2011-01-10,30.4252
2011-01-11,30.4252
2011-01-12,30.548
2011-01-13,30.0905
2011-01-14,29.937
2011-01-17,29.9888
2011-01-18,29.9767
2011-01-19,29.888
2011-01-20,29.8283
2011-01-21,29.25
2011-01-24,29.919399
2011-01-25,29.834
2011-01-26,29.701
2011-01-27,29.7055
2011-01-28,29.586
2011-01-31,29.6782
2011-02-01,29.785
2011-02-02,29.6129
2011-02-03,29.434998999999998
2011-02-04,29.436001
2011-02-07,29.3881
2011-02-08,29.2579
2011-02-09,29.253099
2011-02-10,29.240299
2011-02-11,29.3074
2011-02-14,29.292801
2011-02-15,29.277
2011-02-16,29.318001000000002
2011-02-17,29.206498999999997
2011-02-18,29.231001000000003
2011-02-21,29.148701000000003
2011-02-22,29.135
2011-02-23,29.274
2011-02-24,29.181499
2011-02-25,28.993999
2011-02-28,28.924999
2011-03-01,28.858999
2011-03-02,28.736601
2011-03-03,28.379499
2011-03-04,28.159901
2011-03-07,28.1943
2011-03-08,28.183001
2011-03-09,28.181
2011-03-10,28.3552
2011-03-11,28.604
2011-03-14,28.7353
2011-03-15,28.5257
2011-03-16,28.818899
2011-03-17,28.631598999999998
2011-03-18,28.647699
2011-03-21,28.468901000000002
2011-03-22,28.296499
2011-03-23,28.2342
2011-03-24,28.3314
2011-03-25,28.315399
2011-03-27,27.721001
2011-03-28,28.3225
2011-03-29,28.35
2011-03-30,28.517
2011-03-31,28.409
2011-04-03,28.4065
2011-04-04,28.276199
2011-04-05,28.3342
2011-04-06,28.133699
2011-04-07,28.191601000000002
2011-04-10,28.032
2011-04-11,28.0249
2011-04-12,28.0382
2011-04-13,28.093201
2011-04-14,
2011-04-17,28.136499
2011-04-18,28.2752
2011-04-19,28.308701
2011-04-20,28.0602
2011-04-21,27.924999
2011-04-24,28.01
2011-04-25,27.842501000000002
2011-04-26,27.815701
2011-04-27,27.6952
2011-04-28,27.516199
2011-05-01,27.3431
2011-05-02,27.315201000000002
2011-05-03,27.3487
2011-05-04,27.1549
2011-05-05,27.4028
2011-05-08,27.5952
2011-05-09,27.8302
2011-05-10,27.7425
2011-05-11,27.693701
2011-05-12,28.0252
2011-05-15,27.922501
2011-05-16,28.116501
2011-05-17,28.1273
2011-05-18,28.072701000000002
2011-05-19,27.947001
2011-05-22,28.01
2011-05-23,28.4778
2011-05-24,28.352501
2011-05-25,28.3524
2011-05-26,28.1625
2011-05-29,28.023899
2011-05-30,27.998301
2011-05-31,27.9737
2011-06-01,27.9002
2011-06-02,27.8846
2011-06-05,27.9312
2011-06-06,27.809998999999998
2011-06-07,27.716
2011-06-08,27.738701000000002
2011-06-09,27.692698999999998
2011-06-12,27.329
2011-06-13,27.9265
2011-06-14,27.8675
2011-06-15,27.967501000000002
2011-06-16,28.172701
2011-06-19,28.046
2011-06-20,28.045099
2011-06-21,27.9377
2011-06-22,27.957701
2011-06-23,28.219998999999998
2011-06-26,28.151699
2011-06-27,28.32
2011-06-28,28.0539
2011-06-29,27.967699
2011-06-30,27.8927
2011-07-03,27.836
2011-07-04,27.804501000000002
2011-07-05,27.8552
2011-07-06,27.9618
2011-07-07,27.869801000000002
2011-07-10,28.030701
2011-07-11,28.2101
2011-07-12,28.315001000000002
2011-07-13,27.9459
2011-07-14,28.1021
2011-07-17,27.399
2011-07-18,28.134899
2011-07-19,28.0291
2011-07-20,27.9121
2011-07-21,27.6884
2011-07-24,27.728001000000003
2011-07-25,27.6845
2011-07-26,27.493
2011-07-27,27.497601
2011-07-28,27.5453
2011-07-31,27.622
2011-08-01,27.7465
2011-08-02,27.8347
2011-08-03,27.812901
2011-08-04,28.229401
2011-08-07,28.2465
2011-08-08,28.9277
2011-08-09,29.8375
2011-08-10,29.6752
2011-08-11,29.4244
2011-08-14,28.962601
2011-08-15,28.611401
2011-08-16,28.631399
2011-08-17,28.773198999999998
2011-08-18,29.038401
2011-08-21,28.9802
2011-08-22,29.0996
2011-08-23,28.907
2011-08-24,28.920401000000002
2011-08-25,28.8862
2011-08-28,28.7132
2011-08-29,28.7082
2011-08-30,28.842899
2011-08-31,28.7931
2011-09-01,28.941601000000002
2011-09-04,29.1423
2011-09-05,29.4639
2011-09-06,29.5797
2011-09-07,29.399401
2011-09-08,29.5982
2011-09-11,30.064199
2011-09-12,30.219601
2011-09-13,30.1966
2011-09-14,30.391199
2011-09-15,30.338301
2011-09-18,30.578501
2011-09-19,31.2752
2011-09-20,31.3902
2011-09-21,31.645201
2011-09-22,32.049099
2011-09-25,31.942698999999998
2011-09-26,32.306098999999996
2011-09-27,31.6752
2011-09-28,31.7152
2011-09-29,31.9727
2011-10-02,32.1991
2011-10-03,32.565201
2011-10-04,32.707699
2011-10-05,32.105499
2011-10-06,32.215199
2011-10-09,32.080299
2011-10-10,31.5452
2011-10-11,31.5077
2011-10-12,31.0252
2011-10-13,31.1702
2011-10-16,30.870199
2011-10-17,30.8815
2011-10-18,30.898001
2011-10-19,31.025
2011-10-20,31.412399
2011-10-23,31.030001000000002
2011-10-24,30.495001000000002
2011-10-25,30.4652
2011-10-26,30.6287
2011-10-27,29.822701000000002
2011-10-31,29.682501000000002
2011-11-01,30.304001
2011-11-02,30.782498999999998
2011-11-03,30.5252
2011-11-04,30.3752
2011-11-07,30.523899
2011-11-08,30.2999
2011-11-09,30.2052
2011-11-10,30.645201
2011-11-11,30.526501
2011-11-14,30.0625
2011-11-15,30.5037
2011-11-16,30.5837
2011-11-17,30.696199
2011-11-18,30.901199
2011-11-21,30.805201
2011-11-22,31.08
2011-11-23,31.0112
2011-11-24,31.389999
2011-11-25,31.442498999999998
2011-11-28,31.4762
2011-11-29,31.364201
2011-11-30,30.791
2011-12-01,30.6737
2011-12-02,30.259701
2011-12-05,30.934998999999998
2011-12-06,30.9555
2011-12-07,30.998501
2011-12-08,30.875999
2011-12-09,31.067498999999998
2011-12-12,31.4137
2011-12-13,31.5825
2011-12-14,31.5987
2011-12-15,31.775
2011-12-16,31.6737
2011-12-19,31.883699
2011-12-20,32.084702
2011-12-21,31.9077
2011-12-22,31.635
2011-12-23,31.317498999999998
2011-12-26,30.932699
2011-12-27,31.0375
2011-12-28,31.360201
2011-12-29,31.724501
2011-12-30,31.964199
2012-01-02,31.988701000000002
2012-01-03,31.988701000000002
2012-01-04,31.749001
2012-01-05,31.751301
2012-01-06,32.002602
2012-01-09,31.922898999999997
2012-01-10,31.8438
2012-01-11,31.5502
2012-01-12,31.6952
2012-01-13,31.4627
2012-01-16,31.224001
2012-01-17,31.569
2012-01-18,31.5452
2012-01-19,31.3575
2012-01-20,31.291201
2012-01-23,31.2556
2012-01-24,30.825198999999998
2012-01-25,30.755198999999998
2012-01-26,30.4452
2012-01-27,30.3127
2012-01-30,30.1136
2012-01-31,30.35
2012-02-01,30.048201000000002
2012-02-02,30.1252
2012-02-03,30.1586
2012-02-06,30.173401000000002
2012-02-07,29.9575
2012-02-08,29.7402
2012-02-09,29.725201000000002
2012-02-10,29.7092
2012-02-13,29.982201
2012-02-14,29.901199
2012-02-15,30.033199
2012-02-16,30.0812
2012-02-17,30.034201
2012-02-20,29.873199
2012-02-21,29.777201
2012-02-22,29.7332
2012-02-23,29.6782
2012-02-24,29.5312
2012-02-27,29.1402
2012-02-28,28.998199
2012-02-29,28.998199
2012-03-01,29.1882
2012-03-02,29.120199
2012-03-05,29.3302
2012-03-06,29.336201000000003
2012-03-07,29.6322
2012-03-08,29.6082
2012-03-09,29.343201
2012-03-12,29.4482
2012-03-13,29.6082
2012-03-14,29.4252
2012-03-15,29.568199
2012-03-16,29.4202
2012-03-19,29.2082
2012-03-20,29.099199
2012-03-21,29.239201
2012-03-22,29.252001
2012-03-23,29.436199
2012-03-25,29.270201
2012-03-26,28.944
2012-03-27,29.0322
2012-03-28,29.3592
2012-03-29,29.409201
2012-04-01,29.336201000000003
2012-04-02,29.283199
2012-04-03,29.2722
2012-04-04,29.4272
2012-04-05,29.3792
2012-04-08,29.5432
2012-04-09,29.593201
2012-04-10,29.8272
2012-04-11,29.6112
2012-04-12,29.401199
2012-04-15,29.6292
2012-04-16,29.5882
2012-04-17,29.488001
2012-04-18,29.4872
2012-04-19,29.4762
2012-04-22,29.426001
2012-04-23,29.468201
2012-04-24,29.343201
2012-04-25,29.3372
2012-04-26,29.3102
2012-04-29,29.270201
2012-04-30,29.3792
2012-05-01,29.3032
2012-05-02,29.323
2012-05-03,29.519199
2012-05-06,29.753201
2012-05-07,30.009001
2012-05-08,30.1222
2012-05-09,30.353201000000002
2012-05-10,30.138201000000002
2012-05-13,30.166201
2012-05-14,30.374201
2012-05-15,30.6632
2012-05-16,31.0182
2012-05-17,31.0942
2012-05-20,31.235201
2012-05-21,31.0762
2012-05-22,31.237101000000003
2012-05-23,31.6392
2012-05-24,31.753201
2012-05-27,32.049198
2012-05-28,32.071201
2012-05-29,32.265202
2012-05-30,32.766201
2012-05-31,33.314701
2012-06-03,33.623699
2012-06-04,33.439201000000004
2012-06-05,33.058601
2012-06-06,32.319199
2012-06-07,32.416199
2012-06-10,32.041199
2012-06-11,32.731201
2012-06-12,32.870201
2012-06-13,32.470001
2012-06-14,32.4967
2012-06-17,32.327999
2012-06-18,32.373699
2012-06-19,32.3032
2012-06-20,32.5522
2012-06-21,33.168701
2012-06-24,33.093201
2012-06-25,33.1698
2012-06-26,32.814701
2012-06-27,32.948299
2012-06-28,33.1259
2012-07-01,32.279202000000005
2012-07-02,32.580002
2012-07-03,32.2029
2012-07-04,32.308201000000004
2012-07-05,32.579201
2012-07-08,32.950199
2012-07-09,32.7868
2012-07-10,32.870701000000004
2012-07-11,32.6632
2012-07-12,32.737999
2012-07-15,32.523201
2012-07-16,32.492298
2012-07-17,32.3321
2012-07-18,32.209202000000005
2012-07-19,31.8202
2012-07-22,32.034199
2012-07-23,32.6171
2012-07-24,32.916302
2012-07-25,32.651901
2012-07-26,32.280102
2012-07-29,32.026901
2012-07-30,32.158198999999996
2012-07-31,32.1992
2012-08-01,32.4002
2012-08-02,32.628101
2012-08-05,32.019798
2012-08-06,31.5742
2012-08-07,31.532801
2012-08-08,31.506201
2012-08-09,31.6682
2012-08-12,31.801001
2012-08-13,31.8332
2012-08-14,31.8151
2012-08-15,31.7852
2012-08-16,31.780199
2012-08-19,31.9862
2012-08-20,31.982201
2012-08-21,31.747999
2012-08-22,31.625299
2012-08-23,31.75
2012-08-26,31.7672
2012-08-27,31.857201
2012-08-28,31.966998999999998
2012-08-29,32.198002
2012-08-30,32.537201
2012-09-02,32.276199
2012-09-03,32.265202
2012-09-04,32.312199
2012-09-05,32.238201000000004
2012-09-06,31.937201
2012-09-09,31.652
2012-09-10,31.647301000000002
2012-09-11,31.4601
2012-09-12,31.42
2012-09-13,31.0397
2012-09-16,30.496098999999997
2012-09-17,30.639999
2012-09-18,30.887698999999998
2012-09-19,31.1469
2012-09-20,31.1042
2012-09-23,31.037201
2012-09-24,31.0952
2012-09-25,31.172701
2012-09-26,31.291201
2012-09-27,30.8993
2012-09-30,31.176001
2012-10-01,31.165198999999998
2012-10-02,31.120199
2012-10-03,31.134001
2012-10-04,30.9072
2012-10-07,31.0065
2012-10-08,31.1602
2012-10-09,31.132401
2012-10-10,31.118799
2012-10-11,30.968398999999998
2012-10-14,31.106199
2012-10-15,30.965
2012-10-16,30.7931
2012-10-17,30.735201
2012-10-18,30.7542
2012-10-21,30.8552
2012-10-22,31.075001
2012-10-23,31.395
2012-10-24,31.4002
2012-10-25,31.307699
2012-10-29,31.346201
2012-10-30,31.476
2012-10-31,31.3386
2012-11-01,31.280001000000002
2012-11-02,31.2432
2012-11-05,31.475201000000002
2012-11-06,31.557199
2012-11-07,31.366198999999998
2012-11-08,31.5352
2012-11-09,31.4534
2012-11-12,31.530199
2012-11-13,31.660999
2012-11-14,31.718201
2012-11-15,31.649599
2012-11-16,31.616198999999998
2012-11-19,31.615801
2012-11-20,31.379
2012-11-21,31.290001
2012-11-22,31.0856
2012-11-23,31.140301
2012-11-26,31.0007
2012-11-27,30.974001
2012-11-28,31.0592
2012-11-29,31.0392
2012-11-30,30.8652
2012-12-03,30.843201
2012-12-04,30.867001000000002
2012-12-05,30.8011
2012-12-06,30.763201000000002
2012-12-07,30.901199
2012-12-10,30.8162
2012-12-11,30.7607
2012-12-12,30.677
2012-12-13,30.541
2012-12-14,30.7145
2012-12-17,30.676399
2012-12-18,30.962
2012-12-19,30.7173
2012-12-20,30.702499
2012-12-21,30.6672
2012-12-24,30.807199
2012-12-25,30.592199
2012-12-26,30.6192
2012-12-27,30.438999
2012-12-28,30.281
2012-12-31,30.440201000000002
2013-01-01,30.502001
2013-01-02,30.3372
2013-01-03,30.1565
2013-01-04,30.271
2013-01-07,30.2855
2013-01-08,30.358999
2013-01-09,30.2745
2013-01-10,30.3433
2013-01-11,30.1292
2013-01-14,30.264601000000003
2013-01-15,30.1464
2013-01-16,30.295401000000002
2013-01-17,30.300501
2013-01-18,30.16
2013-01-21,30.2395
2013-01-22,30.2554
2013-01-23,30.2162
2013-01-24,30.1572
2013-01-25,29.989901
2013-01-28,29.9865
2013-01-29,30.115499
2013-01-30,30.0026
2013-01-31,30.032
2013-02-01,30.003
2013-02-04,29.883301
2013-02-05,30.064501
2013-02-06,29.9028
2013-02-07,30.0515
2013-02-08,30.157301
2013-02-11,30.1462
2013-02-12,30.0868
2013-02-13,29.9944
2013-02-14,30.0366
2013-02-15,30.0459
2013-02-18,30.096001
2013-02-19,30.107201
2013-02-20,30.041201
2013-02-21,30.2057
2013-02-22,30.396299
2013-02-25,30.3242
2013-02-26,30.5492
2013-02-27,30.582199
2013-02-28,30.441999
2013-03-01,30.643
2013-03-04,30.631701
2013-03-05,30.7302
2013-03-06,30.571699
2013-03-07,30.7153
2013-03-08,30.682199
2013-03-11,30.7582
2013-03-12,30.6828
2013-03-13,30.697201
2013-03-14,30.7749
2013-03-15,30.723
2013-03-18,30.870199
2013-03-19,30.812799
2013-03-20,30.953899
2013-03-21,30.7869
2013-03-22,30.9326
2013-03-25,30.726298999999997
2013-03-26,30.915501000000003
2013-03-27,30.852698999999998
2013-03-28,31.056
2013-03-29,31.052799
2013-03-31,31.0093
2013-04-01,31.0203
2013-04-02,31.268499
2013-04-03,31.618799
2013-04-04,31.5432
2013-04-07,31.5961
2013-04-08,31.1898
2013-04-09,31.001801
2013-04-10,30.833
2013-04-11,30.800501
2013-04-14,31.0467
2013-04-15,31.4443
2013-04-16,31.232201
2013-04-17,31.8312
2013-04-18,31.493099
2013-04-21,31.616198999999998
2013-04-22,31.499901
2013-04-23,31.616198999999998
2013-04-24,31.4182
2013-04-25,31.124201
2013-04-28,31.1877
2013-04-29,30.930201
2013-04-30,30.9998
2013-05-01,31.287201
2013-05-02,31.1322
2013-05-05,31.0564
2013-05-06,30.9729
2013-05-07,31.0595
2013-05-08,31.0921
2013-05-09,31.1376
2013-05-12,31.3652
2013-05-13,31.2607
2013-05-14,31.3006
2013-05-15,31.444
2013-05-16,31.3393
2013-05-19,31.406601000000002
2013-05-20,31.2302
2013-05-21,31.2124
2013-05-22,31.347099
2013-05-23,31.3592
2013-05-26,31.1943
2013-05-27,31.3342
2013-05-28,31.483
2013-05-29,31.5942
2013-05-30,31.656401000000002
2013-06-02,31.898198999999998
2013-06-03,31.775101
2013-06-04,31.899401
2013-06-05,32.161097999999996
2013-06-06,32.113201000000004
2013-06-09,32.113201000000004
2013-06-10,32.246601
2013-06-11,32.372501
2013-06-12,32.143501
2013-06-13,31.8965
2013-06-16,31.7022
2013-06-17,31.7237
2013-06-18,31.962999
2013-06-19,32.4352
2013-06-20,32.869499
2013-06-23,32.75
2013-06-24,32.720299
2013-06-25,32.713299
2013-06-26,32.939899
2013-06-27,32.790699
2013-06-30,32.810501
2013-07-01,32.965599
2013-07-02,33.1619
2013-07-03,33.143501
2013-07-04,33.115299
2013-07-07,33.293499
2013-07-08,33.1805
2013-07-09,32.979
2013-07-10,32.536999
2013-07-11,32.557999
2013-07-14,32.516201
2013-07-15,32.5569
2013-07-16,32.4034
2013-07-17,32.2966
2013-07-18,32.444
2013-07-21,32.349201
2013-07-22,32.3139
2013-07-23,32.202702
2013-07-24,32.4174
2013-07-25,32.5998
2013-07-28,32.744801
2013-07-29,32.825001
2013-07-30,32.924198
2013-07-31,32.922798
2013-08-01,33.032799
2013-08-04,32.811298
2013-08-05,32.8564
2013-08-06,32.952801
2013-08-07,32.932598
2013-08-08,32.816399
2013-08-11,32.8465
2013-08-12,32.9925
2013-08-13,33.0396
2013-08-14,33.027901
2013-08-15,32.889998999999996
2013-08-18,32.865002000000004
2013-08-19,32.9547
2013-08-20,32.914001
2013-08-21,33.1194
2013-08-22,33.030201
2013-08-25,33.009997999999996
2013-08-26,33.053298999999996
2013-08-27,32.9506
2013-08-28,33.1306
2013-08-29,33.204102
2013-09-01,33.251098999999996
2013-09-02,33.355999
2013-09-03,33.498199
2013-09-04,33.278099
2013-09-05,33.4133
2013-09-08,33.258499
2013-09-09,33.136902
2013-09-10,32.930698
2013-09-11,32.7314
2013-09-12,32.625599
2013-09-15,32.345698999999996
2013-09-16,32.2841
2013-09-17,32.1866
2013-09-18,31.771998999999997
2013-09-19,31.640499
2013-09-22,31.837999
2013-09-23,31.7897
2013-09-24,31.841998999999998
2013-09-25,32.0783
2013-09-26,32.279202000000005
2013-09-29,32.342098
2013-09-30,32.402599
2013-10-01,32.2304
2013-10-02,32.097
2013-10-03,32.142899
2013-10-06,32.151199
2013-10-07,
2013-10-08,32.363701
2013-10-09,32.2883
2013-10-10,32.178699
2013-10-13,32.159698
2013-10-14,32.235901
2013-10-15,32.1474
2013-10-16,32.088299
2013-10-17,31.844
2013-10-20,31.8174
2013-10-21,31.947901
2013-10-22,31.6604
2013-10-23,31.7209
2013-10-24,31.6672
2013-10-28,31.781799
2013-10-29,31.854601000000002
2013-10-30,32.07
2013-10-31,31.9561
2013-11-01,32.040699
2013-11-04,32.339901
2013-11-05,32.342999
2013-11-06,32.4674
2013-11-07,32.359798
2013-11-08,32.392799
2013-11-11,32.6161
2013-11-12,32.8139
2013-11-13,32.872799
2013-11-14,32.7299
2013-11-15,32.7141
2013-11-18,32.542702
2013-11-19,32.515099
2013-11-20,32.6642
2013-11-21,32.870602000000005
2013-11-22,32.981201
2013-11-25,32.511002000000005
2013-11-26,32.896198
2013-11-27,32.904598
2013-11-28,33.152
2013-11-29,33.119202
2013-12-02,33.145
2013-12-03,33.2052
2013-12-04,33.259499
2013-12-05,33.134201000000004
2013-12-06,32.921799
2013-12-09,32.750999
2013-12-10,32.699001
2013-12-11,32.668701
2013-12-12,32.7328
2013-12-13,32.779202000000005
2013-12-16,32.869999
2013-12-17,32.837897999999996
2013-12-18,32.970001
2013-12-19,32.804297999999996
2013-12-20,32.930199
2013-12-23,32.977501000000004
2013-12-24,32.619801
2013-12-25,32.4902
2013-12-26,32.620201
2013-12-27,32.634201000000004
2013-12-30,32.581001
2013-12-31,32.683201000000004
2014-01-01,32.683201000000004
2014-01-02,32.706001
2014-01-03,33.0952
2014-01-06,33.165001000000004
2014-01-07,33.1432
2014-01-08,33.103199
2014-01-09,33.0877
2014-01-10,33.1479
2014-01-13,32.987499
2014-01-14,33.239101
2014-01-15,33.290298
2014-01-16,33.3992
2014-01-17,33.389198
2014-01-20,33.607498
2014-01-21,33.745399
2014-01-22,33.9552
2014-01-23,33.922199
2014-01-24,34.065201
2014-01-27,34.5037
2014-01-28,34.615398
2014-01-29,34.588299
2014-01-30,35.001499
2014-01-31,34.903301
2014-02-03,35.150002
2014-02-04,35.392399
2014-02-05,34.9632
2014-02-06,34.845797999999995
2014-02-07,34.662102000000004
2014-02-10,34.708
2014-02-11,34.728802
2014-02-12,34.724899
2014-02-13,34.797199
2014-02-14,35.079399
2014-02-17,35.0825
2014-02-18,35.194801
2014-02-19,35.418499
2014-02-20,35.7281
2014-02-21,35.719799
2014-02-24,35.4837
2014-02-25,35.4921
2014-02-26,35.698101
2014-02-27,36.0121
2014-02-28,35.990898
2014-03-03,36.001499
2014-03-04,36.3909
2014-03-05,36.0112
2014-03-06,36.021198
2014-03-07,36.083099
2014-03-10,36.435001
2014-03-11,36.377998
2014-03-12,36.4342
2014-03-13,36.439602
2014-03-14,36.5112
2014-03-17,36.536201
2014-03-18,36.193001
2014-03-19,36.230701
2014-03-20,36.166199
2014-03-21,36.287997999999995
2014-03-24,36.225201
2014-03-25,36.085201
2014-03-26,35.506199
2014-03-27,35.525002
2014-03-28,35.547199
2014-03-30,35.551497999999995
2014-03-31,35.148701
2014-04-01,35.005501
2014-04-02,35.424198
2014-04-03,35.521198
2014-04-06,34.950001
2014-04-07,35.553398
2014-04-08,35.661999
2014-04-09,35.491699
2014-04-10,35.554199
2014-04-13,35.600201
2014-04-14,35.922699
2014-04-15,36.169399
2014-04-16,35.993099
2014-04-17,35.4314
2014-04-20,35.417198
2014-04-21,35.6492
2014-04-22,35.661201
2014-04-23,35.663399
2014-04-24,35.714199
2014-04-27,36.014998999999996
2014-04-28,35.829601000000004
2014-04-29,35.620399
2014-04-30,35.593102
2014-05-01,35.357498
2014-05-04,35.666199
2014-05-05,35.655998
2014-05-06,35.403197999999996
2014-05-07,34.8932
2014-05-08,35.022301
2014-05-11,35.181197999999995
2014-05-12,34.993198
2014-05-13,34.783198999999996
2014-05-14,34.598999
2014-05-15,34.7458
2014-05-18,34.662201
2014-05-19,34.519199
2014-05-20,34.498199
2014-05-21,34.270699
2014-05-22,34.322201
2014-05-25,34.0532
2014-05-26,34.164398
2014-05-27,34.361198
2014-05-28,34.523201
2014-05-29,34.617699
2014-06-01,34.864201
2014-06-02,34.884201000000004
2014-06-03,35.049
2014-06-04,34.943501
2014-06-05,34.685001
2014-06-08,34.397202
2014-06-09,34.293201
2014-06-10,34.2892
2014-06-11,34.341099
2014-06-12,34.336498
2014-06-15,34.363201000000004
2014-06-16,34.593102
2014-06-17,34.8032
2014-06-18,34.3312
2014-06-19,34.343201
2014-06-22,34.437199
2014-06-23,34.0872
2014-06-24,33.766498999999996
2014-06-25,33.757197999999995
2014-06-26,33.622398
2014-06-29,33.7272
2014-06-30,33.844002
2014-07-01,34.3172
2014-07-02,34.293201
2014-07-03,34.1507
2014-07-06,34.343201
2014-07-07,34.390202
2014-07-08,34.192699
2014-07-09,33.637501
2014-07-10,33.8992
2014-07-13,34.197497999999996
2014-07-14,34.310398
2014-07-15,34.363201000000004
2014-07-16,34.615501
2014-07-17,35.148201
2014-07-20,35.069199
2014-07-21,35.153099
2014-07-22,34.919998
2014-07-23,34.792598999999996
2014-07-24,35.0275
2014-07-27,35.104198
2014-07-28,35.5877
2014-07-29,35.604599
2014-07-30,35.560001
2014-07-31,35.6301
2014-08-03,35.725201
2014-08-04,35.691399
2014-08-05,36.003201000000004
2014-08-06,36.0816
2014-08-07,36.2892
2014-08-10,36.128201000000004
2014-08-11,35.880798
2014-08-12,36.144798
2014-08-13,35.996201
2014-08-14,35.9972
2014-08-17,36.051201
2014-08-18,36.0131
2014-08-19,36.141201
2014-08-20,36.146702000000005
2014-08-21,35.9603
2014-08-24,36.048199
2014-08-25,36.0411
2014-08-26,35.995201
2014-08-27,36.1175
2014-08-28,36.618099
2014-08-31,36.944199
2014-09-01,37.2882
2014-09-02,37.429199
2014-09-03,36.771099
2014-09-04,36.867199
2014-09-07,36.898201
2014-09-08,36.926497999999995
2014-09-09,37.027699
2014-09-10,37.2752
2014-09-11,37.397999
2014-09-14,37.752201
2014-09-15,38.335201
2014-09-16,38.299198
2014-09-17,38.368198
2014-09-18,38.347301
2014-09-21,38.356201
2014-09-22,38.626301
2014-09-23,38.540199
2014-09-24,38.144199
2014-09-25,38.4702
2014-09-28,39.056197999999995
2014-09-29,39.325199
2014-09-30,39.5616
2014-10-01,39.700001
2014-10-02,39.491199
2014-10-05,40.098202
2014-10-06,39.702202
2014-10-07,39.723701
2014-10-08,39.942902000000004
2014-10-09,40.023201
2014-10-12,40.349201
2014-10-13,40.403197999999996
2014-10-14,40.894199
2014-10-15,40.496201
2014-10-16,40.715697999999996
2014-10-19,40.616199
2014-10-20,40.942299
2014-10-21,40.8522
2014-10-22,41.328899
2014-10-23,41.642101000000004
2014-10-27,41.8722
2014-10-28,42.227798
2014-10-29,42.415199
2014-10-30,43.008099
2014-10-31,41.013
2014-11-03,42.9482
2014-11-04,43.361301
2014-11-05,43.7416
2014-11-06,44.811199
2014-11-07,46.885201
2014-11-10,46.416
2014-11-11,46.154999
2014-11-12,46.4352
2014-11-13,45.918701
2014-11-14,46.685001
2014-11-17,47.279999
2014-11-18,47.115002000000004
2014-11-19,46.859501
2014-11-20,46.8125
2014-11-21,46.125
2014-11-24,45.664501
2014-11-25,45.0037
2014-11-26,46.255001
2014-11-27,47.41
2014-11-28,49.257999
2014-12-01,50.262501
2014-12-02,50.93
2014-12-03,53.855
2014-12-04,53.079498
2014-12-05,54.223701
2014-12-08,52.674999
2014-12-09,53.760201
2014-12-10,54.060001
2014-12-11,54.855
2014-12-12,54.6255
2014-12-15,58.185001
2014-12-16,65.509499
2014-12-17,68.025002
2014-12-18,65.019997
2014-12-19,62.030499
2014-12-22,58.858002
2014-12-23,55.849998
2014-12-24,54.619999
2014-12-25,54.049999
2014-12-26,51.18
2014-12-29,53.474998
2014-12-30,57.830002
2014-12-31,56.560001
2015-01-01,60.700001
2015-01-02,58.325001
2015-01-05,58.75
2015-01-06,60.832001
2015-01-07,63.16
2015-01-08,62.650002
2015-01-09,60.25
2015-01-12,61.43
2015-01-13,63.185001
2015-01-14,65.184998
2015-01-15,64.055
2015-01-16,64.68
2015-01-19,65.260002
2015-01-20,64.806702
2015-01-21,64.970001
2015-01-22,65.269997
2015-01-23,64.305
2015-01-26,64.010002
2015-01-27,67.809998
2015-01-28,67.95500200000001
2015-01-29,67.790001
2015-01-30,68.735001
2015-02-02,70.035004
2015-02-03,68.349998
2015-02-04,65.084999
2015-02-05,67.764999
2015-02-06,66.372498
2015-02-09,66.989998
2015-02-10,65.684998
2015-02-11,65.315002
2015-02-12,65.029999
2015-02-13,65.25
2015-02-16,63.330002
2015-02-17,63.084998999999996
2015-02-18,63.724998
2015-02-19,61.639998999999996
2015-02-20,61.875
2015-02-23,61.66
2015-02-24,63.57
2015-02-25,62.735001000000004
2015-02-26,61.470001
2015-02-27,61.134997999999996
2015-03-02,61.16
2015-03-03,62.669998
2015-03-04,61.845001
2015-03-05,61.830002
2015-03-06,60.919998
2015-03-09,60.380001
2015-03-10,60.77
2015-03-11,62.044998
2015-03-12,62.360001000000004
2015-03-13,61.259997999999996
2015-03-16,62.345001
2015-03-17,62.25
2015-03-18,61.416698
2015-03-19,59.345001
2015-03-20,60.035
2015-03-23,59.235001000000004
2015-03-24,58.705002
2015-03-25,57.740002000000004
2015-03-26,57.4025
2015-03-27,57.310001
2015-03-29,57.895
2015-03-30,57.525002
2015-03-31,58.152
2015-04-01,57.553001
2015-04-02,56.550999
2015-04-05,56.691002000000005
2015-04-06,55.449001
2015-04-07,54.919998
2015-04-08,53.645
2015-04-09,51.983002
2015-04-12,52.239498
2015-04-13,52.082699
2015-04-14,50.990002000000004
2015-04-15,49.797001
2015-04-16,49.764
2015-04-19,51.985001000000004
2015-04-20,53.369999
2015-04-21,53.577
2015-04-22,51.799999
2015-04-23,50.810001
2015-04-26,50.859001
2015-04-27,51.903
2015-04-28,51.099998
2015-04-29,50.9897
2015-04-30,51.584998999999996
2015-05-03,51.370201
2015-05-04,51.968601
2015-05-05,50.553001
2015-05-06,50.898701
2015-05-07,50.258998999999996
2015-05-10,50.918999
2015-05-11,51.1534
2015-05-12,49.988997999999995
2015-05-13,49.308997999999995
2015-05-14,50.056999
2015-05-17,49.426497999999995
2015-05-18,49.076
2015-05-19,49.503502000000005
2015-05-20,49.514
2015-05-21,49.91
2015-05-24,49.965
2015-05-25,49.952999
2015-05-26,50.889
2015-05-27,51.98
2015-05-28,52.529999
2015-05-31,52.316002000000005
2015-06-01,53.542999
2015-06-02,52.7057
2015-06-03,54.257
2015-06-04,56.354
2015-06-07,56.2397
2015-06-08,55.939999
2015-06-09,55.543499
2015-06-10,54.299999
2015-06-11,54.683701
2015-06-14,55.010502
2015-06-15,54.505501
2015-06-16,53.660999
2015-06-17,53.669998
2015-06-18,53.240002000000004
2015-06-21,54.040001000000004
2015-06-22,53.919998
2015-06-23,53.77
2015-06-24,54.490002000000004
2015-06-25,54.678001
2015-06-28,54.810501
2015-06-29,55.6507
2015-06-30,55.214698999999996
2015-07-01,55.804199
2015-07-02,55.487999
2015-07-05,55.955502
2015-07-06,56.8535
2015-07-07,56.625
2015-07-08,57.470001
2015-07-09,57.219501
2015-07-12,56.259997999999996
2015-07-13,56.5107
2015-07-14,56.43
2015-07-15,56.860001000000004
2015-07-16,56.904999
2015-07-19,56.939999
2015-07-20,56.931999
2015-07-21,56.919998
2015-07-22,57.139998999999996
2015-07-23,57.8307
2015-07-26,58.346001
2015-07-27,59.573002
2015-07-28,59.9035
2015-07-29,58.52
2015-07-30,59.675499
2015-08-02,61.630699
2015-08-03,63.5
2015-08-04,63.110001000000004
2015-08-05,63.382999
2015-08-06,64.480003
2015-08-09,64.480003
2015-08-10,62.889998999999996
2015-08-11,64.122002
2015-08-12,64.121201
2015-08-13,64.522003
2015-08-16,64.9067
2015-08-17,65.388199
2015-08-18,65.785004
2015-08-19,66.535698
2015-08-20,68.129997
2015-08-23,69.10749799999999
2015-08-24,70.751503
2015-08-25,69.309196
2015-08-26,68.904999
2015-08-27,66.069
2015-08-30,65.29499799999999
2015-08-31,64.28070100000001
2015-09-01,66.482697
2015-09-02,66.771698
2015-09-03,67.140701
2015-09-06,68.39250200000001
2015-09-07,69.149002
2015-09-08,67.861198
2015-09-09,68.406502
2015-09-10,67.684502
2015-09-13,67.763199
2015-09-14,67.540001
2015-09-15,66.782501
2015-09-16,65.257698
2015-09-17,65.397499
2015-09-20,66.440002
2015-09-21,
2015-09-22,65.82
2015-09-23,66.019997
2015-09-24,66.08000200000001
2015-09-27,65.445
2015-09-28,66.059196
2015-09-29,65.709999
2015-09-30,65.387497
2015-10-01,65.625702
2015-10-04,65.991997
2015-10-05,64.77220200000001
2015-10-06,63.391498999999996
2015-10-07,62.25
2015-10-08,61.307499
2015-10-11,61.662498
2015-10-12,62.2192
2015-10-13,63.002499
2015-10-14,62.5825
2015-10-15,61.358002
2015-10-18,61.1875
2015-10-19,62.380001
2015-10-20,62.0452
2015-10-21,62.950001
2015-10-22,62.5075
2015-10-26,62.321701000000004
2015-10-27,62.950001
2015-10-28,65.41999799999999
2015-10-29,63.935001
2015-10-30,64.190002
2015-11-02,64.120003
2015-11-03,63.605
2015-11-04,62.630001
2015-11-05,63.084998999999996
2015-11-06,62.25
2015-11-09,64.404999
2015-11-10,64.595001
2015-11-11,64.415001
2015-11-12,65.364998
2015-11-13,66.453499
2015-11-16,66.82
2015-11-17,65.087502
2015-11-18,64.917503
2015-11-19,64.845001
2015-11-20,64.54499799999999
2015-11-23,64.620003
2015-11-24,66.059998
2015-11-25,65.445
2015-11-26,65.555
2015-11-27,65.559998
2015-11-30,66.41999799999999
2015-12-01,66.410004
2015-12-02,66.639999
2015-12-03,67.400002
2015-12-04,67.582497
2015-12-07,68.07
2015-12-08,69.370003
2015-12-09,69.300003
2015-12-10,69.32
2015-12-11,66.171501
2015-12-14,70.209999
2015-12-15,70.540001
2015-12-16,70.48850300000001
2015-12-17,70.0
2015-12-18,70.915001
2015-12-21,70.925003
2015-12-22,70.839996
2015-12-23,71.300003
2015-12-24,69.514999
2015-12-25,69.514999
2015-12-28,70.245003
2015-12-29,72.184998
2015-12-30,72.197502
2015-12-31,73.230003
2016-01-01,73.230003
2016-01-04,73.400002
2016-01-05,73.122498
2016-01-06,74.027496
2016-01-07,74.595001
2016-01-08,74.595001
2016-01-11,74.79499799999999
2016-01-12,76.001999
2016-01-13,76.525002
2016-01-14,76.212997
2016-01-15,76.292999
2016-01-18,77.707001
2016-01-19,79.360001
2016-01-20,78.612503
2016-01-21,81.82
2016-01-22,82.900002
2016-01-25,78.370003
2016-01-26,79.839996
2016-01-27,78.230003
2016-01-28,77.84899899999999
2016-01-29,76.550003
2016-02-01,75.440002
2016-02-02,77.260002
2016-02-03,79.714996
2016-02-04,76.93
2016-02-05,76.769997
2016-02-08,77.25
2016-02-09,78.940002
2016-02-10,79.589996
2016-02-11,78.370003
2016-02-12,79.76750200000001
2016-02-15,78.309998
2016-02-16,77.5
2016-02-17,77.809998
2016-02-18,74.860001
2016-02-19,76.349998
2016-02-22,77.370003
2016-02-23,77.370003
2016-02-24,76.099998
2016-02-25,75.735001
2016-02-26,75.18
2016-02-29,76.339996
2016-03-01,74.404999
2016-03-02,73.279999
2016-03-03,73.349998
2016-03-04,73.089996
2016-03-07,73.089996
2016-03-08,73.089996
2016-03-09,71.870003
2016-03-10,70.98200200000001
2016-03-11,71.148003
2016-03-14,69.904999
2016-03-15,70.260002
2016-03-16,71.089996
2016-03-17,69.834999
2016-03-18,68.120003
2016-03-21,68.33000200000001
2016-03-22,67.860001
2016-03-23,67.25
2016-03-24,68.714996
2016-03-25,68.58000200000001
2016-03-27,68.239998
2016-03-28,68.410004
2016-03-29,68.065002
2016-03-30,67.68
2016-03-31,67.0
2016-04-03,67.5
2016-04-04,68.650002
2016-04-05,68.75
2016-04-06,67.849998
2016-04-07,68.029999
2016-04-10,67.074997
2016-04-11,66.75
2016-04-12,65.184998
2016-04-13,65.989998
2016-04-14,65.93
2016-04-17,66.5
2016-04-18,66.449997
2016-04-19,65.879997
2016-04-20,65.675003
2016-04-21,66.660004
2016-04-24,66.760002
2016-04-25,66.559998
2016-04-26,65.764999
2016-04-27,65.110001
2016-04-28,64.559998
2016-05-01,64.559998
2016-05-02,64.559998
2016-05-03,66.349998
2016-05-04,66.584
2016-05-05,65.97399899999999
2016-05-08,65.862
2016-05-09,66.290001
2016-05-10,66.096001
2016-05-11,65.04499799999999
2016-05-12,64.83000200000001
2016-05-15,65.48200200000001
2016-05-16,64.884003
2016-05-17,64.719002
2016-05-18,65.745003
2016-05-19,66.720001
2016-05-22,66.845001
2016-05-23,66.787003
2016-05-24,66.410004
2016-05-25,65.425003
2016-05-26,65.824997
2016-05-29,66.150002
2016-05-30,65.668999
2016-05-31,66.827003
2016-06-01,66.910004
2016-06-02,67.059998
2016-06-05,65.653999
2016-06-06,65.239998
2016-06-07,64.620003
2016-06-08,63.718899
2016-06-09,64.195999
2016-06-12,65.302002
2016-06-13,65.684998
2016-06-14,66.059998
2016-06-15,65.252998
2016-06-16,65.574997
2016-06-19,64.75
2016-06-20,64.264999
2016-06-21,63.936001
2016-06-22,64.768997
2016-06-23,63.764998999999996
2016-06-26,65.287498
2016-06-27,65.400002
2016-06-28,64.040001
2016-06-29,63.814999
2016-06-30,63.959998999999996
2016-07-03,63.790001000000004
2016-07-04,63.830002
2016-07-05,64.434998
2016-07-06,64.264999
2016-07-07,64.679001
2016-07-10,63.834998999999996
2016-07-11,64.18
2016-07-12,63.799999
2016-07-13,63.849998
2016-07-14,62.887501
2016-07-17,63.34
2016-07-18,62.812
2016-07-19,63.627998
2016-07-20,63.799999
2016-07-21,64.36799599999999
2016-07-24,64.815002
2016-07-25,65.435997
2016-07-26,65.800003
2016-07-27,65.797501
2016-07-28,66.583
2016-07-31,65.987503
2016-08-01,66.93
2016-08-02,66.709999
2016-08-03,66.199997
2016-08-04,65.709999
2016-08-07,65.54699699999999
2016-08-08,64.599998
2016-08-09,64.760002
2016-08-10,64.900002
2016-08-11,64.349998
2016-08-14,64.360802
2016-08-15,64.007698
2016-08-16,63.8349
2016-08-17,63.839199
2016-08-18,63.641102000000004
2016-08-21,63.75
2016-08-22,64.7715
2016-08-23,64.5924
2016-08-24,65.0858
2016-08-25,64.8088
2016-08-28,64.712601
2016-08-29,64.618599
2016-08-30,65.3097
2016-08-31,65.28070100000001
2016-09-01,65.853996
2016-09-04,65.198097
2016-09-05,64.83000200000001
2016-09-06,64.42669699999999
2016-09-07,64.185204
2016-09-08,63.9916
2016-09-11,64.550499
2016-09-12,64.694199
2016-09-13,65.36509699999999
2016-09-14,65.144402
2016-09-15,64.48290300000001
2016-09-18,65.041496
2016-09-19,64.590103
2016-09-20,64.721497
2016-09-21,63.891201
2016-09-22,63.6366
2016-09-25,64.026703
2016-09-26,63.854099
2016-09-27,63.885502
2016-09-28,63.065201
2016-09-29,63.080002
2016-10-02,62.871899
2016-10-03,62.288101
2016-10-04,62.6875
2016-10-05,62.274101
2016-10-06,62.101601
2016-10-09,62.080399
2016-10-10,62.021301
2016-10-11,62.662102000000004
2016-10-12,63.503101
2016-10-13,63.009602
2016-10-16,62.776699
2016-10-17,63.066399
2016-10-18,62.7318
2016-10-19,62.258598
2016-10-20,62.375801
2016-10-23,62.285
2016-10-24,62.186901
2016-10-25,62.411999
2016-10-26,62.770401
2016-10-27,62.6782
2016-10-31,63.041901
2016-11-01,63.2682
2016-11-02,63.323898
2016-11-03,63.536598
2016-11-04,63.561401000000004
2016-11-07,64.3601
2016-11-08,63.5979
2016-11-09,63.742401
2016-11-10,63.598597999999996
2016-11-11,65.557602
2016-11-14,65.753304
2016-11-15,66.147003
2016-11-16,64.455399
2016-11-17,64.474899
2016-11-18,64.833099
2016-11-21,64.857803
2016-11-22,63.952202
2016-11-23,63.7113
2016-11-24,64.297798
2016-11-25,64.499702
2016-11-28,64.881203
2016-11-29,64.782898
2016-11-30,65.135002
2016-12-01,64.071297
2016-12-02,63.900002
2016-12-05,63.815102
2016-12-06,63.781502
2016-12-07,63.812302
2016-12-08,63.266102000000004
2016-12-09,63.261798999999996
2016-12-12,62.480301000000004
2016-12-13,60.965
2016-12-14,60.5275
2016-12-15,61.860001000000004
2016-12-16,61.75
2016-12-19,62.116199
2016-12-20,61.900002
2016-12-21,61.398701
2016-12-22,61.139998999999996
2016-12-23,60.9669
2016-12-26,61.022498999999996
2016-12-27,60.9314
2016-12-28,60.605
2016-12-29,60.476299
2016-12-30,60.341301
2017-01-02,61.2313
2017-01-03,61.228297999999995
2017-01-04,60.923
2017-01-05,60.365002000000004
2017-01-06,59.401199
2017-01-09,59.564999
2017-01-10,60.102501000000004
2017-01-11,60.139998999999996
2017-01-12,59.778099
2017-01-13,59.432499
2017-01-16,59.637001
2017-01-17,59.782001
2017-01-18,59.330002
2017-01-19,59.523201
2017-01-20,59.66
2017-01-23,59.799801
2017-01-24,59.510101
2017-01-25,59.139801
2017-01-26,59.566798999999996
2017-01-27,60.279301000000004
2017-01-30,59.7775
2017-01-31,59.7183
2017-02-01,60.155499
2017-02-02,60.0914
2017-02-03,59.366199
2017-02-06,58.946098
2017-02-07,58.900101
2017-02-08,59.4426
2017-02-09,59.1731
2017-02-10,58.961201
2017-02-13,58.222301
2017-02-14,57.925598
2017-02-15,57.0397
2017-02-16,57.330502
2017-02-17,57.566502
2017-02-20,58.317001
2017-02-21,57.910702
2017-02-22,57.394199
2017-02-23,57.919498
2017-02-24,57.734299
2017-02-27,58.363098
2017-02-28,58.183498
2017-03-01,58.3521
2017-03-02,58.236301
2017-03-03,58.719799
2017-03-06,58.187
2017-03-07,58.233299
2017-03-08,58.136501
2017-03-09,58.872501
2017-03-10,59.256901
2017-03-13,59.068199
2017-03-14,58.774399
2017-03-15,59.186001
2017-03-16,58.380798
2017-03-17,57.770199
2017-03-20,57.154099
2017-03-21,57.3036
2017-03-22,57.5905
2017-03-23,57.732399
2017-03-24,57.3545
2017-03-26,56.968601
2017-03-27,56.878399
2017-03-28,56.967898999999996
2017-03-29,56.651299
2017-03-30,55.984299
2017-04-02,56.2346
2017-04-03,56.084801
2017-04-04,55.949799
2017-04-05,56.414299
2017-04-06,56.398499
2017-04-09,57.375999
2017-04-10,57.1045
2017-04-11,57.028099
2017-04-12,56.621601
2017-04-13,56.2589
2017-04-16,56.302898
2017-04-17,55.882401
2017-04-18,56.196498999999996
2017-04-19,56.567902000000004
2017-04-20,56.109402
2017-04-23,56.426497999999995
2017-04-24,55.7799
2017-04-25,56.060001
2017-04-26,57.097
2017-04-27,56.972
2017-04-30,56.931999
2017-05-01,56.973801
2017-05-02,57.054699
2017-05-03,57.325401
2017-05-04,58.360001000000004
2017-05-07,58.047001
2017-05-08,58.205002
2017-05-09,58.418999
2017-05-10,57.439602
2017-05-11,57.0704
2017-05-14,57.081799
2017-05-15,56.3335
2017-05-16,56.426998
2017-05-17,57.071301
2017-05-18,57.525799
2017-05-21,56.926998
2017-05-22,56.6003
2017-05-23,56.303699
2017-05-24,56.345901
2017-05-25,56.801398999999996
2017-05-28,56.481499
2017-05-29,56.4622
2017-05-30,56.5308
2017-05-31,56.7104
2017-06-01,56.379298999999996
2017-06-04,56.606097999999996
2017-06-05,56.5811
2017-06-06,56.485298
2017-06-07,57.041302
2017-06-08,56.873298999999996
2017-06-11,57.012402
2017-06-12,57.000099
2017-06-13,56.877701
2017-06-14,57.425999
2017-06-15,57.799999
2017-06-18,57.7094
2017-06-19,58.421101
2017-06-20,59.560001
2017-06-21,60.240002000000004
2017-06-22,59.843498
2017-06-25,59.423401
2017-06-26,58.894199
2017-06-27,59.351501
2017-06-28,59.216702000000005
2017-06-29,59.419998
2017-07-02,58.8806
2017-07-03,59.234901
2017-07-04,59.358501000000004
2017-07-05,60.178501000000004
2017-07-06,60.099998
2017-07-09,60.3479
2017-07-10,
2017-07-11,60.759997999999996
2017-07-12,59.900002
2017-07-13,59.748402
2017-07-16,59.061501
2017-07-17,59.290001000000004
2017-07-18,59.079899
2017-07-19,58.947102
2017-07-20,58.889998999999996
2017-07-23,59.227501000000004
2017-07-24,59.970001
2017-07-25,59.952498999999996
2017-07-26,59.540901
2017-07-27,59.372002
2017-07-30,59.479198
2017-07-31,59.73
2017-08-01,60.1744
2017-08-02,60.490002000000004
2017-08-03,60.295502
2017-08-06,59.935501
2017-08-07,59.955299
2017-08-08,59.7892
2017-08-09,60.070599
2017-08-10,59.9893
2017-08-13,59.789299
2017-08-14,59.8111
2017-08-15,59.750999
2017-08-16,59.411201
2017-08-17,59.039799
2017-08-20,58.895
2017-08-21,59.072601
2017-08-22,58.977001
2017-08-23,58.972599
2017-08-24,59.130501
2017-08-27,58.563301
2017-08-28,58.43
2017-08-29,58.762798
2017-08-30,58.455101
2017-08-31,57.9767
2017-09-03,57.4655
2017-09-04,57.737999
2017-09-05,57.551601
2017-09-06,57.341
2017-09-07,56.9118
2017-09-10,57.317299
2017-09-11,57.215599
2017-09-12,57.6278
2017-09-13,57.9077
2017-09-14,57.529499
2017-09-17,57.6726
2017-09-18,58.071098
2017-09-19,58.080299
2017-09-20,58.1147
2017-09-21,57.863499
2017-09-24,57.596901
2017-09-25,57.553799
2017-09-26,57.858897999999996
2017-09-27,58.168999
2017-09-28,57.889801
2017-10-01,57.521099
2017-10-02,57.8769
2017-10-03,57.909801
2017-10-04,57.646
2017-10-05,57.707198999999996
2017-10-08,58.175999
2017-10-09,58.251701000000004
2017-10-10,57.938301
2017-10-11,57.801102
2017-10-12,57.637402
2017-10-15,57.203998999999996
2017-10-16,57.194099
2017-10-17,57.274899
2017-10-18,57.375301
2017-10-19,57.238201000000004
2017-10-22,57.5448
