2003-12-01,0.220125
2003-12-02,0.21785
2003-12-03,0.217635
2003-12-04,0.217903
2003-12-05,0.216527
2003-12-08,0.21549200000000002
2003-12-09,0.215254
2003-12-10,0.21543800000000002
2003-12-11,0.21634899999999999
2003-12-12,0.214231
2003-12-15,0.214002
2003-12-16,0.21355700000000002
2003-12-17,0.212525
2003-12-18,0.21266500000000002
2003-12-19,0.21259899999999998
2003-12-22,0.212008
2003-12-23,0.21219000000000002
2003-12-24,0.21182800000000002
2003-12-25,0.21184
2003-12-26,0.21180700000000002
2003-12-29,0.210825
2003-12-30,0.210181
2003-12-31,0.208341
2004-01-01,0.20834899999999998
2004-01-02,0.20905100000000001
2004-01-05,0.207577
2004-01-06,0.207414
2004-01-07,0.207894
2004-01-08,0.20606
2004-01-09,0.205423
2004-01-12,0.205603
2004-01-13,0.206727
2004-01-14,0.20689699999999997
2004-01-15,0.209076
2004-01-16,0.212666
2004-01-19,0.21238200000000002
2004-01-20,0.20918
2004-01-21,0.20859499999999997
2004-01-22,0.20696599999999998
2004-01-23,0.208736
2004-01-26,0.20969699999999997
2004-01-27,0.208184
2004-01-28,0.20865300000000003
2004-01-29,0.212483
2004-01-30,0.21136100000000002
2004-02-02,0.211856
2004-02-03,0.209575
2004-02-04,0.20971199999999998
2004-02-05,0.208761
2004-02-06,0.20773000000000003
2004-02-09,0.20768000000000003
2004-02-10,0.20675900000000003
2004-02-11,0.20536999999999997
2004-02-12,0.205465
2004-02-13,0.20679299999999998
2004-02-16,0.20606300000000002
2004-02-17,0.20491900000000002
2004-02-18,0.205483
2004-02-19,0.20751799999999998
2004-02-20,0.20951799999999998
2004-02-23,0.20935399999999998
2004-02-24,0.20731999999999998
2004-02-25,0.210565
2004-02-26,0.21153899999999998
2004-02-27,0.211606
2004-03-01,0.21163400000000002
2004-03-02,0.21551199999999998
2004-03-03,0.217662
2004-03-04,0.215092
2004-03-05,0.21275100000000002
2004-03-08,0.212731
2004-03-09,0.211746
2004-03-10,0.21530900000000003
2004-03-11,0.214573
2004-03-12,0.21584699999999998
2004-03-15,0.21503699999999998
2004-03-16,0.21501900000000002
2004-03-17,0.215
2004-03-18,0.215027
2004-03-19,0.215021
2004-03-22,0.215048
2004-03-23,0.21501900000000002
2004-03-24,0.215038
2004-03-25,0.215035
2004-03-26,0.215011
2004-03-28,0.215038
2004-03-29,0.21500100000000003
2004-03-30,0.215008
2004-03-31,0.21501900000000002
2004-04-01,0.215008
2004-04-04,0.21503699999999998
2004-04-05,0.21502800000000002
2004-04-06,0.216209
2004-04-07,0.217745
2004-04-08,0.217731
2004-04-11,0.21771300000000002
2004-04-12,0.220385
2004-04-13,0.220057
2004-04-14,0.219757
2004-04-15,0.218836
2004-04-18,0.219027
2004-04-19,0.22101700000000002
2004-04-20,0.222241
2004-04-21,0.22140500000000002
2004-04-22,0.22299499999999997
2004-04-25,0.221692
2004-04-26,0.22055
2004-04-27,0.222469
2004-04-28,0.22008899999999998
2004-04-29,0.21979
2004-05-02,0.22105500000000003
2004-05-03,0.21765199999999998
2004-05-04,0.216329
2004-05-05,0.217975
2004-05-06,0.22144899999999998
2004-05-09,0.221823
2004-05-10,0.221827
2004-05-11,0.22102399999999997
2004-05-12,0.22266999999999998
2004-05-13,0.221663
2004-05-16,0.219229
2004-05-17,0.22041799999999998
2004-05-18,0.21914
2004-05-19,0.22086599999999998
2004-05-20,0.219133
2004-05-23,0.219033
2004-05-24,0.217325
2004-05-25,0.217518
2004-05-26,0.214442
2004-05-27,0.215486
2004-05-30,0.21582300000000001
2004-05-31,0.21526700000000001
2004-06-01,0.215221
2004-06-02,0.21544499999999997
2004-06-03,0.214712
2004-06-06,0.213823
2004-06-07,0.214482
2004-06-08,0.218487
2004-06-09,0.21730100000000002
2004-06-10,0.219104
2004-06-13,0.218177
2004-06-14,0.216362
2004-06-15,0.219223
2004-06-16,0.21817399999999998
2004-06-17,0.21678699999999998
2004-06-20,0.217385
2004-06-21,0.217602
2004-06-22,0.217777
2004-06-23,0.2163
2004-06-24,0.216533
2004-06-27,0.21608200000000002
2004-06-28,0.217877
2004-06-29,0.215652
2004-06-30,0.216189
2004-07-01,0.21373000000000003
2004-07-04,0.214515
2004-07-05,0.213867
2004-07-06,0.212783
2004-07-07,0.212445
2004-07-08,0.212157
2004-07-11,0.212204
2004-07-12,0.213432
2004-07-13,0.212308
2004-07-14,0.213299
2004-07-15,0.21138200000000001
2004-07-18,0.21167600000000003
2004-07-19,0.21337199999999998
2004-07-20,0.215047
2004-07-21,0.21492199999999997
2004-07-22,0.217587
2004-07-25,0.21678699999999998
2004-07-26,0.218261
2004-07-27,0.218572
2004-07-28,0.218646
2004-07-29,0.219
2004-08-01,0.218638
2004-08-02,0.21840900000000002
2004-08-03,0.21840900000000002
2004-08-04,0.21823800000000002
2004-08-05,0.214414
2004-08-08,0.21439299999999997
2004-08-09,0.215142
2004-08-10,0.21546300000000002
2004-08-11,0.214756
2004-08-12,0.212721
2004-08-15,0.213052
2004-08-16,0.213275
2004-08-17,0.21351399999999998
2004-08-18,0.212862
2004-08-19,0.21385500000000002
2004-08-22,0.216709
2004-08-23,0.217948
2004-08-24,0.217685
2004-08-25,0.217829
2004-08-26,0.218854
2004-08-29,0.21838200000000002
2004-08-30,0.21620599999999998
2004-08-31,0.215902
2004-09-01,0.21643800000000002
2004-09-02,0.21809099999999998
2004-09-05,0.217991
2004-09-06,0.217692
2004-09-07,0.21589699999999998
2004-09-08,0.21589499999999998
2004-09-09,0.21448299999999998
2004-09-12,0.214706
2004-09-13,0.214732
2004-09-14,0.21654
2004-09-15,0.215981
2004-09-16,0.216175
2004-09-19,0.21632300000000002
2004-09-20,0.213655
2004-09-21,0.21471300000000001
2004-09-22,0.214392
2004-09-23,0.21458899999999997
2004-09-26,0.21405300000000002
2004-09-27,0.21366300000000002
2004-09-28,0.213493
2004-09-29,0.21159499999999998
2004-09-30,0.21208600000000002
2004-10-03,0.21415700000000001
2004-10-04,0.21348000000000003
2004-10-05,0.214473
2004-10-06,0.21409
2004-10-07,0.211963
2004-10-10,0.21268800000000002
2004-10-11,0.21391100000000002
2004-10-12,0.213252
2004-10-13,0.21236799999999997
2004-10-14,0.21091999999999997
2004-10-17,0.210461
2004-10-18,0.21028000000000002
2004-10-19,0.20905100000000001
2004-10-20,0.208529
2004-10-21,0.208092
2004-10-24,0.205735
2004-10-25,0.20635100000000003
2004-10-26,0.2072
2004-10-28,0.20582899999999998
2004-11-01,0.206425
2004-11-02,0.207474
2004-11-03,0.205262
2004-11-04,0.204674
2004-11-05,0.203335
2004-11-08,0.203855
2004-11-09,0.204067
2004-11-10,0.204178
2004-11-11,0.203861
2004-11-12,0.20266800000000001
2004-11-15,0.203905
2004-11-16,0.203018
2004-11-17,0.201845
2004-11-18,0.202853
2004-11-19,0.202132
2004-11-22,0.201877
2004-11-23,0.201204
2004-11-24,0.199774
2004-11-25,0.198751
2004-11-26,0.197921
2004-11-29,0.198275
2004-11-30,0.198017
2004-12-01,0.197572
2004-12-02,0.198393
2004-12-03,0.19558299999999998
2004-12-06,0.19603199999999998
2004-12-07,0.196027
2004-12-08,0.197418
2004-12-09,0.197527
2004-12-10,0.198854
2004-12-13,0.197535
2004-12-14,0.197812
2004-12-15,0.196262
2004-12-16,0.198961
2004-12-17,0.198062
2004-12-20,0.196554
2004-12-21,0.196904
2004-12-22,0.19651300000000002
2004-12-23,0.195153
2004-12-24,0.195124
2004-12-27,0.193188
2004-12-28,0.19332
2004-12-29,0.19400799999999999
2004-12-30,0.193222
2004-12-31,0.198762
2005-01-03,0.19528399999999999
2005-01-04,0.19784000000000002
2005-01-05,0.197978
2005-01-06,0.19968699999999998
2005-01-07,0.201569
2005-01-10,0.200795
2005-01-11,0.20005
2005-01-12,0.198291
2005-01-13,0.1993
2005-01-14,0.200932
2005-01-17,0.20177
2005-01-18,0.202193
2005-01-19,0.202493
2005-01-20,0.203104
2005-01-21,0.202509
2005-01-24,0.20188699999999998
2005-01-25,0.20293
2005-01-26,0.201301
2005-01-27,0.201824
2005-01-28,0.20179
2005-01-31,0.201703
2005-02-01,0.201744
2005-02-02,0.20186800000000002
2005-02-03,0.20293
2005-02-04,0.204757
2005-02-07,0.206252
2005-02-08,0.20611999999999997
2005-02-09,0.205427
2005-02-10,0.204288
2005-02-11,0.204752
2005-02-14,0.202871
2005-02-15,0.202246
2005-02-16,0.201827
2005-02-17,0.201353
2005-02-18,0.201376
2005-02-21,0.201511
2005-02-22,0.198466
2005-02-23,0.19935799999999998
2005-02-24,0.199603
2005-02-25,0.198742
2005-02-28,0.199158
2005-03-01,0.199676
2005-03-02,0.200382
2005-03-03,0.200871
2005-03-04,0.198734
2005-03-07,0.199094
2005-03-08,0.197134
2005-03-09,0.19677
2005-03-10,0.195883
2005-03-11,0.195406
2005-03-14,0.19698800000000002
2005-03-15,0.19776
2005-03-16,0.196128
2005-03-17,0.196721
2005-03-18,0.197625
2005-03-21,0.199979
2005-03-22,0.201316
2005-03-23,0.202566
2005-03-24,0.203522
2005-03-25,0.203185
2005-03-27,0.204103
2005-03-28,0.203427
2005-03-29,0.203787
2005-03-30,0.202971
2005-03-31,0.20393
2005-04-03,0.204808
2005-04-04,0.205206
2005-04-05,0.204559
2005-04-06,0.204862
2005-04-07,0.203877
2005-04-10,0.20294600000000002
2005-04-11,0.203787
2005-04-12,0.20384000000000002
2005-04-13,0.20576
2005-04-14,0.204538
2005-04-17,0.20223
2005-04-18,0.201448
2005-04-19,0.20111099999999998
2005-04-20,0.201727
2005-04-21,0.201559
2005-04-24,0.20255
2005-04-25,0.202759
2005-04-26,0.20373
2005-04-27,0.20394500000000002
2005-04-28,0.20447
2005-05-01,0.204931
2005-05-02,0.204232
2005-05-03,0.20328
2005-05-04,0.203164
2005-05-05,0.205492
2005-05-08,0.204772
2005-05-09,0.204232
2005-05-10,0.20546599999999998
2005-05-11,0.207548
2005-05-12,0.2082
2005-05-15,0.208222
2005-05-16,0.20883800000000002
2005-05-17,0.207576
2005-05-18,0.208364
2005-05-19,0.20966500000000002
2005-05-22,0.209364
2005-05-23,0.209414
2005-05-24,0.20893699999999998
2005-05-25,0.210298
2005-05-26,0.20930900000000002
2005-05-29,0.210846
2005-05-30,0.21383899999999997
2005-05-31,0.21588200000000002
2005-06-01,0.214577
2005-06-02,0.21527600000000002
2005-06-05,0.21471500000000002
2005-06-06,0.214344
2005-06-07,0.215108
2005-06-08,0.21523899999999999
2005-06-09,0.216921
2005-06-12,0.217192
2005-06-13,0.218852
2005-06-14,0.217121
2005-06-15,0.217531
2005-06-16,0.214417
2005-06-19,0.21662399999999998
2005-06-20,0.216243
2005-06-21,0.21713600000000002
2005-06-22,0.21882600000000002
2005-06-23,0.21761799999999998
2005-06-26,0.21641
2005-06-27,0.21802800000000003
2005-06-28,0.218065
2005-06-29,0.21771
2005-06-30,0.22054899999999997
2005-07-03,0.22100300000000003
2005-07-04,0.22059499999999999
2005-07-05,0.22063200000000002
2005-07-06,0.220383
2005-07-07,0.219708
2005-07-10,0.218079
2005-07-11,0.21523
2005-07-12,0.21786799999999998
2005-07-13,0.21764099999999997
2005-07-14,0.21852399999999997
2005-07-17,0.218302
2005-07-18,0.218793
2005-07-19,0.216459
2005-07-20,0.216423
2005-07-21,0.21960500000000002
2005-07-24,0.221083
2005-07-25,0.22209
2005-07-26,0.22100100000000003
2005-07-27,0.21979400000000002
2005-07-28,0.219973
2005-07-31,0.218925
2005-08-01,0.218746
2005-08-02,0.216423
2005-08-03,0.2152
2005-08-04,0.216297
2005-08-07,0.215912
2005-08-08,0.215561
2005-08-09,0.21552600000000002
2005-08-10,0.213738
2005-08-11,0.21464899999999998
2005-08-14,0.21532800000000002
2005-08-15,0.21512199999999998
2005-08-16,0.21603699999999998
2005-08-17,0.21797199999999997
2005-08-18,0.218585
2005-08-21,0.216901
2005-08-22,0.21719000000000002
2005-08-23,0.21611999999999998
2005-08-24,0.215675
2005-08-25,0.215579
2005-08-28,0.21679299999999999
2005-08-29,0.217363
2005-08-30,0.21493099999999998
2005-08-31,0.212919
2005-09-01,0.212036
2005-09-04,0.212246
2005-09-05,0.212608
2005-09-06,0.213218
2005-09-07,0.21397600000000003
2005-09-08,0.213549
2005-09-11,0.21586599999999997
2005-09-12,0.21606
2005-09-13,0.21609
2005-09-14,0.217166
2005-09-15,0.21726900000000002
2005-09-18,0.21857
2005-09-19,0.217861
2005-09-21,0.21829899999999997
2005-09-22,0.219779
2005-09-25,0.21973499999999999
2005-09-26,0.220888
2005-09-27,0.21995399999999998
2005-09-28,0.220716
2005-09-29,0.220113
2005-10-02,0.222652
2005-10-03,0.222458
2005-10-04,0.22121500000000002
2005-10-05,0.217892
2005-10-06,0.219011
2005-10-09,0.220009
2005-10-10,0.221262
2005-10-11,0.220207
2005-10-12,0.222061
2005-10-13,0.219547
2005-10-16,0.220665
2005-10-17,0.22166999999999998
2005-10-18,0.22134600000000001
2005-10-19,0.22115300000000002
2005-10-20,0.22168200000000002
2005-10-23,0.22084099999999998
2005-10-24,0.218739
2005-10-25,0.219237
2005-10-26,0.218111
2005-10-27,0.219225
2005-10-31,0.22087800000000002
2005-11-01,0.22079000000000001
2005-11-02,0.219521
2005-11-03,0.221608
2005-11-04,0.22395900000000002
2005-11-07,0.224548
2005-11-08,0.22490500000000002
2005-11-09,0.224762
2005-11-10,0.225487
2005-11-11,0.226196
2005-11-14,0.22638699999999998
2005-11-15,0.225525
2005-11-16,0.226796
2005-11-17,0.22523
2005-11-18,0.22536
2005-11-21,0.225579
2005-11-22,0.22557600000000003
2005-11-23,0.22444
2005-11-24,0.224627
2005-11-25,0.225755
2005-11-28,0.223308
2005-11-29,0.224852
2005-11-30,0.224725
2005-12-01,0.226175
2005-12-02,0.226255
2005-12-05,0.22442399999999998
2005-12-06,0.22458899999999998
2005-12-07,0.225794
2005-12-08,0.22448200000000001
2005-12-09,0.224421
2005-12-12,0.221563
2005-12-13,0.22219899999999998
2005-12-14,0.21986
2005-12-15,0.2213
2005-12-16,0.220358
2005-12-19,0.220687
2005-12-20,0.22282800000000003
2005-12-21,0.223894
2005-12-22,0.22343200000000002
2005-12-23,0.22323800000000002
2005-12-26,0.22353499999999998
2005-12-27,0.22321799999999997
2005-12-28,0.223327
2005-12-29,0.223396
2005-12-30,0.223489
2006-01-02,0.223938
2006-01-03,0.22093000000000002
2006-01-04,0.21934299999999998
2006-01-05,0.219504
2006-01-06,0.219446
2006-01-09,0.220931
2006-01-10,0.221131
2006-01-11,0.220059
2006-01-12,0.22195399999999998
2006-01-13,0.221014
2006-01-16,0.220446
2006-01-17,0.22098
2006-01-18,0.219917
2006-01-19,0.22072600000000003
2006-01-20,0.22073099999999998
2006-01-23,0.216731
2006-01-24,0.21762399999999998
2006-01-25,0.218125
2006-01-26,0.218633
2006-01-27,0.219927
2006-01-30,0.220658
2006-01-31,0.219431
2006-02-01,0.220619
2006-02-02,0.220307
2006-02-03,0.22225599999999998
2006-02-06,0.223517
2006-02-07,0.223394
2006-02-08,0.22442800000000002
2006-02-09,0.223615
2006-02-10,0.225358
2006-02-13,0.22548800000000002
2006-02-14,0.225989
2006-02-15,0.22616399999999998
2006-02-16,0.226311
2006-02-17,0.22583699999999998
2006-02-20,0.225374
2006-02-21,0.225816
2006-02-22,0.22559400000000002
2006-02-23,0.225809
2006-02-24,0.226656
2006-02-27,0.227118
2006-02-28,0.225856
2006-03-01,0.22666999999999998
2006-03-02,0.22475
2006-03-03,0.22446799999999997
2006-03-06,0.224845
2006-03-07,0.226622
2006-03-08,0.225566
2006-03-09,0.225881
2006-03-10,0.22645500000000002
2006-03-13,0.225231
2006-03-14,0.22405300000000003
2006-03-15,0.224154
2006-03-16,0.222235
2006-03-17,0.22139699999999998
2006-03-20,0.222298
2006-03-21,0.22410700000000003
2006-03-22,0.224109
2006-03-23,0.226179
2006-03-24,0.224923
2006-03-26,0.225183
2006-03-27,0.22423099999999999
2006-03-28,0.22524299999999997
2006-03-29,0.223688
2006-03-30,0.22419499999999998
2006-04-02,0.22408699999999998
2006-04-03,0.22182800000000003
2006-04-04,0.221962
2006-04-05,0.223318
2006-04-06,0.22530799999999998
2006-04-09,0.22555100000000003
2006-04-10,0.224894
2006-04-11,0.224948
2006-04-12,0.2251
2006-04-13,0.235733
2006-04-16,0.23576
2006-04-17,0.22185
2006-04-18,0.221216
2006-04-19,0.221703
2006-04-20,0.221572
2006-04-23,0.221598
2006-04-24,0.22134
2006-04-25,0.22048099999999998
2006-04-26,0.220018
2006-04-27,0.21861
2006-04-30,0.21861599999999998
2006-05-01,0.21887800000000002
2006-05-02,0.21935500000000002
2006-05-03,0.21839
2006-05-04,0.217842
2006-05-07,0.218879
2006-05-08,0.218717
2006-05-09,0.21832100000000002
2006-05-10,0.21744699999999997
2006-05-11,0.21680300000000002
2006-05-14,0.21588200000000002
2006-05-15,0.21660900000000002
2006-05-16,0.21985900000000003
2006-05-17,0.216912
2006-05-18,0.216798
2006-05-21,0.214475
2006-05-22,0.215394
2006-05-23,0.21536799999999998
2006-05-24,0.215373
2006-05-25,0.21560300000000002
2006-05-28,0.216321
2006-05-29,0.215283
2006-05-30,0.214678
2006-05-31,0.214351
2006-06-01,0.21281399999999998
2006-06-04,0.22396799999999997
2006-06-05,0.214615
2006-06-06,0.213792
2006-06-07,0.215675
2006-06-08,0.21583000000000002
2006-06-11,0.216205
2006-06-12,0.215944
2006-06-13,0.21561599999999997
2006-06-14,0.21711999999999998
2006-06-15,0.21756599999999998
2006-06-18,0.216827
2006-06-19,0.217187
2006-06-20,0.215365
2006-06-21,0.21740700000000002
2006-06-22,0.21692199999999998
2006-06-25,0.216106
2006-06-26,0.215648
2006-06-27,0.216648
2006-06-28,0.216441
2006-06-29,0.212996
2006-07-02,0.213562
2006-07-03,0.21470799999999998
2006-07-04,0.215286
2006-07-05,0.213905
2006-07-06,0.213829
2006-07-09,0.215348
2006-07-10,0.215058
2006-07-11,0.21544699999999997
2006-07-12,0.215689
2006-07-13,0.215542
2006-07-16,0.216408
2006-07-17,0.21732600000000002
2006-07-18,0.215571
2006-07-19,0.215086
2006-07-20,0.214356
2006-07-23,0.21438200000000002
2006-07-24,0.215729
2006-07-25,0.215277
2006-07-26,0.213902
2006-07-27,0.213984
2006-07-30,0.21429499999999999
2006-07-31,0.21322800000000003
2006-08-01,0.21264899999999998
2006-08-02,0.212601
2006-08-03,0.211069
2006-08-06,0.212304
2006-08-07,0.21259699999999998
2006-08-08,0.21181999999999998
2006-08-09,0.21400100000000002
2006-08-10,0.21331399999999998
2006-08-13,0.213483
2006-08-14,0.21246900000000002
2006-08-15,0.21120500000000003
2006-08-16,0.21168
2006-08-17,0.212716
2006-08-20,0.211052
2006-08-21,0.212554
2006-08-22,0.212773
2006-08-23,0.21307399999999999
2006-08-24,0.21290100000000003
2006-08-27,0.21261799999999997
2006-08-28,0.21306599999999998
2006-08-29,0.21196500000000001
2006-08-30,0.21245300000000003
2006-08-31,0.212998
2006-09-03,0.21247
2006-09-04,0.214363
2006-09-05,0.214381
2006-09-06,0.215036
2006-09-07,0.215619
2006-09-10,0.21455700000000003
2006-09-11,0.214495
2006-09-12,0.21431
2006-09-13,0.21381399999999998
2006-09-14,0.215405
2006-09-17,0.214585
2006-09-18,0.21427399999999996
2006-09-19,0.214008
2006-09-20,0.214148
2006-09-21,0.212654
2006-09-24,0.21330500000000002
2006-09-25,0.214205
2006-09-26,0.21394200000000002
2006-09-27,0.21376799999999999
2006-09-28,0.213772
2006-10-01,0.21270300000000003
2006-10-02,0.2227
2006-10-03,0.213495
2006-10-04,0.21396199999999999
2006-10-05,0.21526399999999998
2006-10-08,0.21494899999999997
2006-10-09,0.21591
2006-10-10,0.21573299999999998
2006-10-11,0.21597199999999997
2006-10-12,0.217322
2006-10-15,0.21694499999999997
2006-10-16,0.21665900000000002
2006-10-17,0.21767899999999998
2006-10-18,0.21613200000000002
2006-10-19,0.215696
2006-10-22,0.21686799999999998
2006-10-23,0.216581
2006-10-24,0.21609
2006-10-25,0.215238
2006-10-26,0.21531599999999998
2006-10-30,0.21597800000000003
2006-10-31,0.21439499999999997
2006-11-01,0.21464699999999998
2006-11-02,0.214416
2006-11-03,0.21588600000000002
2006-11-06,0.215075
2006-11-07,0.21423299999999998
2006-11-08,0.21498899999999999
2006-11-09,0.213797
2006-11-10,0.21379299999999998
2006-11-13,0.21474400000000002
2006-11-14,0.214602
2006-11-15,0.21414699999999998
2006-11-16,0.21369200000000002
2006-11-17,0.213571
2006-11-20,0.213968
2006-11-21,0.213678
2006-11-22,0.21227800000000002
2006-11-23,0.21235500000000002
2006-11-24,0.2103
2006-11-27,0.209601
2006-11-28,0.208815
2006-11-29,0.20972
2006-11-30,0.208533
2006-12-01,0.209062
2006-12-04,0.209222
2006-12-05,0.211062
2006-12-06,0.21183200000000002
2006-12-07,0.212367
2006-12-08,0.21334499999999998
2006-12-11,0.21268800000000002
2006-12-12,0.213589
2006-12-13,0.21359099999999998
2006-12-14,0.21422199999999997
2006-12-15,0.215115
2006-12-18,0.21524200000000002
2006-12-19,0.21200300000000002
2006-12-20,0.214112
2006-12-21,0.21473299999999998
2006-12-22,0.215457
2006-12-25,0.215486
2006-12-26,0.22395199999999998
2006-12-27,0.21576199999999998
2006-12-28,0.21519699999999997
2006-12-29,0.21474000000000001
2007-01-01,0.214723
2007-01-02,0.213256
2007-01-03,0.216277
2007-01-04,0.21685100000000002
2007-01-05,0.218964
2007-01-08,0.218556
2007-01-09,0.219468
2007-01-10,0.219877
2007-01-11,0.220322
2007-01-12,0.22017899999999999
2007-01-15,0.22059099999999998
2007-01-16,0.22115900000000002
2007-01-17,0.22063600000000003
2007-01-18,0.22085300000000002
2007-01-19,0.220444
2007-01-22,0.220496
2007-01-23,0.219335
2007-01-24,0.22044
2007-01-25,0.220177
2007-01-26,0.221317
2007-01-29,0.220585
2007-01-30,0.22050799999999998
2007-01-31,0.219856
2007-02-01,0.219441
2007-02-02,0.22049899999999997
2007-02-05,0.220994
2007-02-06,0.22065
2007-02-07,0.219944
2007-02-08,0.21958899999999998
2007-02-09,0.22015300000000002
2007-02-12,0.220863
2007-02-13,0.219453
2007-02-14,0.21786999999999998
2007-02-15,0.217775
2007-02-16,0.218007
2007-02-19,0.217813
2007-02-20,0.21806
2007-02-21,0.218146
2007-02-22,0.217879
2007-02-23,0.21752600000000002
2007-02-26,0.217743
2007-02-27,0.21606799999999998
2007-02-28,0.215848
2007-03-01,0.216504
2007-03-02,0.216389
2007-03-05,0.21721500000000002
2007-03-06,0.217236
2007-03-07,0.216704
2007-03-08,0.217257
2007-03-09,0.217675
2007-03-12,0.21682800000000002
2007-03-13,0.215917
2007-03-14,0.215281
2007-03-15,0.215245
2007-03-16,0.214079
2007-03-19,0.2147
2007-03-20,0.21508200000000002
2007-03-21,0.216469
2007-03-22,0.21640700000000002
2007-03-23,0.217676
2007-03-25,0.21730700000000003
2007-03-26,0.21702
2007-03-27,0.216754
2007-03-28,0.21711999999999998
2007-03-29,0.21638400000000002
2007-04-01,0.21622399999999997
2007-04-02,0.216336
2007-04-03,0.21651700000000002
2007-04-04,0.21591300000000002
2007-04-05,0.215915
2007-04-08,0.21593600000000002
2007-04-09,0.215932
2007-04-10,0.215773
2007-04-11,0.21525500000000003
2007-04-12,0.21500300000000003
2007-04-15,0.21453200000000003
2007-04-16,0.214626
2007-04-17,0.21495999999999998
2007-04-18,0.21452
2007-04-19,0.21496500000000002
2007-04-22,0.21525100000000003
2007-04-23,0.21458000000000002
2007-04-24,0.21431999999999998
2007-04-25,0.215229
2007-04-26,0.21465900000000002
2007-04-29,0.214022
2007-04-30,0.22421300000000002
2007-05-01,0.21498
2007-05-02,0.21560100000000001
2007-05-03,0.215223
2007-05-06,0.215117
2007-05-07,0.21695100000000003
2007-05-08,0.216964
2007-05-09,0.217665
2007-05-10,0.217022
2007-05-13,0.217142
2007-05-14,0.21613600000000002
2007-05-15,0.21752399999999997
2007-05-16,0.225942
2007-05-17,0.21768800000000002
2007-05-20,0.22924299999999997
2007-05-21,0.21940300000000001
2007-05-22,0.21892399999999998
2007-05-23,0.219782
2007-05-24,0.21931900000000001
2007-05-27,0.22355300000000003
2007-05-28,0.218606
2007-05-29,0.21918
2007-05-30,0.218763
2007-05-31,0.218967
2007-06-03,0.218425
2007-06-04,0.217203
2007-06-05,0.216819
2007-06-06,0.217072
2007-06-07,0.216086
2007-06-10,0.215903
2007-06-11,0.21798299999999998
2007-06-12,0.21655300000000002
2007-06-13,0.216871
2007-06-14,0.21649200000000002
2007-06-17,0.218113
2007-06-18,0.216915
2007-06-19,0.217293
2007-06-20,0.216074
2007-06-21,0.215571
2007-06-24,0.214602
2007-06-25,0.213682
2007-06-26,0.213827
2007-06-27,0.214299
2007-06-28,0.214304
2007-07-01,0.213729
2007-07-02,0.213189
2007-07-03,0.21309699999999998
2007-07-04,0.21348499999999998
2007-07-05,0.212821
2007-07-08,0.21340900000000002
2007-07-09,0.212063
2007-07-10,0.21069899999999997
2007-07-11,0.21045500000000003
2007-07-12,0.21061100000000002
2007-07-15,0.210905
2007-07-16,0.21069200000000002
2007-07-17,0.20989699999999997
2007-07-18,0.210754
2007-07-19,0.212069
2007-07-22,0.212403
2007-07-23,0.21275700000000003
2007-07-24,0.213098
2007-07-25,0.211871
2007-07-26,0.211914
2007-07-29,0.21119899999999997
2007-07-30,0.21125300000000002
2007-07-31,0.210548
2007-08-01,0.21056100000000003
2007-08-02,0.2096
2007-08-05,0.209298
2007-08-06,0.20992
2007-08-07,0.209642
2007-08-08,0.21043699999999999
2007-08-09,0.210195
2007-08-12,0.211277
2007-08-13,0.211742
2007-08-14,0.21274400000000002
2007-08-15,0.212914
2007-08-16,0.210945
2007-08-19,0.212904
2007-08-20,0.21220300000000003
2007-08-21,0.21223000000000003
2007-08-22,0.211823
2007-08-23,0.21025
2007-08-26,0.210432
2007-08-27,0.2101
2007-08-28,0.208862
2007-08-29,0.209204
2007-08-30,0.20943699999999998
2007-09-02,0.209869
2007-09-03,0.20954699999999998
2007-09-04,0.208575
2007-09-05,0.20847399999999996
2007-09-06,0.20727199999999998
2007-09-09,0.212019
2007-09-10,0.205717
2007-09-11,0.20589000000000002
2007-09-12,0.20716500000000002
2007-09-13,0.20743899999999998
2007-09-16,0.20687199999999997
2007-09-17,0.20674299999999998
2007-09-18,0.207535
2007-09-19,0.20598000000000002
2007-09-20,0.206321
2007-09-23,0.207127
2007-09-24,0.206015
2007-09-25,0.206659
2007-09-26,0.207029
2007-09-27,0.20641900000000002
2007-09-30,0.20705700000000002
2007-10-01,0.20743000000000003
2007-10-02,0.211008
2007-10-03,0.207655
2007-10-04,0.207813
2007-10-07,0.209788
2007-10-08,0.20900100000000002
2007-10-09,0.209411
2007-10-10,0.20899
2007-10-11,0.20951999999999998
2007-10-14,0.20888
2007-10-15,0.20875700000000003
2007-10-16,0.208576
2007-10-17,0.207977
2007-10-18,0.20882199999999998
2007-10-21,0.20971199999999998
2007-10-22,0.20813099999999998
2007-10-23,0.208323
2007-10-24,0.208535
2007-10-25,0.207788
2007-10-29,0.207864
2007-10-30,0.20736
2007-10-31,0.207467
2007-11-01,0.20765799999999998
2007-11-02,0.206273
2007-11-05,0.20644400000000002
2007-11-06,0.205945
2007-11-07,0.204801
2007-11-08,0.204433
2007-11-09,0.20556
2007-11-12,0.20691199999999998
2007-11-13,0.204561
2007-11-14,0.203843
2007-11-15,0.202664
2007-11-16,0.20198
2007-11-19,0.202372
2007-11-20,0.201185
2007-11-21,0.199425
2007-11-22,0.19914500000000002
2007-11-23,0.200764
2007-11-26,0.204098
2007-11-27,0.199914
2007-11-28,0.200527
2007-11-29,0.200922
2007-11-30,0.202464
2007-12-03,0.203353
2007-12-04,0.2028
2007-12-05,0.204027
2007-12-06,0.204047
2007-12-07,0.205015
2007-12-10,0.204864
2007-12-11,0.20526799999999998
2007-12-12,0.205073
2007-12-13,0.20700500000000002
2007-12-14,0.20879
2007-12-17,0.20841700000000002
2007-12-19,0.208081
2007-12-20,0.208098
2007-12-21,0.207984
2007-12-24,0.211173
2007-12-25,0.20800100000000002
2007-12-26,0.20798200000000003
2007-12-27,0.205496
2007-12-28,0.20486
2007-12-31,0.2089
2008-01-01,0.204922
2008-01-02,0.20503000000000002
2008-01-03,0.20639699999999997
2008-01-04,0.20608800000000002
2008-01-07,0.20765300000000003
2008-01-08,0.19626
2008-01-09,0.20890799999999998
2008-01-10,0.20770100000000002
2008-01-11,0.207548
2008-01-14,0.20675100000000002
2008-01-15,0.20695999999999998
2008-01-16,0.208979
2008-01-17,0.20789499999999997
2008-01-18,0.209234
2008-01-21,0.2104
2008-01-22,0.207877
2008-01-23,0.20910900000000002
2008-01-24,0.207441
2008-01-25,0.21031799999999998
2008-01-28,0.208671
2008-01-29,0.209261
2008-01-30,0.209164
2008-01-31,0.20831100000000002
2008-02-01,0.20819000000000001
2008-02-04,0.20883800000000002
2008-02-05,0.211718
2008-02-06,0.211367
2008-02-07,0.213549
2008-02-08,0.19883
2008-02-11,0.21265
2008-02-12,0.211641
2008-02-13,0.21203000000000002
2008-02-14,0.21129099999999998
2008-02-15,0.21160199999999998
2008-02-18,0.212077
2008-02-19,0.21054099999999998
2008-02-20,0.211579
2008-02-21,0.20967
2008-02-22,0.20976199999999998
2008-02-25,0.20983800000000002
2008-02-26,0.20913299999999999
2008-02-27,0.206377
2008-02-28,0.205879
2008-02-29,0.206164
2008-03-03,0.20582199999999998
2008-03-04,0.20648899999999998
2008-03-05,0.205636
2008-03-06,0.20574800000000001
2008-03-07,0.20623699999999998
2008-03-10,0.203709
2008-03-11,0.203767
2008-03-12,0.202926
2008-03-13,0.20313499999999998
2008-03-14,0.202547
2008-03-17,0.206605
2008-03-18,0.200022
2008-03-19,0.20122400000000001
2008-03-20,0.203994
2008-03-21,0.206965
2008-03-24,0.204025
2008-03-25,0.20044800000000002
2008-03-26,0.198683
2008-03-27,0.19730699999999998
2008-03-28,0.198505
2008-03-30,0.197892
2008-04-01,0.200819
2008-04-02,0.200207
2008-04-03,0.199007
2008-04-06,0.199668
2008-04-07,0.201282
2008-04-08,0.199127
2008-04-09,0.20164400000000002
2008-04-10,0.20088
2008-04-13,0.199902
2008-04-14,0.199782
2008-04-15,0.198517
2008-04-16,0.19959100000000002
2008-04-17,0.202263
2008-04-20,0.200478
2008-04-21,0.19911800000000002
2008-04-22,0.200925
2008-04-23,0.203132
2008-04-24,0.202774
2008-04-27,0.20236300000000002
2008-04-28,0.203407
2008-04-29,0.202653
2008-05-01,0.20486300000000002
2008-05-04,0.204552
2008-05-05,0.204249
2008-05-06,0.205352
2008-05-07,0.200945
2008-05-08,0.202573
2008-05-11,0.20255
2008-05-12,0.200403
2008-05-13,0.198115
2008-05-14,0.1972
2008-05-15,0.19833900000000002
2008-05-18,0.199294
2008-05-19,0.19681099999999999
2008-05-20,0.196968
2008-05-21,0.198603
2008-05-22,0.19710999999999998
2008-05-25,0.196442
2008-05-26,0.19628299999999999
2008-05-27,0.197627
2008-05-28,0.19814
2008-05-29,0.198568
2008-06-01,0.199792
2008-06-02,0.200906
2008-06-03,0.199606
2008-06-04,0.197464
2008-06-05,0.195227
2008-06-08,0.195122
2008-06-09,0.198016
2008-06-10,0.196527
2008-06-11,0.19810999999999998
2008-06-12,0.198669
2008-06-15,0.197751
2008-06-16,0.19883599999999998
2008-06-17,0.198195
2008-06-18,0.198001
2008-06-19,0.19668
2008-06-22,0.197987
2008-06-23,0.197218
2008-06-24,0.19700499999999999
2008-06-25,0.195467
2008-06-26,0.19473
2008-06-29,0.194486
2008-07-01,0.192599
2008-07-02,0.19544
2008-07-03,0.194856
2008-07-06,0.195853
2008-07-07,0.200273
2008-07-08,0.195885
2008-07-09,0.19522
2008-07-10,0.19401600000000002
2008-07-13,0.194658
2008-07-14,0.195169
2008-07-15,0.195693
2008-07-16,0.195203
2008-07-17,0.194523
2008-07-20,0.19464700000000001
2008-07-21,0.19553199999999998
2008-07-22,0.196658
2008-07-23,0.196443
2008-07-24,0.196284
2008-07-27,0.194528
2008-07-28,0.196664
2008-07-29,0.197142
2008-07-30,0.197156
2008-08-25,0.201324
2008-08-26,0.201657
2008-08-27,0.201166
2008-08-28,0.201032
2008-08-31,0.201247
2008-09-01,0.201127
2008-09-02,0.200686
2008-09-03,0.203206
2008-09-04,0.20207999999999998
2008-09-07,0.193881
2008-09-08,0.204778
2008-09-09,0.20633
2008-09-10,0.206673
2008-09-11,0.204523
2008-09-14,0.204243
2008-09-15,0.204569
2008-09-16,0.20500900000000002
2008-09-17,0.200672
2008-09-18,0.20109000000000002
2008-09-21,0.199345
2008-09-22,0.199256
2008-09-23,0.199667
2008-09-24,0.199413
2008-09-25,0.199522
2008-09-28,0.20186199999999999
2008-09-29,0.206467
2008-09-30,0.20683
2008-10-01,0.20959699999999998
2008-10-02,0.208152
2008-10-05,0.21251
2008-10-06,0.209945
2008-10-07,0.190799
2008-10-08,0.20905100000000001
2008-10-09,0.211517
2008-10-12,0.21165100000000003
2008-10-13,0.20965
2008-10-14,0.21000300000000002
2008-10-15,0.21171199999999998
2008-10-16,0.21060399999999999
2008-10-19,0.213383
2008-10-20,0.21654299999999999
2008-10-21,0.22009299999999998
2008-10-22,0.217698
2008-10-23,0.22101700000000002
2008-10-27,0.223039
2008-10-28,0.22423600000000002
2008-10-29,0.217006
2008-10-30,0.21972399999999997
2008-10-31,0.22137600000000002
2008-11-03,0.22347199999999998
2008-11-04,0.21812600000000001
2008-11-05,0.21791799999999997
2008-11-06,0.22139099999999998
2008-11-07,0.220712
2008-11-10,0.22114299999999998
2008-11-11,0.22210500000000002
2008-11-12,0.221825
2008-11-13,0.22205999999999998
2008-11-14,0.21864699999999998
2008-11-17,0.218448
2008-11-18,0.21895599999999998
2008-11-19,0.220031
2008-11-20,0.220572
2008-11-21,0.220543
2008-11-24,0.213919
2008-11-25,0.212121
2008-11-26,0.215392
2008-11-27,0.214621
2008-11-28,0.217538
2008-12-01,0.218268
2008-12-02,0.21608200000000002
2008-12-03,0.217013
2008-12-04,0.214189
2008-12-05,0.21744000000000002
2008-12-08,0.184055
2008-12-09,0.21379299999999998
2008-12-10,0.212594
2008-12-11,0.211024
2008-12-12,0.209208
2008-12-15,0.20561500000000002
2008-12-16,0.203701
2008-12-17,0.197496
2008-12-18,0.202495
2008-12-19,0.208175
2008-12-22,0.205969
2008-12-23,0.20646599999999998
2008-12-24,0.20929099999999998
2008-12-25,0.206434
2008-12-26,0.206461
2008-12-29,0.202105
2008-12-30,0.204425
2008-12-31,0.210583
2009-01-01,0.21065100000000003
2009-01-02,0.20711100000000002
2009-01-05,0.21078000000000002
2009-01-06,0.212101
2009-01-07,0.208431
2009-01-08,0.206186
2009-01-09,0.20949299999999998
2009-01-12,0.20994000000000002
2009-01-13,0.21193
2009-01-14,0.2126
2009-01-15,0.212727
2009-01-16,0.211299
2009-01-19,0.21261999999999998
2009-01-20,0.214114
2009-01-21,0.21510300000000002
2009-01-22,0.21410500000000002
2009-01-23,0.214844
2009-01-26,0.20980900000000002
2009-01-27,0.20985700000000002
2009-01-28,0.210694
2009-01-29,0.21406999999999998
2009-01-30,0.216678
2009-02-02,0.216155
2009-02-03,0.212519
2009-02-04,0.21468600000000002
2009-02-05,0.215666
2009-02-06,0.21597800000000003
2009-02-09,0.212995
2009-02-10,0.215061
2009-02-11,0.215394
2009-02-12,0.215639
2009-02-13,0.21555900000000003
2009-02-16,0.21665700000000002
2009-02-17,0.218703
2009-02-18,0.217957
2009-02-19,0.215804
2009-02-20,0.214479
2009-02-23,0.21468099999999998
2009-02-24,0.214302
2009-02-25,0.21426399999999998
2009-02-26,0.213587
2009-02-27,0.21319899999999997
2009-03-02,0.213412
2009-03-03,0.215011
2009-03-04,0.213767
2009-03-05,0.21369499999999997
2009-03-06,0.21239
2009-03-09,0.213071
2009-03-10,0.212711
2009-03-11,0.212144
2009-03-12,0.211588
2009-03-13,0.20965599999999998
2009-03-16,0.209855
2009-03-17,0.20952800000000002
2009-03-18,0.207023
2009-03-19,0.19994
2009-03-20,0.202139
2009-03-23,0.202239
2009-03-24,0.203414
2009-03-25,0.20366700000000001
2009-03-26,0.20391800000000002
2009-03-27,0.208396
2009-03-29,0.208452
2009-03-30,0.206972
2009-03-31,0.207475
2009-04-01,0.20672
2009-04-02,0.207891
2009-04-05,0.21056
2009-04-06,0.209835
2009-04-07,0.207467
2009-04-08,0.21100700000000003
2009-04-09,0.21105700000000002
2009-04-12,0.21106799999999998
2009-04-13,0.21013400000000002
2009-04-14,0.210475
2009-04-15,0.210686
2009-04-16,0.21236100000000002
2009-04-19,0.213498
2009-04-20,0.211571
2009-04-21,0.211042
2009-04-22,0.21176
2009-04-23,0.210182
2009-04-26,0.21176999999999999
2009-04-27,0.21125100000000002
2009-04-28,0.20938600000000002
2009-04-29,0.21221199999999998
2009-04-30,0.21525999999999998
2009-05-03,0.21201399999999998
2009-05-04,0.21318299999999998
2009-05-05,0.21276
2009-05-06,0.211725
2009-05-07,0.21088099999999999
2009-05-10,0.208956
2009-05-11,0.208973
2009-05-12,0.20851399999999998
2009-05-13,0.207319
2009-05-14,0.20826399999999998
2009-05-17,0.20853000000000002
2009-05-18,0.20833000000000002
2009-05-19,0.205508
2009-05-20,0.20550700000000002
2009-05-21,0.204733
2009-05-24,0.20488699999999999
2009-05-25,0.20363900000000001
2009-05-26,0.20506100000000002
2009-05-27,0.204286
2009-05-28,0.203123
2009-05-31,0.203119
2009-06-01,0.200989
2009-06-02,0.202467
2009-06-03,0.20197
2009-06-04,0.204655
2009-06-07,0.20472200000000002
2009-06-08,0.202561
2009-06-09,0.204732
2009-06-10,0.202506
2009-06-11,0.203351
2009-06-14,0.20575500000000002
2009-06-15,0.204853
2009-06-16,0.204463
2009-06-17,0.202237
2009-06-18,0.202183
2009-06-21,0.204158
2009-06-22,0.201044
2009-06-23,0.20208800000000002
2009-06-24,0.202837
2009-06-25,0.201566
2009-06-28,0.201139
2009-06-29,0.20308800000000002
2009-06-30,0.200496
2009-07-01,0.20282
2009-07-02,0.202852
2009-07-05,0.202548
2009-07-06,0.20199
2009-07-07,0.202749
2009-07-08,0.200168
2009-07-09,0.200848
2009-07-12,0.198829
2009-07-13,0.199699
2009-07-14,0.198984
2009-07-15,0.198484
2009-07-16,0.19877999999999998
2009-07-19,0.19884100000000002
2009-07-20,0.19903900000000002
2009-07-21,0.198045
2009-07-22,0.198156
2009-07-23,0.199509
2009-07-26,0.200131
2009-07-27,0.201422
2009-07-28,0.20186700000000002
2009-07-29,0.201441
2009-07-30,0.198939
2009-08-02,0.197898
2009-08-03,0.19889300000000001
2009-08-04,0.19886500000000001
2009-08-05,0.199681
2009-08-06,0.201605
2009-08-09,0.20194
2009-08-10,0.20158299999999998
2009-08-11,0.19942200000000002
2009-08-12,0.19961800000000002
2009-08-13,0.200097
2009-08-16,0.200515
2009-08-17,0.20027799999999998
2009-08-18,0.19788499999999998
2009-08-19,0.199363
2009-08-20,0.198691
2009-08-23,0.20233099999999998
2009-08-24,0.19843
2009-08-25,0.199554
2009-08-26,0.198423
2009-08-27,0.197908
2009-08-30,0.197984
2009-08-31,0.199272
2009-09-01,0.198293
2009-09-02,0.198686
2009-09-03,0.19880899999999999
2009-09-06,0.198594
2009-09-07,0.197135
2009-09-08,0.196394
2009-09-09,0.196654
2009-09-10,0.196462
2009-09-13,0.195251
2009-09-14,0.198463
2009-09-15,0.195575
2009-09-16,0.198703
2009-09-17,0.198415
2009-09-20,0.199155
2009-09-21,0.194349
2009-09-22,0.19576500000000002
2009-09-23,0.19660999999999998
2009-09-24,0.199166
2009-09-27,0.196326
2009-09-28,0.20021
2009-09-29,0.197631
2009-09-30,0.20155599999999999
2009-10-01,0.197266
2009-10-04,0.197438
2009-10-05,0.197577
2009-10-06,0.19952999999999999
2009-10-07,0.19958399999999998
2009-10-08,0.200106
2009-10-11,0.198917
2009-10-12,0.198849
2009-10-13,0.199256
2009-10-14,0.199389
2009-10-15,0.199287
2009-10-18,0.19839400000000001
2009-10-19,0.199562
2009-10-20,0.197428
2009-10-21,0.196242
2009-10-22,0.19683299999999998
2009-10-26,0.198633
2009-10-27,0.19891
2009-10-28,0.19864300000000001
2009-10-29,0.19683599999999998
2009-10-30,0.19906400000000002
2009-11-02,0.196945
2009-11-03,0.19903800000000002
2009-11-04,0.19731300000000002
2009-11-05,0.196875
2009-11-06,0.198278
2009-11-09,0.19736700000000001
2009-11-10,0.19761199999999998
2009-11-11,0.197983
2009-11-12,0.199074
2009-11-13,0.199163
2009-11-16,0.19842100000000001
2009-11-17,0.200423
2009-11-18,0.19836800000000002
2009-11-19,0.198001
2009-11-20,0.19877999999999998
2009-11-23,0.19808
2009-11-24,0.197701
2009-11-25,0.19676400000000002
2009-11-26,0.196733
2009-11-27,0.197247
2009-11-30,0.19651300000000002
2009-12-01,0.199569
2009-12-02,0.196826
2009-12-03,0.19685899999999998
2009-12-04,0.19886500000000001
2009-12-07,0.198785
2009-12-08,0.19988499999999998
2009-12-09,0.2
2009-12-10,0.20016199999999998
2009-12-11,0.201639
2009-12-14,0.200438
2009-12-15,0.201986
2009-12-16,0.200501
2009-12-17,0.203328
2009-12-18,0.203823
2009-12-21,0.203474
2009-12-22,0.20466199999999998
2009-12-23,0.20298
2009-12-24,0.205672
2009-12-25,0.20573200000000003
2009-12-28,0.202725
2009-12-29,0.203094
2009-12-30,0.204047
2009-12-31,0.206161
2010-01-01,0.20617399999999997
2010-01-04,0.20792
2010-01-05,0.205131
2010-01-06,0.20546599999999998
2010-01-07,0.20743699999999998
2010-01-08,0.206367
2010-01-11,0.20636
2010-01-12,0.206083
2010-01-13,0.20639699999999997
2010-01-14,0.207031
2010-01-15,0.208441
2010-01-18,0.20810700000000001
2010-01-19,0.21007699999999999
2010-01-20,0.211048
2010-01-21,0.210602
2010-01-22,0.208092
2010-01-25,0.211015
2010-01-26,0.207707
2010-01-27,0.20749099999999998
2010-01-28,0.209664
2010-01-29,0.21141
2010-02-01,0.21077600000000002
2010-02-02,0.209535
2010-02-03,0.211635
2010-02-04,0.21252
2010-02-05,0.213515
2010-02-08,0.212238
2010-02-09,0.211367
2010-02-10,0.21242199999999997
2010-02-11,0.21394499999999997
2010-02-12,0.21474200000000002
2010-02-15,0.21476199999999998
2010-02-16,0.212569
2010-02-17,0.21638200000000002
2010-02-18,0.21709
2010-02-19,0.21675
2010-02-22,0.216454
2010-02-23,0.21716100000000002
2010-02-24,0.21682600000000002
2010-02-25,0.218029
2010-02-26,0.215327
2010-03-01,0.21857800000000002
2010-03-02,0.22203499999999998
2010-03-03,0.21640900000000002
2010-03-04,0.218796
2010-03-05,0.21882800000000002
2010-03-08,0.220468
2010-03-09,0.220439
2010-03-10,0.22064499999999998
2010-03-11,0.220572
2010-03-12,0.21998
2010-03-15,0.220679
2010-03-16,0.219646
2010-03-17,0.220466
2010-03-18,0.222406
2010-03-19,0.223529
2010-03-22,0.222086
2010-03-23,0.223073
2010-03-24,0.22591599999999998
2010-03-25,0.22605
2010-03-26,0.226021
2010-03-28,0.22744899999999998
2010-03-29,0.228289
2010-03-30,0.227093
2010-03-31,0.22633000000000003
2010-04-01,0.23154899999999998
2010-04-04,0.22632199999999997
2010-04-05,0.23284000000000002
2010-04-06,0.233431
2010-04-07,0.234246
2010-04-08,0.233237
2010-04-11,0.229359
2010-04-12,0.22871999999999998
2010-04-13,0.228802
2010-04-14,0.23120100000000002
2010-04-15,0.232553
2010-04-18,0.231194
2010-04-19,0.232186
2010-04-20,0.23379299999999997
2010-04-21,0.235288
2010-04-22,0.23471999999999998
2010-04-25,0.2359
2010-04-26,0.23734299999999997
2010-04-27,0.23700100000000002
2010-04-28,0.236788
2010-04-29,0.2362
2010-05-02,0.23670700000000003
2010-05-03,0.238873
2010-05-04,0.24045999999999998
2010-05-05,0.241682
2010-05-06,0.24070100000000003
2010-05-09,0.243155
2010-05-10,0.245214
2010-05-11,0.24681
2010-05-12,0.254169
2010-05-13,0.25298899999999996
2010-05-16,0.256757
2010-05-17,0.252123
2010-05-18,0.2576
2010-05-19,0.247071
2010-05-20,0.24013299999999999
2010-05-23,0.248129
2010-05-24,0.242146
2010-05-25,0.24693800000000002
2010-05-26,0.24564699999999998
2010-05-27,0.245756
2010-05-30,0.249995
2010-05-31,0.246468
2010-06-01,0.24903499999999998
2010-06-02,0.251432
2010-06-03,0.254641
2010-06-06,0.251197
2010-06-07,0.250812
2010-06-08,0.250402
2010-06-09,0.250343
2010-06-10,0.252366
2010-06-13,0.25100700000000004
2010-06-14,0.24843200000000001
2010-06-15,0.249338
2010-06-16,0.247691
2010-06-17,0.249085
2010-06-20,0.253497
2010-06-21,0.253788
2010-06-22,0.252645
2010-06-23,0.249966
2010-06-24,0.24981799999999998
2010-06-27,0.25203600000000004
2010-06-28,0.252388
2010-06-29,0.25154899999999997
2010-06-30,0.24785900000000002
2010-07-01,0.24679099999999998
2010-07-04,0.248998
2010-07-05,0.24688000000000002
2010-07-06,0.246772
2010-07-07,0.24680300000000002
2010-07-08,0.247773
2010-07-11,0.24846100000000002
2010-07-12,0.245644
2010-07-13,0.250847
2010-07-14,0.242371
2010-07-15,0.24160500000000001
2010-07-18,0.238992
2010-07-19,0.241375
2010-07-20,0.242811
2010-07-21,0.241941
2010-07-22,0.24330300000000002
2010-07-25,0.24110399999999998
2010-07-26,0.242127
2010-07-27,0.241108
2010-07-28,0.24006799999999998
2010-07-29,0.240794
2010-08-01,0.24028400000000003
2010-08-02,0.23938299999999998
2010-08-03,0.239391
2010-08-04,0.240017
2010-08-05,0.241025
2010-08-08,0.239314
2010-08-09,0.24055100000000001
2010-08-10,0.242081
2010-08-11,0.244641
2010-08-12,0.244236
2010-08-15,0.24741100000000002
2010-08-16,0.245092
2010-08-17,0.246023
2010-08-18,0.247162
2010-08-19,0.24903000000000003
2010-08-22,0.25111100000000003
2010-08-23,0.25237600000000004
2010-08-24,0.251215
2010-08-25,0.25132600000000005
2010-08-26,0.250693
2010-08-29,0.249744
2010-08-30,0.251168
2010-08-31,0.25012399999999996
2010-09-01,0.24999000000000002
2010-09-02,0.24959
2010-09-05,0.254537
2010-09-06,0.24927
2010-09-07,0.251738
2010-09-08,0.253133
2010-09-09,0.25355
2010-09-12,0.2534
2010-09-13,0.25045300000000004
2010-09-14,0.248129
2010-09-15,0.24691999999999997
2010-09-16,0.245509
2010-09-19,0.24739099999999997
2010-09-20,0.24670100000000003
2010-09-21,0.245667
2010-09-22,0.24194699999999997
2010-09-23,0.24226399999999998
2010-09-26,0.240063
2010-09-27,0.24027300000000001
2010-09-28,0.2383
2010-09-29,0.2379
2010-09-30,0.238375
2010-10-03,0.23581100000000002
2010-10-04,0.23653200000000002
2010-10-05,0.23369299999999998
2010-10-06,0.232361
2010-10-07,0.23261199999999999
2010-10-10,0.235618
2010-10-11,0.235803
2010-10-12,0.23260799999999998
2010-10-13,0.23173200000000002
2010-10-14,0.230844
2010-10-17,0.23191599999999998
2010-10-18,0.23119099999999998
2010-10-19,0.23281500000000002
2010-10-20,0.229785
2010-10-21,0.23058499999999998
2010-10-24,0.231212
2010-10-25,0.231273
2010-10-26,0.233012
2010-10-27,0.233591
2010-10-28,0.233591
2010-11-01,0.231595
2010-11-02,0.233177
2010-11-03,0.23076100000000002
2010-11-04,0.231233
2010-11-05,0.22847699999999999
2010-11-08,0.23112800000000003
2010-11-09,0.23240100000000002
2010-11-10,0.233041
2010-11-11,0.23601799999999998
2010-11-12,0.236979
2010-11-15,0.23486500000000002
2010-11-16,0.234173
2010-11-17,0.23653000000000002
2010-11-18,0.235821
2010-11-19,0.235558
2010-11-22,0.235353
2010-11-23,0.23707399999999998
2010-11-24,0.23888099999999998
2010-11-25,0.238749
2010-11-26,0.23979299999999998
2010-11-29,0.23974099999999998
2010-11-30,0.242456
2010-12-01,0.24241
2010-12-02,0.24148499999999998
2010-12-03,0.23992800000000003
2010-12-06,0.237875
2010-12-07,0.23972600000000002
2010-12-08,0.23893000000000003
2010-12-09,0.240364
2010-12-10,0.241245
2010-12-13,0.24128000000000002
2010-12-14,0.23807899999999999
2010-12-15,0.23880900000000002
2010-12-16,0.239736
2010-12-17,0.2416
2010-12-20,0.24504499999999999
2010-12-21,0.242504
2010-12-22,0.24319200000000002
2010-12-23,0.244167
2010-12-24,0.24503200000000003
2010-12-27,0.251146
2010-12-28,0.24598299999999998
2010-12-29,0.246479
2010-12-30,0.245773
2010-12-31,0.244594
2011-01-03,0.244575
2011-01-04,0.24427600000000002
2011-01-05,0.245396
2011-01-06,0.247714
2011-01-07,0.250136
2011-01-10,0.25200300000000003
2011-01-11,0.251053
2011-01-12,0.256274
2011-01-13,0.250118
2011-01-14,0.245229
2011-01-17,0.24958899999999998
2011-01-18,0.246106
2011-01-19,0.24438200000000002
2011-01-20,0.24299
2011-01-21,0.247533
2011-01-24,0.246406
2011-01-25,0.23992399999999997
2011-01-26,0.24039899999999997
2011-01-27,0.243968
2011-01-28,0.239531
2011-01-31,0.240806
2011-02-01,0.238367
2011-02-02,0.236979
2011-02-03,0.238711
2011-02-04,0.240875
2011-02-07,0.24210399999999999
2011-02-08,0.247921
2011-02-09,0.24109299999999997
2011-02-10,0.240635
2011-02-11,0.24103000000000002
2011-02-14,0.24256599999999998
2011-02-15,0.243246
2011-02-16,0.242932
2011-02-17,0.24265599999999998
2011-02-18,0.241387
2011-02-21,0.2413
2011-02-22,0.24125100000000002
2011-02-23,0.24083800000000002
2011-02-24,0.23878600000000003
2011-02-25,0.236738
2011-02-28,0.23849499999999998
2011-03-01,0.237887
2011-03-02,0.2388
2011-03-03,0.237724
2011-03-04,0.23678400000000002
2011-03-07,0.23628400000000002
2011-03-08,0.236308
2011-03-09,0.23718699999999998
2011-03-10,0.23724699999999999
2011-03-11,0.238581
2011-03-14,0.23755
2011-03-15,0.23556799999999997
2011-03-16,0.23329899999999998
2011-03-17,0.23561700000000002
2011-03-18,0.23375
2011-03-21,0.231298
2011-03-22,0.232638
2011-03-23,0.232496
2011-03-24,0.23412199999999997
2011-03-25,0.23302399999999998
2011-03-27,0.235075
2011-03-28,0.23450300000000002
2011-03-29,0.2345
2011-03-30,0.23460300000000003
2011-03-31,0.233173
2011-04-03,0.23266599999999998
2011-04-04,0.232557
2011-04-05,0.23245100000000002
2011-04-06,0.23084899999999997
2011-04-07,0.231248
2011-04-10,0.229386
2011-04-11,0.229238
2011-04-12,0.22875
2011-04-13,0.228665
2011-04-17,0.229226
2011-04-18,0.232988
2011-04-19,0.23105799999999999
2011-04-20,0.228665
2011-04-21,0.22811900000000002
2011-04-24,0.22812399999999997
2011-04-25,0.228115
2011-04-26,0.228989
2011-04-27,0.229267
2011-04-28,0.22832399999999997
2011-05-01,0.22793000000000002
2011-05-02,0.22723400000000002
2011-05-03,0.22623600000000002
2011-05-04,0.22640300000000002
2011-05-05,0.228787
2011-05-08,0.22990300000000002
2011-05-09,0.234217
2011-05-10,0.233184
2011-05-11,0.2354
2011-05-12,0.23337
2011-05-15,0.235677
2011-05-16,0.23122800000000002
2011-05-17,0.235736
2011-05-18,0.23127399999999998
2011-05-19,0.23167100000000002
2011-05-22,0.23441900000000002
2011-05-23,0.233381
2011-05-24,0.232555
2011-05-25,0.231845
2011-05-26,0.233231
2011-05-29,0.231461
2011-05-30,0.23241900000000001
2011-05-31,0.23128
2011-06-01,0.230343
2011-06-02,0.229938
2011-06-05,0.22766599999999998
2011-06-06,0.22779499999999997
2011-06-07,0.22698800000000002
2011-06-08,0.227446
2011-06-09,0.227927
2011-06-12,0.233184
2011-06-13,0.22901100000000002
2011-06-14,0.22815500000000002
2011-06-15,0.23223000000000002
2011-06-16,0.231958
2011-06-19,0.23003800000000002
2011-06-20,0.229633
2011-06-21,0.22948200000000002
2011-06-22,0.22979499999999997
2011-06-23,0.232992
2011-06-26,0.23203000000000001
2011-06-27,0.234366
2011-06-28,0.228519
2011-06-29,0.228544
2011-06-30,0.233041
2011-07-03,0.2292
2011-07-04,0.229475
2011-07-05,0.229919
2011-07-06,0.23204499999999997
2011-07-07,0.231791
2011-07-10,0.234671
2011-07-11,0.23687800000000003
2011-07-12,0.235577
2011-07-13,0.23391900000000002
2011-07-14,0.23484699999999997
2011-07-17,0.235173
2011-07-18,0.23649
2011-07-19,0.23519
2011-07-20,0.2353
2011-07-21,0.23252399999999998
2011-07-24,0.237769
2011-07-25,0.23453600000000002
2011-07-26,0.233611
2011-07-27,0.23664200000000002
2011-07-28,0.23731799999999997
2011-07-31,0.234569
2011-08-01,0.239852
2011-08-02,0.237719
2011-08-03,0.235394
2011-08-04,0.237197
2011-08-07,0.234927
2011-08-08,0.23292100000000002
2011-08-09,0.232357
2011-08-10,0.23468699999999998
2011-08-11,0.23458
2011-08-14,0.238581
2011-08-15,0.2391
2011-08-16,0.23290300000000003
2011-08-17,0.23300900000000002
2011-08-18,0.23429699999999998
2011-08-21,0.23301
2011-08-22,0.234684
2011-08-23,0.23388
2011-08-24,0.23347800000000002
2011-08-25,0.232934
2011-08-28,0.231717
2011-08-29,0.23123400000000002
2011-08-30,0.232438
2011-08-31,0.23287600000000003
2011-09-01,0.23447800000000002
2011-09-04,0.237758
2011-09-05,0.23838499999999999
2011-09-06,0.239871
2011-09-07,0.238643
2011-09-08,0.23989699999999997
2011-09-11,0.243525
2011-09-12,0.24224
2011-09-13,0.23937600000000003
2011-09-14,0.23718000000000003
2011-09-15,0.233812
2011-09-18,0.235109
2011-09-19,0.235672
2011-09-20,0.23420500000000002
2011-09-21,0.233319
2011-09-22,0.23643499999999998
2011-09-25,0.23387199999999997
2011-09-26,0.232758
2011-09-27,0.23395300000000002
2011-09-28,0.23220900000000003
2011-09-29,0.230935
2011-10-02,0.233118
2011-10-03,0.234762
2011-10-04,0.240504
2011-10-05,0.23536999999999997
2011-10-06,0.23507199999999998
2011-10-09,0.24014699999999997
2011-10-10,0.234008
2011-10-11,0.233177
2011-10-12,0.231915
2011-10-13,0.23212600000000003
2011-10-16,0.23085100000000003
2011-10-17,0.234487
2011-10-18,0.232688
2011-10-19,0.23401599999999997
2011-10-20,0.23422300000000001
2011-10-23,0.229156
2011-10-24,0.229252
2011-10-25,0.229942
2011-10-26,0.231213
2011-10-27,0.22765300000000002
2011-10-31,0.230632
2011-11-01,0.23423000000000002
2011-11-02,0.23445
2011-11-03,0.232638
2011-11-04,0.23085100000000003
2011-11-07,0.23381500000000002
2011-11-08,0.23321399999999998
2011-11-09,0.232116
2011-11-10,0.23619899999999996
2011-11-11,0.23356500000000002
2011-11-14,0.231156
2011-11-15,0.234314
2011-11-16,0.234659
2011-11-17,0.235209
2011-11-18,0.234504
2011-11-21,0.23406300000000002
2011-11-22,0.23235300000000003
2011-11-23,0.23329299999999997
2011-11-24,0.235504
2011-11-25,0.235697
2011-11-28,0.23646199999999998
2011-11-29,0.23844
2011-11-30,0.235886
2011-12-01,0.234019
2011-12-02,0.23640100000000003
2011-12-05,0.23898000000000003
2011-12-06,0.237206
2011-12-07,0.23818000000000003
2011-12-08,0.23929099999999998
2011-12-09,0.239729
2011-12-12,0.237496
2011-12-13,0.243182
2011-12-14,0.240302
2011-12-15,0.24236300000000002
2011-12-16,0.241414
2011-12-19,0.24181100000000003
2011-12-20,0.24160700000000002
2011-12-21,0.24083800000000002
2011-12-22,0.24271900000000002
2011-12-23,0.242375
2011-12-26,0.243058
2011-12-27,0.243061
2011-12-28,0.241215
2011-12-29,0.244666
2011-12-30,0.24319899999999997
2012-01-02,0.243353
2012-01-03,0.24418299999999998
2012-01-04,0.24332199999999998
2012-01-05,0.24681199999999998
2012-01-06,0.248716
2012-01-09,0.249935
2012-01-10,0.24902
2012-01-11,0.24956199999999998
2012-01-12,0.251334
2012-01-13,0.248621
2012-01-16,0.251783
2012-01-17,0.251577
2012-01-18,0.25145300000000004
2012-01-19,0.250254
2012-01-20,0.249115
2012-01-23,0.248849
2012-01-24,0.247092
2012-01-25,0.247574
2012-01-26,0.2507
2012-01-27,0.250206
2012-01-30,0.249414
2012-01-31,0.24951199999999998
2012-02-01,0.252118
2012-02-02,0.249196
2012-02-03,0.251844
2012-02-06,0.25357199999999996
2012-02-07,0.253366
2012-02-08,0.250897
2012-02-09,0.251039
2012-02-10,0.25057399999999996
2012-02-13,0.250471
2012-02-14,0.25109000000000004
2012-02-15,0.249811
2012-02-16,0.251828
2012-02-17,0.250419
2012-02-20,0.250114
2012-02-21,0.250994
2012-02-22,0.24963600000000002
2012-02-23,0.24992199999999998
2012-02-24,0.248873
2012-02-27,0.24708000000000002
2012-02-28,0.247421
2012-02-29,0.247804
2012-03-01,0.250292
2012-03-02,0.250425
2012-03-05,0.252916
2012-03-06,0.251121
2012-03-07,0.25240999999999997
2012-03-08,0.251742
2012-03-09,0.250908
2012-03-12,0.253418
2012-03-13,0.250967
2012-03-14,0.252711
2012-03-15,0.250587
2012-03-16,0.25105900000000003
2012-03-19,0.24849899999999997
2012-03-20,0.248243
2012-03-21,0.24569699999999997
2012-03-22,0.24564899999999998
2012-03-23,0.245518
2012-03-25,0.250621
2012-03-26,0.244704
2012-03-27,0.24523899999999998
2012-03-28,0.24514899999999998
2012-03-29,0.24484899999999998
2012-04-01,0.244969
2012-04-02,0.2462
2012-04-03,0.248164
2012-04-04,0.24853000000000003
2012-04-05,0.249723
2012-04-08,0.249887
2012-04-09,0.24980300000000003
2012-04-10,0.249739
2012-04-11,0.24791799999999997
2012-04-12,0.24830500000000003
2012-04-15,0.25358400000000003
2012-04-16,0.24917399999999998
2012-04-17,0.24940199999999998
2012-04-18,0.248687
2012-04-19,0.24814099999999997
2012-04-22,0.247403
2012-04-23,0.24837199999999998
2012-04-24,0.24743600000000002
2012-04-25,0.247446
2012-04-26,0.24868
2012-04-29,0.24816799999999997
2012-04-30,0.24985900000000003
2012-05-01,0.24984299999999998
2012-05-02,0.25145500000000004
2012-05-03,0.250627
2012-05-06,0.255447
2012-05-07,0.251008
2012-05-08,0.25152800000000003
2012-05-09,0.25139
2012-05-10,0.251882
2012-05-13,0.252139
2012-05-14,0.252814
2012-05-15,0.254135
2012-05-16,0.252232
2012-05-17,0.25211300000000003
2012-05-20,0.24991999999999998
2012-05-21,0.250715
2012-05-22,0.251842
2012-05-23,0.25256999999999996
2012-05-24,0.253689
2012-05-27,0.257367
2012-05-28,0.25361300000000003
2012-05-29,0.25413
2012-05-30,0.254359
2012-05-31,0.254275
2012-06-03,0.260156
2012-06-04,0.251423
2012-06-05,0.252129
2012-06-06,0.252757
2012-06-07,0.251526
2012-06-10,0.257204
2012-06-11,0.251902
2012-06-12,0.252494
2012-06-13,0.250362
2012-06-14,0.24985
2012-06-17,0.256067
2012-06-18,0.25208
2012-06-19,0.25052399999999997
2012-06-20,0.250309
2012-06-21,0.249937
2012-06-24,0.254898
2012-06-25,0.25057199999999996
2012-06-26,0.251381
2012-06-27,0.251537
2012-06-28,0.251857
2012-07-01,0.255452
2012-07-02,0.251774
2012-07-03,0.252643
2012-07-04,0.253108
2012-07-05,0.25559
2012-07-08,0.259911
2012-07-09,0.25551599999999997
2012-07-10,0.25664499999999996
2012-07-11,0.25742
2012-07-12,0.257556
2012-07-15,0.26271100000000003
2012-07-16,0.25767399999999996
2012-07-17,0.25772399999999995
2012-07-18,0.258695
2012-07-19,0.259185
2012-07-22,0.2609
2012-07-23,0.259845
2012-07-24,0.260424
2012-07-25,0.260376
2012-07-26,0.258385
2012-07-29,0.262297
2012-07-30,0.259092
2012-07-31,0.26058000000000003
2012-08-01,0.260782
2012-08-02,0.261673
2012-08-05,0.265869
2012-08-06,0.260397
2012-08-07,0.26129600000000003
2012-08-08,0.260875
2012-08-09,0.262176
2012-08-12,0.267073
2012-08-13,0.259792
2012-08-14,0.26013200000000003
2012-08-15,0.260851
2012-08-16,0.259326
2012-08-19,0.259177
2012-08-20,0.25865900000000003
2012-08-21,0.256973
2012-08-22,0.257804
2012-08-23,0.257513
2012-08-26,0.26301399999999997
2012-08-27,0.257211
2012-08-28,0.25540300000000005
2012-08-29,0.25581
2012-08-30,0.256112
2012-09-02,0.254774
2012-09-03,0.255738
2012-09-04,0.256783
2012-09-05,0.25502199999999997
2012-09-06,0.255182
2012-09-09,0.258475
2012-09-10,0.25275
2012-09-11,0.252564
2012-09-12,0.252287
2012-09-13,0.25206300000000004
2012-09-16,0.251062
2012-09-17,0.250056
2012-09-18,0.25022
2012-09-19,0.250868
2012-09-20,0.252159
2012-09-23,0.252803
2012-09-24,0.251686
2012-09-25,0.252628
2012-09-26,0.252735
2012-09-27,0.252725
2012-09-30,0.258424
2012-10-01,0.253977
2012-10-02,0.253628
2012-10-03,0.253481
2012-10-04,0.251894
2012-10-07,0.256819
2012-10-08,0.25150100000000003
2012-10-09,0.253413
2012-10-10,0.25297600000000003
2012-10-11,0.252506
2012-10-14,0.2525
2012-10-15,0.252299
2012-10-16,0.250987
2012-10-17,0.251792
2012-10-18,0.251797
2012-10-21,0.251994
2012-10-22,0.251091
2012-10-23,0.251682
2012-10-24,0.252571
2012-10-25,0.25452800000000003
2012-10-29,0.26032
2012-10-30,0.253336
2012-10-31,0.2532
2012-11-01,0.253467
2012-11-02,0.25312199999999996
2012-11-05,0.255414
2012-11-06,0.255311
2012-11-07,0.255275
2012-11-08,0.256488
2012-11-09,0.256372
2012-11-12,0.262218
2012-11-13,0.25690599999999997
2012-11-14,0.25709099999999996
2012-11-15,0.25700300000000004
2012-11-16,0.25574600000000003
2012-11-19,0.261061
2012-11-20,0.256315
2012-11-21,0.255323
2012-11-22,0.254644
2012-11-23,0.25397800000000004
2012-11-26,0.258592
2012-11-27,0.252542
2012-11-28,0.253859
2012-11-29,0.253639
2012-11-30,0.253369
2012-12-03,0.258151
2012-12-05,0.2514
2012-12-06,0.251835
2012-12-07,0.253325
2012-12-10,0.253469
2012-12-11,0.252879
2012-12-12,0.251604
2012-12-13,0.251363
2012-12-14,0.250254
2012-12-17,0.248817
2012-12-18,0.24900799999999998
2012-12-19,0.247852
2012-12-20,0.24773299999999998
2012-12-21,0.24747600000000003
2012-12-24,0.248009
2012-12-25,0.247795
2012-12-26,0.24781999999999998
2012-12-27,0.246705
2012-12-28,0.246779
2012-12-31,0.25278
2013-01-01,0.24796999999999997
2013-01-02,0.248548
2013-01-03,0.250347
2013-01-04,0.252443
2013-01-07,0.257481
2013-01-08,0.250749
2013-01-09,0.25130399999999997
2013-01-10,0.252272
2013-01-11,0.24975999999999998
2013-01-14,0.254875
2013-01-15,0.248067
2013-01-16,0.24956799999999998
2013-01-17,0.24950300000000003
2013-01-18,0.248513
2013-01-21,0.253589
2013-01-22,0.2478
2013-01-23,0.246915
2013-01-24,0.24730100000000002
2013-01-25,0.24616799999999997
2013-01-28,0.244231
2013-01-29,0.241775
2013-01-30,0.241827
2013-01-31,0.239281
2013-02-01,0.236679
2013-02-04,0.240519
2013-02-05,0.23878000000000002
2013-02-06,0.238625
2013-02-07,0.23888
2013-02-08,0.24118699999999998
2013-02-11,0.24516300000000002
2013-02-12,0.241002
2013-02-13,0.24011799999999997
2013-02-14,0.241071
2013-02-15,0.242598
2013-02-18,0.24721300000000002
2013-02-19,0.24174600000000002
2013-02-20,0.240869
2013-02-21,0.24298499999999998
2013-02-22,0.24376
2013-02-25,0.24969
2013-02-26,0.247302
2013-02-27,0.24698299999999998
2013-02-28,0.245671
2013-03-01,0.247703
2013-03-04,0.248377
2013-03-05,0.247085
2013-03-06,0.24716
2013-03-07,0.24838000000000002
2013-03-08,0.24563600000000002
2013-03-11,0.250795
2013-03-12,0.24707800000000002
2013-03-13,0.24755700000000003
2013-03-14,0.24851900000000002
2013-03-15,0.247265
2013-03-18,0.250713
2013-03-19,0.246734
2013-03-20,0.249277
2013-03-21,0.247692
2013-03-22,0.24846100000000002
2013-03-25,0.25352800000000003
2013-03-26,0.250936
2013-03-27,0.251732
2013-03-28,0.25259000000000004
2013-03-29,0.252126
2013-03-31,0.257129
2013-04-01,0.25709499999999996
2013-04-02,0.252828
2013-04-03,0.252933
2013-04-04,0.251398
2013-04-07,0.25807199999999997
2013-04-08,0.25105500000000003
2013-04-09,0.252031
2013-04-10,0.252896
2013-04-11,0.25148400000000004
2013-04-14,0.25088699999999997
2013-04-15,0.251605
2013-04-16,0.250165
2013-04-17,0.253409
2013-04-18,0.257383
2013-04-21,0.256849
2013-04-22,0.251396
2013-04-23,0.25196799999999997
2013-04-24,0.251927
2013-04-25,0.25345300000000004
2013-04-28,0.253152
2013-04-29,0.25199699999999997
2013-04-30,0.249844
2013-05-01,0.249556
2013-05-02,0.251132
2013-05-05,0.256281
2013-05-06,0.257228
2013-05-07,0.256619
2013-05-08,0.256741
2013-05-09,0.257268
2013-05-12,0.263194
2013-05-13,0.257195
2013-05-14,0.25807800000000003
2013-05-15,0.258362
2013-05-16,0.257994
2013-05-19,0.25811
2013-05-20,0.257623
2013-05-21,0.256673
2013-05-22,0.25743499999999997
2013-05-23,0.255217
2013-05-26,0.25955500000000004
2013-05-27,0.2557
2013-05-28,0.256206
2013-05-29,0.25100100000000003
2013-05-30,0.24965500000000002
2013-06-02,0.25338
2013-06-03,0.24803499999999998
2013-06-04,0.247408
2013-06-05,0.247521
2013-06-06,0.245128
2013-06-09,0.248824
2013-06-10,0.248824
2013-06-11,0.248824
2013-06-12,0.239635
2013-06-13,0.23904299999999998
2013-06-16,0.24077300000000001
2013-06-17,0.239274
2013-06-18,0.236946
2013-06-19,0.238975
2013-06-20,0.23642399999999997
2013-06-23,0.238081
2013-06-24,0.236609
2013-06-25,0.24033800000000002
2013-06-26,0.24006999999999998
2013-06-27,0.241838
2013-06-30,0.246979
2013-07-01,0.24205300000000002
2013-07-02,0.24353000000000002
2013-07-03,0.24149
2013-07-04,0.243511
2013-07-07,0.24827399999999997
2013-07-08,0.242302
2013-07-09,0.24576199999999998
2013-07-10,0.238423
2013-07-11,0.24119899999999997
2013-07-14,0.24120300000000003
2013-07-15,0.240234
2013-07-16,0.238666
2013-07-17,0.23912199999999997
2013-07-18,0.239006
2013-07-21,0.238409
2013-07-22,0.238608
2013-07-23,0.238141
2013-07-24,0.237686
2013-07-25,0.235891
2013-07-28,0.23496399999999998
2013-07-29,0.233998
2013-07-30,0.232604
2013-07-31,0.231787
2013-08-01,0.23360799999999998
2013-08-04,0.236904
2013-08-05,0.23361300000000002
2013-08-06,0.23171999999999998
2013-08-07,0.230523
2013-08-08,0.230289
2013-08-11,0.23050199999999998
2013-08-12,0.231663
2013-08-13,0.23155599999999998
2013-08-14,0.23041999999999999
2013-08-15,0.228744
2013-08-18,0.229158
2013-08-19,0.22844
2013-08-20,0.226819
2013-08-21,0.22724699999999998
2013-08-22,0.22638899999999998
2013-08-25,0.22658899999999998
2013-08-26,0.226494
2013-08-27,0.224379
2013-08-28,0.22561799999999999
2013-08-29,0.228773
2013-09-01,0.23029699999999997
2013-09-02,0.231879
2013-09-03,0.23119099999999998
2013-09-04,0.230985
2013-09-05,0.23087800000000003
2013-09-08,0.228131
2013-09-09,0.228987
2013-09-10,0.230256
2013-09-11,0.230587
2013-09-12,0.22961399999999998
2013-09-15,0.23300900000000002
2013-09-16,0.228872
2013-09-17,0.23131300000000002
2013-09-18,0.230059
2013-09-19,0.23445
2013-09-22,0.233798
2013-09-23,0.231681
2013-09-24,0.230962
2013-09-25,0.229783
2013-09-26,0.23081
2013-09-29,0.229345
2013-09-30,0.226631
2013-10-01,0.228921
2013-10-02,0.22823400000000002
2013-10-03,0.230019
2013-10-06,0.232035
2013-10-08,0.230266
2013-10-09,0.231677
2013-10-10,0.23183600000000001
2013-10-13,0.232415
2013-10-14,0.232062
2013-10-15,0.233252
2013-10-16,0.233763
2013-10-17,0.23261500000000002
2013-10-20,0.23549699999999998
2013-10-21,0.23076
2013-10-22,0.23060799999999998
2013-10-23,0.229502
2013-10-24,0.22965
2013-10-28,0.230636
2013-10-29,0.23142
2013-10-30,0.23107800000000003
2013-10-31,0.23167
2013-11-01,0.23307199999999997
2013-11-04,0.23770500000000003
2013-11-05,0.233371
2013-11-06,0.23412399999999997
2013-11-07,0.232823
2013-11-08,0.23439000000000002
2013-11-11,0.23887399999999998
2013-11-12,0.233229
2013-11-13,0.231777
2013-11-14,0.231645
2013-11-15,0.23268699999999998
2013-11-18,0.23635
2013-11-19,0.232423
2013-11-20,0.23251100000000002
2013-11-21,0.23347600000000002
2013-11-22,0.23176300000000002
2013-11-25,0.22966199999999998
2013-11-26,0.22988899999999998
2013-11-27,0.229429
2013-11-28,0.22944299999999998
2013-11-29,0.23179899999999998
2013-12-02,0.232091
2013-12-03,0.234537
2013-12-04,0.23318000000000003
2013-12-05,0.23231100000000002
2013-12-06,0.232129
2013-12-09,0.230384
2013-12-10,0.231397
2013-12-11,0.230975
2013-12-12,0.230035
2013-12-13,0.228602
2013-12-16,0.229501
2013-12-17,0.227885
2013-12-18,0.223293
2013-12-19,0.224329
2013-12-20,0.222953
2013-12-23,0.22190300000000002
2013-12-24,0.221648
2013-12-25,0.221865
2013-12-26,0.221935
2013-12-27,0.22175599999999998
2013-12-30,0.22122600000000003
2013-12-31,0.220034
2014-01-01,0.222102
2014-01-02,0.22175100000000003
2014-01-03,0.222452
2014-01-06,0.224009
2014-01-07,0.223377
2014-01-08,0.223667
2014-01-09,0.224411
2014-01-10,0.224475
2014-01-13,0.22488200000000003
2014-01-14,0.224279
2014-01-15,0.223994
2014-01-16,0.22369499999999998
2014-01-17,0.222771
2014-01-20,0.22333899999999998
2014-01-21,0.222602
2014-01-22,0.22100300000000003
2014-01-23,0.22189099999999998
2014-01-24,0.21888600000000002
2014-01-27,0.218113
2014-01-28,0.21913600000000003
2014-01-29,0.21970100000000004
2014-01-30,0.21851700000000002
2014-01-31,0.221261
2014-02-03,0.22134299999999998
2014-02-04,0.22057600000000002
2014-02-05,0.22339099999999998
2014-02-06,0.22307399999999997
2014-02-07,0.221642
2014-02-10,0.220502
2014-02-11,0.219417
2014-02-12,0.22066100000000002
2014-02-13,0.221642
2014-02-14,0.21997399999999998
2014-02-17,0.22080999999999998
2014-02-18,0.221858
2014-02-19,0.220207
2014-02-20,0.221102
2014-02-21,0.220361
2014-02-24,0.22084
2014-02-25,0.22175799999999998
2014-02-26,0.221617
2014-02-27,0.22280500000000003
2014-02-28,0.22273
2014-03-03,0.22146500000000002
2014-03-04,0.221419
2014-03-05,0.22253699999999998
2014-03-06,0.22298400000000002
2014-03-07,0.222142
2014-03-10,0.22059499999999999
2014-03-11,0.21945
2014-03-12,0.21921100000000002
2014-03-13,0.219112
2014-03-14,0.21995100000000004
2014-03-17,0.21945900000000002
2014-03-18,0.219621
2014-03-19,0.219232
2014-03-20,0.22071300000000002
2014-03-21,0.21955300000000003
2014-03-24,0.219173
2014-03-25,0.21889
2014-03-26,0.219531
2014-03-27,0.220086
2014-03-28,0.222309
2014-03-30,0.222966
2014-03-31,0.22315
2014-04-01,0.222331
2014-04-02,0.22174699999999997
2014-04-03,0.221835
2014-04-06,0.222629
2014-04-07,0.222888
2014-04-08,0.22458000000000003
2014-04-09,0.224609
2014-04-10,0.222737
2014-04-13,0.223121
2014-04-14,0.222744
2014-04-15,0.222944
2014-04-16,0.22352600000000003
2014-04-17,0.223602
2014-04-20,0.22336599999999998
2014-04-21,0.223032
2014-04-22,0.221779
2014-04-23,0.22166599999999997
2014-04-24,0.22121
2014-04-27,0.221019
2014-04-28,0.22086999999999998
2014-04-29,0.222027
2014-04-30,0.22079899999999997
2014-05-01,0.221327
2014-05-04,0.220737
2014-05-05,0.221329
2014-05-06,0.22105100000000003
2014-05-07,0.221571
2014-05-08,0.22307600000000002
2014-05-11,0.22515500000000002
2014-05-12,0.22466999999999998
2014-05-13,0.22586199999999998
2014-05-14,0.226291
2014-05-15,0.22552399999999997
2014-05-18,0.226427
2014-05-19,0.22701300000000002
2014-05-20,0.226942
2014-05-21,0.22739
2014-05-22,0.22822800000000001
2014-05-25,0.228929
2014-05-26,0.22841599999999998
2014-05-27,0.22776799999999997
2014-05-28,0.22808
2014-05-29,0.22879499999999997
2014-06-01,0.228521
2014-06-02,0.22755
2014-06-03,0.227357
2014-06-04,0.227035
2014-06-05,0.227402
2014-06-08,0.228357
2014-06-09,0.230004
2014-06-10,0.230688
2014-06-11,0.229956
2014-06-12,0.230154
2014-06-15,0.22954000000000002
2014-06-16,0.228346
2014-06-17,0.22918000000000002
2014-06-18,0.22760500000000003
2014-06-19,0.228062
2014-06-22,0.22830599999999998
2014-06-23,0.22897399999999998
2014-06-24,0.228816
2014-06-25,0.227937
2014-06-26,0.22821100000000002
2014-06-29,0.228161
2014-06-30,0.22735
2014-07-01,0.227859
2014-07-02,0.228609
2014-07-03,0.230012
2014-07-06,0.231298
2014-07-07,0.23054000000000002
2014-07-08,0.23166199999999998
2014-07-09,0.23115100000000002
2014-07-10,0.23131999999999997
2014-07-13,0.23094299999999998
2014-07-14,0.230696
2014-07-15,0.230275
2014-07-16,0.23198400000000002
2014-07-17,0.23150700000000002
2014-07-20,0.23223000000000002
2014-07-21,0.23329299999999997
2014-07-22,0.233888
2014-07-23,0.234523
2014-07-24,0.23353200000000002
2014-07-27,0.23464200000000002
2014-07-28,0.234429
2014-07-29,0.23435599999999998
2014-07-30,0.234384
2014-07-31,0.232636
2014-08-03,0.231577
2014-08-04,0.23284000000000002
2014-08-05,0.234629
2014-08-06,0.2332
2014-08-07,0.23324499999999998
2014-08-10,0.233579
2014-08-11,0.233567
2014-08-12,0.233983
2014-08-13,0.23442800000000003
2014-08-14,0.235708
2014-08-17,0.23676399999999997
2014-08-18,0.23772800000000002
2014-08-19,0.23759699999999997
2014-08-20,0.23756999999999998
2014-08-21,0.23799099999999998
2014-08-24,0.23964899999999997
2014-08-25,0.24003899999999997
2014-08-26,0.240617
2014-08-27,0.24151
2014-08-28,0.24042399999999997
2014-08-31,0.24079
2014-09-01,0.241202
2014-09-02,0.239443
2014-09-03,0.2393
2014-09-04,0.243315
2014-09-07,0.243127
2014-09-08,0.243168
2014-09-09,0.24133400000000002
2014-09-10,0.242079
2014-09-11,0.24200300000000002
2014-09-14,0.241404
2014-09-15,0.23953400000000002
2014-09-16,0.24024299999999998
2014-09-17,0.241883
2014-09-18,0.23976599999999998
2014-09-21,0.240579
2014-09-22,0.239392
2014-09-23,0.239877
2014-09-24,0.24135399999999999
2014-09-25,0.240587
2014-09-28,0.24216500000000002
2014-09-29,0.24033000000000002
2014-09-30,0.24124
2014-10-01,0.24239699999999997
2014-10-02,0.242773
2014-10-05,0.24543299999999998
2014-10-06,0.24263099999999999
2014-10-07,0.24229299999999998
2014-10-08,0.23998200000000003
2014-10-09,0.242367
2014-10-12,0.242164
2014-10-13,0.24122
2014-10-14,0.241758
2014-10-15,0.23811
2014-10-16,0.23817600000000003
2014-10-19,0.23956599999999997
2014-10-20,0.238879
2014-10-21,0.24106999999999998
2014-10-22,0.24272
2014-10-23,0.24143299999999998
2014-10-27,0.240767
2014-10-28,0.24041500000000002
2014-10-29,0.24029099999999998
2014-10-30,0.24181
2014-10-31,0.241042
2014-11-03,0.243115
2014-11-04,0.240188
2014-11-05,0.238668
2014-11-06,0.239238
2014-11-07,0.241393
2014-11-10,0.23994000000000001
2014-11-11,0.241515
2014-11-12,0.239519
2014-11-13,0.241189
2014-11-14,0.24028400000000003
2014-11-17,0.238632
2014-11-18,0.239521
2014-11-19,0.237447
2014-11-20,0.23721599999999998
2014-11-21,0.237163
2014-11-24,0.240421
2014-11-25,0.23929699999999998
2014-11-26,0.23838600000000001
2014-11-27,0.23857899999999999
2014-11-28,0.239477
2014-12-01,0.236775
2014-12-02,0.234089
2014-12-03,0.235631
2014-12-04,0.237006
2014-12-05,0.235666
2014-12-08,0.232526
2014-12-09,0.233175
2014-12-10,0.23196
2014-12-11,0.23401599999999997
2014-12-12,0.23108299999999998
2014-12-15,0.229634
2014-12-16,0.230003
2014-12-17,0.22858
2014-12-18,0.234116
2014-12-19,0.234377
2014-12-22,0.23537600000000003
2014-12-23,0.233504
2014-12-24,0.23549499999999998
2014-12-25,0.235039
2014-12-26,0.234335
2014-12-29,0.23555399999999999
2014-12-30,0.23526999999999998
2014-12-31,0.23505700000000002
2015-01-01,0.236289
2015-01-02,0.236605
2015-01-05,0.237467
2015-01-06,0.235841
2015-01-07,0.235844
2015-01-08,0.236396
2015-01-09,0.23869200000000002
2015-01-12,0.237513
2015-01-13,0.2364
2015-01-14,0.23756799999999997
2015-01-15,0.237467
2015-01-16,0.241106
2015-01-19,0.243275
2015-01-20,0.241972
2015-01-21,0.240144
2015-01-22,0.238155
2015-01-23,0.245115
2015-01-26,0.250569
2015-01-27,0.24689499999999998
2015-01-28,0.244296
2015-01-29,0.246054
2015-01-30,0.243058
2015-02-02,0.243481
2015-02-03,0.24371199999999998
2015-02-04,0.24472199999999997
2015-02-05,0.246063
2015-02-06,0.24663000000000002
2015-02-09,0.248721
2015-02-10,0.24841
2015-02-11,0.24733000000000002
2015-02-12,0.244495
2015-02-13,0.24429299999999998
2015-02-16,0.245094
2015-02-17,0.24630100000000002
2015-02-18,0.244815
2015-02-19,0.242472
2015-02-20,0.241965
2015-02-23,0.24106799999999998
2015-02-24,0.242612
2015-02-25,0.243608
2015-02-26,0.244038
2015-02-27,0.247588
2015-03-02,0.248309
2015-03-03,0.246271
2015-03-04,0.24646700000000002
2015-03-05,0.246614
2015-03-06,0.247644
2015-03-09,0.25038
2015-03-10,0.25065
2015-03-11,0.25106100000000003
2015-03-12,0.256419
2015-03-13,0.255175
2015-03-16,0.257712
2015-03-17,0.256164
2015-03-18,0.25511500000000004
2015-03-19,0.252683
2015-03-20,0.253085
2015-03-23,0.249298
2015-03-24,0.250215
2015-03-25,0.25106999999999996
2015-03-26,0.24823
2015-03-27,0.250431
2015-03-29,0.249511
2015-03-30,0.24885900000000002
2015-03-31,0.251318
2015-04-01,0.252931
2015-04-02,0.251882
2015-04-05,0.248457
2015-04-06,0.25217399999999995
2015-04-07,0.253773
2015-04-08,0.255685
2015-04-09,0.25771
2015-04-12,0.256782
2015-04-13,0.25510700000000003
2015-04-14,0.253981
2015-04-15,0.25517199999999995
2015-04-16,0.256278
2015-04-19,0.254617
2015-04-20,0.25646399999999997
2015-04-21,0.256722
2015-04-22,0.25811300000000004
2015-04-23,0.256809
2015-04-26,0.257876
2015-04-27,0.259481
2015-04-28,0.258463
2015-04-29,0.254567
2015-04-30,0.24985700000000002
2015-05-03,0.248964
2015-05-04,0.249542
2015-05-05,0.249428
2015-05-06,0.24742399999999998
2015-05-07,0.24699400000000002
2015-05-10,0.249401
2015-05-11,0.248666
2015-05-12,0.2475
2015-05-13,0.245779
2015-05-14,0.24651700000000001
2015-05-17,0.245716
2015-05-18,0.246588
2015-05-19,0.24834
2015-05-20,0.25099299999999997
2015-05-21,0.250708
2015-05-24,0.25272100000000003
2015-05-25,0.253449
2015-05-26,0.252494
2015-05-27,0.251834
2015-05-28,0.25003600000000004
2015-05-31,0.250125
2015-06-01,0.24827800000000003
2015-06-02,0.24410300000000001
2015-06-03,0.241509
2015-06-04,0.240409
2015-06-07,0.23997399999999997
2015-06-08,0.23751399999999998
2015-06-09,0.236544
2015-06-10,0.238004
2015-06-11,0.238436
2015-06-14,0.23817399999999997
2015-06-15,0.23593499999999998
2015-06-16,0.23775700000000002
2015-06-17,0.236066
2015-06-18,0.238204
2015-06-21,0.235227
2015-06-22,0.237182
2015-06-23,0.23910900000000002
2015-06-24,0.237947
2015-06-25,0.23788600000000001
2015-06-28,0.24184699999999998
2015-06-29,0.236379
2015-06-30,0.23939000000000002
2015-07-01,0.240722
2015-07-02,0.240075
2015-07-05,0.241087
2015-07-06,0.236958
2015-07-07,0.237779
2015-07-08,0.238013
2015-07-09,0.23910399999999998
2015-07-12,0.236959
2015-07-13,0.239222
2015-07-14,0.239691
2015-07-15,0.24100100000000002
2015-07-16,0.24212199999999998
2015-07-19,0.24269699999999997
2015-07-20,0.241971
2015-07-21,0.24181999999999998
2015-07-22,0.24033200000000002
2015-07-23,0.238877
2015-07-26,0.238894
2015-07-27,0.23629699999999998
2015-07-28,0.237727
2015-07-29,0.23948699999999998
2015-07-30,0.23955500000000002
2015-08-02,0.238467
2015-08-03,0.236934
2015-08-04,0.237394
2015-08-05,0.23668899999999998
2015-08-06,0.23441599999999999
2015-08-09,0.233604
2015-08-10,0.23196799999999998
2015-08-11,0.227602
2015-08-12,0.22546
2015-08-13,0.222604
2015-08-16,0.22236599999999998
2015-08-17,0.22070700000000001
2015-08-18,0.22203
2015-08-19,0.219858
2015-08-20,0.21718600000000002
2015-08-23,0.211774
2015-08-24,0.204532
2015-08-25,0.20531999999999997
2015-08-26,0.210441
2015-08-27,0.213304
2015-08-30,0.214515
2015-08-31,0.21382600000000002
2015-09-01,0.21158200000000002
2015-09-02,0.212029
2015-09-03,0.212759
2015-09-06,0.20916700000000002
2015-09-07,0.20658200000000002
2015-09-08,0.207916
2015-09-09,0.20570300000000002
2015-09-10,0.206306
2015-09-13,0.20562600000000003
2015-09-14,0.20521199999999998
2015-09-15,0.20818299999999998
2015-09-16,0.210277
2015-09-17,0.20799600000000001
2015-09-20,0.210402
2015-09-22,0.20863600000000002
2015-09-23,0.204032
2015-09-24,0.203675
2015-09-27,0.20322300000000001
2015-09-28,0.201797
2015-09-29,0.199376
2015-09-30,0.204102
2015-10-01,0.202237
2015-10-04,0.203242
2015-10-05,0.205887
2015-10-06,0.206436
2015-10-07,0.211075
2015-10-08,0.215383
2015-10-11,0.213085
2015-10-12,0.212738
2015-10-13,0.209056
2015-10-14,0.21059
2015-10-15,0.214418
2015-10-18,0.211029
2015-10-19,0.206092
2015-10-20,0.205927
2015-10-21,0.205052
2015-10-22,0.213825
2015-10-26,0.21358400000000002
2015-10-27,0.213205
2015-10-28,0.21169200000000002
2015-10-29,0.21436100000000002
2015-10-30,0.21551900000000002
2015-11-02,0.21486599999999997
2015-11-03,0.211552
2015-11-04,0.215469
2015-11-05,0.214034
2015-11-06,0.21404299999999998
2015-11-09,0.213833
2015-11-10,0.212049
2015-11-11,0.219467
2015-11-12,0.214204
2015-11-13,0.21112899999999998
2015-11-16,0.21330100000000002
2015-11-17,0.214446
2015-11-18,0.214711
2015-11-19,0.216746
2015-11-20,0.217954
2015-11-23,0.220679
2015-11-24,0.22045
2015-11-25,0.223427
2015-11-26,0.224171
2015-11-27,0.223831
2015-11-30,0.221654
2015-12-01,0.222648
2015-12-02,0.223115
2015-12-03,0.221965
2015-12-04,0.21778000000000003
2015-12-07,0.21969899999999998
2015-12-08,0.216164
2015-12-09,0.21531199999999998
2015-12-10,0.21348499999999998
2015-12-11,0.214363
2015-12-14,0.21076999999999999
2015-12-15,0.20950500000000002
2015-12-16,0.212896
2015-12-17,0.215586
2015-12-18,0.21410700000000002
2015-12-21,0.215273
2015-12-22,0.2135
2015-12-23,0.21267800000000003
2015-12-24,0.21362399999999998
2015-12-25,0.21244000000000002
2015-12-28,0.21256599999999998
2015-12-29,0.212229
2015-12-30,0.213754
2015-12-31,0.212436
2016-01-01,0.213902
2016-01-04,0.21456
2016-01-05,0.21229099999999998
2016-01-06,0.21353699999999998
2016-01-07,0.21013099999999998
2016-01-08,0.20791700000000002
2016-01-11,0.207348
2016-01-12,0.209862
2016-01-13,0.209918
2016-01-14,0.209465
2016-01-15,0.210227
2016-01-18,0.20715999999999998
2016-01-19,0.20865
2016-01-20,0.209891
2016-01-21,0.209758
2016-01-22,0.212056
2016-01-25,0.21750100000000003
2016-01-26,0.215441
2016-01-27,0.21644499999999997
2016-01-28,0.216227
2016-01-29,0.219923
2016-02-01,0.22355
2016-02-02,0.220804
2016-02-03,0.218177
2016-02-04,0.217732
2016-02-05,0.21846300000000002
2016-02-08,0.21599899999999997
2016-02-09,0.214232
2016-02-10,0.21305700000000002
2016-02-11,0.21599699999999997
2016-02-12,0.214428
2016-02-15,0.21498499999999998
2016-02-16,0.216953
2016-02-17,0.21403899999999998
2016-02-18,0.216063
2016-02-19,0.21593299999999999
2016-02-22,0.213997
2016-02-23,0.217375
2016-02-24,0.215406
2016-02-25,0.215279
2016-02-26,0.215739
2016-02-29,0.22013200000000002
2016-03-01,0.219085
2016-03-02,0.22322399999999998
2016-03-03,0.22282600000000002
2016-03-04,0.222032
2016-03-07,0.22434099999999998
2016-03-08,0.223726
2016-03-09,0.221136
2016-03-10,0.22184299999999998
2016-03-11,0.21718400000000002
2016-03-14,0.220286
2016-03-15,0.21923800000000002
2016-03-16,0.21658000000000002
2016-03-17,0.21995100000000004
2016-03-18,0.219597
2016-03-21,0.219266
2016-03-22,0.22070700000000001
2016-03-23,0.22433899999999998
2016-03-24,0.22206599999999999
2016-03-25,0.222991
2016-03-27,0.223206
2016-03-28,0.222993
2016-03-29,0.22349000000000002
2016-03-30,0.22566799999999998
2016-03-31,0.227452
2016-04-03,0.226133
2016-04-04,0.22474699999999997
2016-04-05,0.223313
2016-04-06,0.2268
2016-04-07,0.223176
2016-04-10,0.224223
2016-04-11,0.22788000000000003
2016-04-12,0.228529
2016-04-13,0.22991
2016-04-14,0.229267
2016-04-17,0.227029
2016-04-18,0.227109
2016-04-19,0.230183
2016-04-20,0.228185
2016-04-21,0.2272
2016-04-24,0.22790500000000002
2016-04-25,0.226937
2016-04-26,0.226623
2016-04-27,0.226796
2016-04-28,0.22707600000000003
2016-05-01,0.222885
2016-05-02,0.22152199999999997
2016-05-03,0.21843400000000002
2016-05-04,0.216559
2016-05-05,0.218527
2016-05-08,0.219915
2016-05-09,0.21668600000000002
2016-05-10,0.21769699999999997
2016-05-11,0.217865
2016-05-12,0.21845900000000001
2016-05-15,0.219111
2016-05-16,0.220056
2016-05-17,0.219881
2016-05-18,0.219142
2016-05-19,0.21882800000000002
2016-05-22,0.219177
2016-05-23,0.220334
2016-05-24,0.21997600000000003
2016-05-25,0.220344
2016-05-26,0.22031599999999998
2016-05-29,0.220125
2016-05-30,0.21851199999999998
2016-05-31,0.218144
2016-06-01,0.215279
2016-06-02,0.216437
2016-06-05,0.216085
2016-06-06,0.216795
2016-06-07,0.2171
2016-06-08,0.218002
2016-06-09,0.218757
2016-06-12,0.21832600000000002
2016-06-13,0.21672800000000003
2016-06-14,0.21756999999999999
2016-06-15,0.217957
2016-06-16,0.21714499999999998
2016-06-19,0.21580500000000002
2016-06-20,0.217527
2016-06-21,0.220611
2016-06-22,0.21912600000000002
2016-06-23,0.223548
2016-06-26,0.221748
2016-06-27,0.221806
2016-06-28,0.222775
2016-06-29,0.22561599999999998
2016-06-30,0.22595
2016-07-03,0.225415
2016-07-04,0.22529200000000002
2016-07-05,0.223933
2016-07-06,0.22344099999999997
2016-07-07,0.223708
2016-07-10,0.226367
2016-07-11,0.22713000000000003
2016-07-12,0.22834899999999997
2016-07-13,0.22855599999999998
2016-07-14,0.23029000000000002
2016-07-17,0.23103200000000002
2016-07-18,0.22807800000000003
2016-07-19,0.22618400000000002
2016-07-20,0.224975
2016-07-21,0.22315300000000002
2016-07-24,0.223845
2016-07-25,0.224453
2016-07-26,0.225758
2016-07-27,0.223115
2016-07-28,0.223764
2016-07-31,0.22280500000000003
2016-08-01,0.222131
2016-08-02,0.221671
2016-08-03,0.22191
2016-08-04,0.223879
2016-08-07,0.223759
2016-08-08,0.22360100000000002
2016-08-09,0.223369
2016-08-10,0.223167
2016-08-11,0.225421
2016-08-14,0.222794
2016-08-15,0.22411
2016-08-16,0.22272899999999998
2016-08-17,0.221631
2016-08-18,0.22139899999999998
2016-08-21,0.22069
2016-08-22,0.219873
2016-08-23,0.21915700000000002
2016-08-24,0.22018800000000002
2016-08-25,0.22037800000000002
2016-08-28,0.221152
2016-08-29,0.22130999999999998
2016-08-30,0.22059299999999998
2016-08-31,0.21888400000000002
2016-09-01,0.218556
2016-09-04,0.21927199999999997
2016-09-05,0.220241
2016-09-06,0.219489
2016-09-07,0.219871
2016-09-08,0.217782
2016-09-11,0.21690399999999999
2016-09-12,0.21743099999999999
2016-09-13,0.21598499999999998
2016-09-14,0.215435
2016-09-15,0.21513800000000002
2016-09-18,0.216835
2016-09-19,0.21643099999999998
2016-09-20,0.21686999999999998
2016-09-21,0.21797199999999997
2016-09-22,0.217229
2016-09-25,0.216114
2016-09-26,0.215048
2016-09-27,0.215759
2016-09-28,0.21708400000000003
2016-09-29,0.21576399999999998
2016-10-02,0.21576599999999999
2016-10-03,0.21725
2016-10-04,0.21513200000000002
2016-10-05,0.21556999999999998
2016-10-06,0.216061
2016-10-09,0.21510100000000001
2016-10-10,0.217331
2016-10-11,0.216667
2016-10-12,0.21644899999999997
2016-10-13,0.215646
2016-10-16,0.216802
2016-10-17,0.215496
2016-10-18,0.21725100000000003
2016-10-19,0.218685
2016-10-20,0.21903899999999998
2016-10-23,0.219764
2016-10-24,0.220583
2016-10-25,0.22126700000000002
2016-10-26,0.22033000000000003
2016-10-27,0.218621
2016-10-31,0.216773
2016-11-01,0.217313
2016-11-02,0.21615700000000002
2016-11-03,0.215569
2016-11-04,0.21574699999999997
2016-11-07,0.21408899999999997
2016-11-08,0.21496300000000002
2016-11-09,0.217261
2016-11-10,0.215479
2016-11-11,0.21088
2016-11-14,0.20977300000000002
2016-11-15,0.215484
2016-11-16,0.215448
2016-11-17,0.214034
2016-11-18,0.214352
2016-11-21,0.21404600000000001
2016-11-22,0.21294699999999997
2016-11-23,0.212881
2016-11-24,0.21564499999999998
2016-11-25,0.213243
2016-11-28,0.21215799999999999
2016-11-29,0.211146
2016-11-30,0.21056999999999998
2016-12-01,0.211326
2016-12-02,0.210271
2016-12-05,0.212838
2016-12-06,0.209087
2016-12-07,0.21120799999999998
2016-12-08,0.21041700000000002
2016-12-09,0.212961
2016-12-12,0.214454
2016-12-13,0.21298699999999998
2016-12-14,0.212466
2016-12-15,0.21404299999999998
2016-12-16,0.21510500000000002
2016-12-19,0.21391300000000002
2016-12-20,0.214725
2016-12-21,0.21497
2016-12-22,0.214184
2016-12-23,0.21385500000000002
2016-12-26,0.21391
2016-12-27,0.21386599999999997
2016-12-28,0.21354099999999998
2016-12-29,0.21430300000000002
2016-12-30,0.210954
2017-01-02,0.211875
2017-01-03,0.213231
2017-01-04,0.21374200000000002
2017-01-05,0.211858
2017-01-06,0.21088600000000002
2017-01-09,0.212392
2017-01-10,0.211065
2017-01-11,0.211907
2017-01-12,0.211143
2017-01-13,0.21273899999999998
2017-01-16,0.21095300000000003
2017-01-17,0.211204
2017-01-18,0.20961
2017-01-19,0.210617
2017-01-20,0.21093
2017-01-23,0.210008
2017-01-24,0.20951399999999998
2017-01-25,0.210259
2017-01-26,0.21047800000000003
2017-01-27,0.21142199999999997
2017-01-30,0.21053899999999998
2017-01-31,0.21074
2017-02-01,0.209071
2017-02-02,0.20975500000000002
2017-02-03,0.21013600000000002
2017-02-06,0.209556
2017-02-07,0.210236
2017-02-08,0.21118499999999998
2017-02-09,0.210763
2017-02-10,0.21145100000000003
2017-02-13,0.21226199999999998
2017-02-14,0.21203899999999998
2017-02-15,0.21255300000000002
2017-02-16,0.21201799999999998
2017-02-17,0.21054
2017-02-20,0.21141999999999997
2017-02-21,0.21155
2017-02-22,0.212925
2017-02-23,0.21285900000000002
2017-02-24,0.21264499999999997
2017-02-27,0.213524
2017-02-28,0.21291300000000002
2017-03-01,0.21321700000000002
2017-03-02,0.213482
2017-03-03,0.214085
2017-03-06,0.21159099999999997
2017-03-07,0.21244000000000002
2017-03-08,0.21286100000000002
2017-03-09,0.21295999999999998
2017-03-10,0.211955
2017-03-13,0.21019000000000002
2017-03-14,0.211213
2017-03-15,0.21186999999999998
2017-03-16,0.20970100000000003
2017-03-17,0.209173
2017-03-20,0.209885
2017-03-21,0.210463
2017-03-22,0.209102
2017-03-23,0.209463
2017-03-24,0.20949099999999998
2017-03-26,0.20848200000000003
2017-03-27,0.208806
2017-03-28,0.209617
2017-03-29,0.21039000000000002
2017-03-30,0.211747
2017-04-02,0.211917
2017-04-03,0.211773
2017-04-04,0.211402
2017-04-05,0.21151
2017-04-06,0.21187199999999998
2017-04-09,0.213198
2017-04-10,0.21288400000000002
2017-04-11,0.21268099999999998
2017-04-12,0.211785
2017-04-13,0.213592
2017-04-16,0.213952
2017-04-17,0.21339
2017-04-18,0.211404
2017-04-19,0.212155
2017-04-20,0.212302
2017-04-23,0.209173
2017-04-24,0.209277
2017-04-25,0.20944400000000002
2017-04-26,0.21097399999999997
2017-04-27,0.21184099999999997
2017-04-30,0.211269
2017-05-01,0.21121700000000002
2017-05-02,0.211407
2017-05-03,0.212706
2017-05-04,0.210475
2017-05-07,0.21037600000000004
2017-05-08,0.211096
2017-05-09,0.21145
2017-05-10,0.211959
2017-05-11,0.211779
2017-05-14,0.21099299999999999
2017-05-15,0.210738
2017-05-16,0.20889699999999997
2017-05-17,0.20746399999999998
2017-05-18,0.20802199999999998
2017-05-21,0.20659
2017-05-22,0.206827
2017-05-23,0.20846199999999998
2017-05-24,0.207263
2017-05-25,0.20860599999999999
2017-05-28,0.209744
2017-05-29,0.210261
2017-05-30,0.209091
2017-05-31,0.207402
2017-06-01,0.20805
2017-06-04,0.207238
2017-06-05,0.208484
2017-06-06,0.207775
2017-06-07,0.208612
2017-06-08,0.20987600000000003
2017-06-11,0.209431
2017-06-12,0.20953899999999998
2017-06-13,0.209351
2017-06-14,0.209517
2017-06-15,0.210342
2017-06-18,0.20875100000000002
2017-06-19,0.20989499999999997
2017-06-20,0.20971900000000002
2017-06-21,0.20900500000000002
2017-06-22,0.20933400000000002
2017-06-25,0.208341
2017-06-26,0.20865
2017-06-27,0.205763
2017-06-28,0.204619
2017-06-29,0.20363499999999998
2017-07-02,0.204013
2017-07-03,0.204726
2017-07-04,0.204952
2017-07-05,0.205192
2017-07-06,0.203769
2017-07-09,0.204096
2017-07-11,0.20292000000000002
2017-07-12,0.20413499999999998
2017-07-13,0.204403
2017-07-16,0.203131
2017-07-17,0.203372
2017-07-18,0.202106
2017-07-19,0.202479
2017-07-20,0.200499
2017-07-23,0.19989300000000002
2017-07-24,0.20098
2017-07-25,0.20067100000000002
2017-07-26,0.199127
2017-07-27,0.200124
2017-07-30,0.198939
2017-07-31,0.197647
2017-08-01,0.197631
2017-08-02,0.196919
2017-08-03,0.196704
2017-08-06,0.198506
2017-08-07,0.198011
2017-08-08,0.198629
2017-08-09,0.198351
2017-08-10,0.19808800000000001
2017-08-13,0.197002
2017-08-14,0.197903
2017-08-15,0.19837
2017-08-16,0.19785899999999998
2017-08-17,0.198828
2017-08-20,0.198416
2017-08-21,0.197596
2017-08-22,0.19871
2017-08-23,0.197958
2017-08-24,0.198106
2017-08-27,0.195946
2017-08-28,0.195956
2017-08-29,0.19587100000000002
2017-08-30,0.196955
2017-08-31,0.19672
2017-09-03,0.197177
2017-09-04,0.197001
2017-09-05,0.19711800000000002
2017-09-06,0.197918
2017-09-07,0.197604
2017-09-10,0.198235
2017-09-11,0.199323
2017-09-12,0.198621
2017-09-13,0.200548
2017-09-14,0.199527
2017-09-17,0.200053
2017-09-18,0.199706
2017-09-19,0.19901
2017-09-20,0.201173
2017-09-21,0.199507
2017-09-24,0.19986199999999998
2017-09-25,0.200829
2017-09-26,0.201822
2017-09-27,0.201728
2017-09-28,0.20089200000000002
2017-10-01,0.200694
2017-10-02,0.201428
2017-10-03,0.201049
2017-10-04,0.201287
2017-10-05,0.201987
2017-10-08,0.20108900000000002
2017-10-09,0.20141199999999998
2017-10-10,0.200709
2017-10-11,0.200043
2017-10-12,0.200303
2017-10-15,0.200914
2017-10-16,0.201194
2017-10-17,0.201275
2017-10-18,0.200877
2017-10-19,0.199981
2017-10-22,0.201492
